origin,dest,passengers,fare,season
JFK,LAX,3512.9,515,jkklllhhkmm
LGA,ORD,3043.5,203,nnnpmidehkn
LAX,SFO,2863.1,152,jlkmkjhkkkm
EWR,MCO,2503.4,179,ijfjlnkloni
JFK,SFO,2338.5,479,kllmlkggjln
LGA,MCO,2178.4,167,jlgjkllmlmi
LGA,MIA,2168.5,235,hihijnmnnlj
MCO,PHL,2141.8,174,ikhjklklnmj
DEN,PHX,2133.6,171,hhimmlimpkk
ATL,LGA,2115.6,227,mklnlnfhijm
EWR,LAX,2088.4,391,lmkmmpfgkih
MCO,ORD,2008.3,189,kihljkinqki
HNL,OGG,2006.0,95,pnikilikijj
LAS,LAX,1950.8,124,mnmlkkjkjhh
LAX,ORD,1944.7,272,qolmllcdkjl
EWR,SFO,1888.4,543,lklmkkeflmo
MCO,SJU,1863.2,177,qkhklnkijij
ATL,FLL,1796.4,137,kgfiloimnnk
HNL,LAX,1795.6,313,soijimfgkkk
FLL,LGA,1756.6,185,gifilolnomi
DFW,LGA,1755.4,275,mjknmnffkkl
BOS,MCO,1747.0,203,gieijnkpmsi
BOS,ORD,1744.2,183,ppmqlhbchko
PHX,SEA,1734.0,199,jiijjmhmook
LAS,SFO,1697.3,166,jkklkljkill
EWR,FLL,1690.6,192,hidilpnoplf
ATL,EWR,1690.2,183,lkkllmgiklk
SAN,SFO,1673.7,155,nmkollfhiji
DEN,LAS,1669.3,172,jikmjkijmll
DFW,ORD,1667.6,217,mklmlkdhkmn
DTW,MCO,1641.1,199,hieijnjrrmf
LAX,SEA,1619.8,207,oojjjkeijmm
ORD,SFO,1619.2,316,rplmjicejko
JFK,MCO,1611.6,171,mmgiloijkni
BOS,DCA,1592.2,180,ikloljdglmo
BOS,SFO,1588.7,393,pnlnjjdfhln
ATL,MCO,1579.5,178,lhjmjkhmknk
ATL,DFW,1569.2,207,kjjnljflllj
ORD,PHX,1562.7,247,gfgkjlhnunk
BOS,LAX,1558.2,370,onjmklfhjkl
SEA,SFO,1536.4,211,oomlkjeiikl
LAS,SEA,1530.8,186,lljkjkhjjnn
EWR,ORD,1509.8,210,lllmmldfklo
LAS,ORD,1478.9,240,kkoniggjmll
DEN,ORD,1474.6,205,qqoohidgjhm
DFW,LAX,1471.3,242,rmkolkfhjhh
ATL,MIA,1425.7,174,kghklnillml
HNL,KOA,1423.6,97,pnjlilikjii
DEN,LAX,1418.8,182,lkjmjmhikjn
ATL,ORD,1418.2,209,qolnihehikl
LAX,MCO,1374.8,279,mjijlmjjlmk
DFW,MCO,1367.0,206,lgilkmikmll
HNL,LIH,1351.8,96,pnjkjkijiij
MSP,PHX,1351.3,242,gffkjmkqulh
ATL,LAX,1348.8,336,pkkmllfihjl
DEN,DFW,1346.2,185,mkkojlgklhk
DCA,MCO,1331.1,166,lkhkjnijmll
DEN,MSP,1321.6,173,urnnhjeghgk
DEN,MCO,1319.3,239,lghkjolnphi
SAN,SMF,1313.7,156,mmklkjgilll
JFK,LAS,1313.4,337,llmnjihgimm
DEN,SAN,1312.9,162,mkjmjkgkojk
DFW,LAS,1310.0,224,ljkokliklij
LAS,SAN,1306.8,120,npnmiihiihk
JFK,SJU,1306.8,231,rqghklikikh
HNL,ITO,1292.4,101,pliljliliki
ATL,BOS,1291.1,254,ollolkdfikn
DEN,SEA,1274.2,191,trnkhidfhim
EWR,MIA,1272.4,233,hhehjqloplj
BWI,MCO,1271.6,172,lkgkmnklklg
JFK,MIA,1267.1,209,kjgjnmklllk
EWR,PBI,1256.8,237,eecglsmpsmi
SAN,SEA,1253.4,211,ppiihkfiinm
IAH,LAX,1231.0,220,pkinlmgjjji
FLL,JFK,1229.1,194,jkeikqjmnli
SAN,SJC,1226.4,160,mnklklfjklk
IAH,ORD,1223.2,209,mkllikeimkn
ATL,PHL,1216.4,213,qnknkjdihkl
IAH,LGA,1212.2,257,nlknlmfgikk
ATL,DEN,1212.0,235,omklhmgliik
LAS,PHX,1197.3,172,gikmkklnmkj
LAX,PHX,1195.6,160,hikolkimlkl
MCO,MSP,1192.1,220,ifcihlmqylg
FLL,ORD,1181.6,188,ffdhkpnptlh
FLL,PHL,1166.7,151,gidgipmoqnj
ATL,LAS,1156.5,339,kimnjjikjll
DEN,LGA,1156.5,268,nnmmjkghjil
DEN,SFO,1143.7,238,mmllkkfjkjl
MIA,ORD,1143.4,226,ihfhjmlnslj
LGA,PBI,1120.3,258,efcglqnqpoj
ATL,DCA,1113.7,225,mkmnkkdikkn
PHX,SFO,1101.2,179,hghklminpmj
DTW,LGA,1100.7,184,mmknmnfhikj
BOS,FLL,1100.5,199,ggfjjojqppf
BOS,DEN,1100.3,254,sqmnhjdfhhl
PHX,SLC,1099.5,203,ihjmjijnnnj
LGA,TPA,1098.1,194,kkgklqjlkji
ATL,JFK,1083.5,171,llloopfghhi
ORD,SEA,1083.5,238,xvnlihabfhn
EWR,LAS,1083.5,336,jkiljghknon
ATL,IAH,1082.3,182,mijmkigmmmk
ATL,DTW,1082.2,185,solnhheiikk
ORD,TPA,1078.7,198,jheijoimqnk
PHX,SAN,1076.7,145,kkkmjihllkl
ATL,TPA,1074.8,189,mjlmkjgljnk
CLT,LGA,1068.9,190,nnmpmmdfhjj
ORD,RSW,1064.1,239,dc9ejpmuBof
IAH,MCO,1062.4,175,lggnllinmkj
AUS,DEN,1052.8,186,lkknkmgkmjj
LAS,MSP,1040.2,220,mhimiihkpmk
DFW,SFO,1038.4,262,kjjomlejkkn
PDX,PHX,1037.9,208,jhhllmhlplj
DFW,EWR,1037.9,258,jhkmlngjlkn
BOS,TPA,1037.8,217,jigjklhmnqj
DTW,FLL,1034.2,208,fgafjpltung
LAS,SMF,1034.0,160,poonjihhihi
LAX,SLC,1033.0,186,jjlnilnnjih
DFW,PHX,1030.5,246,hfimmkhnpkl
DFW,SEA,1030.2,247,tollildghin
DCA,ORD,1028.0,232,nmlpkhbfklq
ATL,BWI,1023.0,176,rnmpmibghil
DEN,SLC,1017.8,170,klnmjjjliik
PHL,TPA,1016.1,198,highjjhpwnj
ORD,PHL,1009.0,218,ponokgbdhkq
SEA,SNA,998.9,221,nnjjimhkikk
BOS,DFW,993.8,281,qmlrljdghik
EWR,TPA,987.1,205,llfklogjmlj
LAS,SJC,973.7,170,ppomkjgggij
DEN,IAH,973.6,219,nkikjohlkhk
DTW,TPA,963.8,197,hfdhhoktumf
SEA,SJC,950.4,211,polkjjfkijl
BOS,MIA,945.6,240,iifjjjkqooj
LAX,PDX,938.2,187,pmilkkegjmm
ORD,SAN,930.4,229,nmjljleinkk
JFK,PHX,925.5,326,ffglkoikool
DTW,LAS,922.7,281,jilpjihjlmj
MCO,RDU,921.8,151,hgiljljnnmm
BNA,MCO,921.2,198,ifjqkkjomji
BOS,PHL,918.5,185,lknpmhdgjkn
IAH,LAS,914.6,231,kjklkkhlmjk
CLE,MCO,907.2,155,jgehjljnrol
LAS,SNA,901.9,134,nnmkjjijkkh
LAS,PDX,896.0,182,mllljjhijll
BNA,LGA,894.6,206,jkknllegkmn
MSP,RSW,883.1,253,ca8fjnovDpe
DCA,MIA,879.9,225,lkhkmmijlkl
HNL,SFO,878.7,350,rlhjjoeiklj
LAS,OAK,873.4,163,nonkihgijkl
FLL,LAX,868.0,326,jhgjlpllnli
JFK,SEA,866.7,352,rsnmjjcdfim
EWR,IAH,858.7,279,llimmregmjh
SFO,SNA,858.1,207,omjllkghjkk
DEN,TPA,857.5,230,nigjinimpjl
MSP,ORD,857.1,214,popomjdefjk
AUS,LAX,857.0,268,mhholjeholm
JFK,SAN,853.4,334,lljllnfgkml
LAX,MIA,851.9,443,khdilpkjomk
DTW,PHX,848.4,276,jggljohmolk
EWR,PHX,843.0,325,hghmmphknll
AUS,LAS,838.1,216,okjnllhkkhj
IAD,LAX,828.8,353,nifjjnehlnr
PHX,SNA,828.6,194,ijlnjjinmii
LAX,MSP,828.0,261,vqjmilffihj
LAS,MCO,826.9,247,khhikkjlpkn
ATL,PHX,825.0,310,hfinkmglkpm
LAX,PHL,821.8,363,qoknkmcfijl
HNL,LAS,820.0,389,kjmnlkgikim
EWR,SJU,814.2,245,oofehnmmmlf
CLT,MCO,811.2,185,gghmkkjoooh
BUR,LAS,809.7,147,kolmjkijkkh
ATL,SFO,808.8,375,nkkmkkdijmn
DTW,RSW,806.8,254,bb8ejqnvEpd
OAK,SAN,806.2,161,nponjjcfgko
DFW,DTW,804.8,268,pnlolmdghjj
BOS,RSW,804.6,245,ecbfiojtwvh
DFW,FLL,804.5,184,ieejhoinsnm
LAX,SJC,804.4,175,monqmlfhifh
IND,MCO,803.6,195,idhrikjoqli
LAS,SLC,794.8,179,iknmijjlkkj
BOS,RDU,792.0,195,llmqlkbfjmm
BDL,MCO,790.6,173,ilchlkipnri
BOS,LGA,787.0,261,jjppkifihko
MCO,PIT,783.7,196,hhhlkjkpmmj
LAX,SMF,783.5,164,ijknljgjklo
MCO,MDW,783.2,185,ojimklhjoih
AUS,SFO,774.9,275,hijnllfjlmn
DFW,MSP,772.7,250,ollnkldhkjl
BOS,PHX,769.0,299,hfiojlglmpl
DFW,MIA,765.2,250,mkjlmnhilii
DEN,PHL,764.7,254,trnmijbfhil
BOS,SEA,763.7,323,vwpmghabeio
MIA,PHL,762.9,211,gjeinlkonoh
LGA,RDU,761.3,181,lmmnlnfggkk
EWR,SEA,758.6,298,ptnlilbchkn
CVG,MCO,757.6,171,kffkjkloonk
IAH,MIA,754.8,188,olhklmhkkhk
DTW,LAX,754.5,349,qojnineijih
PHL,SJU,747.4,199,ljccfllnsqn
ATL,MDW,746.8,176,ommnjkeihjn
HNL,SEA,746.4,358,moijjogkhmj
BWI,FLL,744.3,166,jkfllnknmmf
IAD,SFO,742.7,439,mkjmmlcgkmp
CLT,ORD,741.9,200,mmmokjdgimm
LAS,RNO,740.8,167,jlkmmjhkmli
DEN,SNA,738.9,216,onmnklfikhj
MDW,PHX,735.6,201,kihojkflqkk
DEN,IAD,734.6,295,pmljhleikkm
AUS,JFK,734.5,321,jikomlfiklo
SAN,SLC,734.1,186,jjilhkjnmlk
EWR,RSW,731.3,241,ffcimpjosni
DEN,PDX,728.7,181,urnnijcdhil
DFW,PHL,727.7,310,mjknolegkjl
BNA,BOS,725.0,207,pnmwkgadikm
DEN,EWR,724.0,298,oolmknfhkgj
SEA,SLC,720.3,208,oomkhjfjjkl
BOS,PBI,720.2,240,fdbhkolrqrj
CLT,EWR,719.9,191,kkjnmoehlmi
SEA,SMF,717.3,181,poljijfhikm
BNA,DEN,715.6,217,qmnpiieijil
BOS,LAS,714.2,336,hhkoihhimqm
AUS,ORD,713.1,223,mklokidglln
DEN,MIA,710.8,234,khfhjpnpphi
DEN,DTW,710.5,224,sqnmhkehigk
MCO,STL,710.3,222,lggjillnpjl
JFK,TPA,709.8,166,noihmnhhilj
AUS,EWR,706.7,279,ighmmrfgpni
MCO,PHX,703.0,301,jcfmjnlpokl
BOS,SAN,700.5,318,nnjnjkdgknl
CMH,MCO,693.4,193,ihjnkkjoojh
BUF,MCO,690.5,173,glfikmhmpok
DFW,SAN,687.0,249,pkilijeimkp
IAD,MCO,679.5,185,iigjklkkonm
MCO,PVD,678.7,184,jkfkmmimiol
DCA,LAX,675.5,373,jjijknhkmlm
PDX,SFO,674.5,196,onkmlieiikk
BOS,SJU,672.6,236,lkabenlsrqj
DTW,EWR,672.2,176,momnlmegkjh
AUS,MCO,672.0,214,jefnmnimnjm
MIA,SJU,668.1,206,ljghknkknlk
LAX,OGG,667.0,362,wrihikeeilk
PHL,SFO,666.3,360,onkmkmcfhlo
BNA,LAX,664.5,315,nkmrllceijn
BOS,DTW,662.7,231,pqormibdfjl
DFW,SLC,662.0,254,mjjkiohknjk
MSP,SEA,660.5,246,DAmkhiabcgk
ATL,AUS,659.7,250,jikpojdkkll
DAL,DEN,655.2,179,qlkmjmgjigj
BUR,OAK,654.4,175,jnmnlkgjiij
FLL,SJU,654.3,169,snfhmojhjhj
EWR,RDU,654.0,163,ilimmoeimmk
CLT,DFW,649.8,296,nijommejjll
MSP,SFO,648.2,286,vpmnikddgjk
BOS,EWR,643.4,195,iinpmkdhlko
MSP,TPA,642.3,227,kgchhmkpwnh
MCO,SEA,639.9,333,nmhhhmhmiol
ATL,SEA,639.1,346,tpmjhlcefkq
ATL,IAD,637.4,185,llkolldhhkr
AUS,PHX,635.8,234,hgjqmlhmmlj
DEN,STL,633.4,205,qoonjiegihj
IAH,SFO,633.4,354,jhhlmmgkmmm
DTW,IAH,633.3,210,nmimlkejmlj
BOS,IAH,632.6,294,qmjpkkdgjkl
MCO,MSY,632.3,168,lfhpkkkqhkj
DEN,MCI,631.5,194,onopjieihik
DCA,DFW,631.2,286,jhjnkkdinmp
MCO,SLC,630.0,322,iegjinlolom
DCA,FLL,627.1,172,iidjkqjknlm
BWI,TPA,624.7,205,mlgjjkejool
PDX,SAN,623.0,207,oniljlehllk
BOS,CLT,622.9,267,omnrlkaehll
LAS,SAT,619.6,222,mjmnlpgkigj
BUR,SFO,617.9,177,jkilkjhjoml
JFK,PBI,616.6,197,hifjmpknnmh
DFW,TPA,615.9,228,nihjjlglmkn
PHX,SMF,614.3,236,fgjonkgkplk
ONT,SEA,612.5,188,utljkmeffhi
LGA,STL,609.4,235,mmlnmnddjkm
BNA,ORD,608.9,199,qopskgbfhjk
DAL,LAS,607.3,223,mjiojliljhn
AUS,BOS,599.2,270,lllqkkdgkll
LAS,PHL,598.7,328,llmpihfhjnm
BNA,TPA,593.1,197,ljjmkkfkmll
BOS,MSP,591.8,326,usoqkka9eim
LAS,MDW,590.9,214,nkpmiighkjm
SFO,SLC,589.4,218,mkklgijomjk
MCO,SFO,587.4,342,phfhlqiklli
ATL,RDU,584.4,217,jklpkjfmkkl
CLT,PHL,583.7,210,lmlpnldgikl
OAK,SNA,581.2,202,ookmkkejjkj
DTW,MIA,581.0,223,fgcgjomtvlf
ATL,MSY,580.1,199,nlhpmkflhkj
FLL,IAH,579.8,173,khgmloilolg
EWR,SAN,575.9,349,lmkmjmehkll
CLT,DEN,575.8,220,qllnimejiil
ORD,SNA,574.0,320,omkmikgilil
DCA,LGA,569.1,202,iinnjifjkmp
BNA,PHX,568.7,276,gfjplkglolm
AUS,SAN,568.1,215,ljinllfkmkk
SJC,SNA,566.2,243,imnolkfkkjh
DCA,TPA,563.1,229,kjhjjnhkokl
ATL,MSP,560.1,312,sqookicffki
DEN,MDW,558.7,173,xqmmkleeggh
BWI,LAX,558.4,263,ssqrkjacgih
BNA,FLL,557.1,171,kgfploinnje
AUS,SEA,553.5,267,qnkljkdgjln
CLT,FLL,553.0,170,hhgmjmimpqg
MCI,MCO,550.3,241,lgikjkkqkjj
DAL,MCO,549.5,215,mefokoimkil
IAH,PHX,548.7,224,feholminpkn
OAK,SEA,546.9,182,ttoljkehegi
BNA,PHL,546.2,212,nnosmfaeiml
BOS,BWI,544.9,201,tplnkgadhmn
BNA,EWR,544.8,200,nlopkkbeilm
MCI,PHX,544.8,260,eehnmlhprkj
ORD,SJU,543.9,270,libcgnmnxll
PHL,PHX,542.7,354,geinlmglpol
ORD,RDU,542.2,206,onlrmjbdhln
HNL,SAN,541.4,326,onlkkmhhkij
ATL,CLE,538.9,187,rnknjjdihkn
LGA,MSY,538.1,233,iihmmmhlknk
ISP,MCO,537.0,158,lnijmmhjilj
MIA,SFO,535.4,366,lifhmnkmmll
DAL,PHX,534.1,227,jijpnlfmlij
LAX,MSY,530.4,281,mghqnmemjli
DAL,MDW,530.1,187,onnnjlcfikm
IAH,SEA,527.8,299,toklikdgijn
IAH,PHL,525.4,252,pkikklehlln
MIA,RDU,525.1,172,lkhlllikkll
PBI,PHL,524.8,256,fe9fjpmsupi
FLL,LAS,523.5,275,jhfjmmlmpji
CLE,TPA,521.9,142,kjgggkhnson
DCA,DEN,517.4,210,llkmjlhjljk
PHX,STL,516.1,247,fehnmnioqkk
BNA,LAS,515.6,289,ihlsjhglnkk
EWR,MSP,514.3,269,rtnnjnccfhk
DEN,IND,512.9,218,upooijcfihk
CLE,FLL,512.5,166,fgbfhlmsvnl
DEN,SAT,512.1,197,mjjnjphjmij
BNA,DFW,511.9,240,hjlqliekkml
BWI,MIA,511.2,187,nofhimklkkk
BUR,SEA,510.9,218,pplkjmegikj
LGA,MSP,510.5,377,opmnllddiim
LAS,MIA,508.8,341,nmjmllihhjk
DFW,SNA,507.8,379,mhinlmfinkm
MCO,MKE,506.5,220,igcihomqtji
LAS,STL,503.9,260,hhmojjkknjk
PDX,SNA,503.4,220,kmmnlngiiji
DEN,HOU,502.9,200,olkljohlkgh
SMF,SNA,502.6,239,jlnnlkfillj
ATL,DAL,501.0,233,omlokjdjijm
MSP,SAN,500.9,290,qmimijhjoih
LAS,TPA,500.9,273,ljkojijkjll
HPN,PBI,500.8,237,gggkklmnrmi
ATL,SJU,500.4,259,tgdghohjonl
CLT,IAH,500.3,217,kkjmllekmlk
JFK,SLC,499.8,419,kkijgnjqohi
JFK,ORD,499.8,175,lljopmggmfk
BNA,DCA,499.7,229,ljlpkjbhmmn
BWI,DEN,499.2,267,tponjjcehhl
PHX,SJC,498.2,235,ehkrolfjnkj
DFW,RDU,495.9,241,lkkplldjjkl
CMH,LGA,495.0,210,lnnpnodegik
BNA,MSP,491.8,213,tnnqkhbehll
OAK,PHX,491.6,190,jiimklhlnll
BUR,SMF,491.4,198,imoolkfijkk
JFK,LGA,491.3,609,lkjontefihk
MDW,TPA,491.1,189,okililgiokl
SJU,TPA,491.1,190,qjfgmojgmjk
BUR,PHX,490.4,196,hikokjglnmk
DTW,SFO,490.0,420,qnkmjmcghjn
LGB,SMF,489.5,168,iikmmmimjkj
ATL,SAN,488.4,339,nkmnlmgiiji
ORD,SLC,487.5,320,mmmmfjgmnhl
DEN,SMF,481.7,229,nnnnjkegijm
JFK,RDU,481.5,156,nojloodghjk
LAS,MCI,480.4,251,ihlpkkjlmji
AUS,BNA,478.5,200,miksmjcilkj
RDU,TPA,476.5,166,kigjkmgkmnm
CLT,MIA,475.2,220,igfknpjmmni
DCA,PBI,475.1,195,ggdglploqlk
ORD,PDX,472.0,252,wsnoij9cghm
PHL,RSW,472.0,248,ecbglolvylg
HOU,LAS,469.5,228,nklojkhkjhk
ATL,HOU,468.9,207,ollpmlchjij
MKE,PHX,467.1,239,ffflknhovli
BWI,LAS,466.4,289,jkotkgfgjkk
DEN,RDU,466.3,244,rnklhmdhkjl
LGA,MDW,464.6,181,oollkgeghlp
DFW,IAD,463.2,230,nlmpigcikko
DCA,DTW,462.9,224,jkknnjejkmm
LAX,TPA,461.8,335,jgehmqkmnmj
FLL,SFO,461.8,346,jddhnskmnnh
DAL,HOU,461.6,217,jloqijgojii
IAD,SEA,461.1,321,yuljfi9chkq
CLE,LAS,457.8,224,jjlmmhhjnlm
CLE,RSW,457.3,193,hebdhlkuAni
CLT,LAS,457.2,356,nhknjhgjmnl
EWR,SLC,456.4,347,ijjidkmqshk
DFW,ONT,452.7,230,lijmlnfilkl
LAS,LGB,448.6,135,kkkmlmijiin
DFW,IAH,448.3,229,hknohkgojkk
IAD,SAN,448.1,345,nlikjmejmlm
ANC,SEA,446.5,296,yvlhfhdfhhm
BUR,SJC,445.7,192,koopmjeiiij
DFW,PDX,445.4,244,qmknkldhhil
PDX,SMF,445.4,183,lnmnjlfiijk
AUS,MIA,445.0,207,iggjlnilnmm
ATL,STL,445.0,224,nllokidijlm
HOU,MDW,444.4,199,rnllijdeljn
DCA,MSP,443.9,276,lnlmjleglkn
MSY,ORD,443.5,213,hfgtkggoqoi
DEN,ONT,441.1,164,romnkifhhij
ONT,SMF,441.0,219,ijlmkkfkmml
MCO,RIC,440.8,149,ligjlnilnli
DEN,MSY,440.7,234,hefojoirmlj
LAX,SAT,440.2,228,tnlonqdefgi
PVU,SNA,439.8,97,nkhiggklmoo
PHL,RDU,438.3,206,lnnqljdhhjk
MIA,PHX,437.7,328,gdflknmkqml
PDX,SJC,436.7,200,konmknejgjj
ISP,PBI,432.5,211,iigijqmqjlg
MCO,SAN,432.1,268,lffgkmklnol
LAX,OAK,431.3,181,illnllgkjjj
BOI,SEA,431.2,169,mmlljnhiikk
LGA,PIT,430.4,177,lnnnllgghjl
BNA,MIA,430.1,224,hhlpjjhkmkn
HOU,MCO,429.6,217,pggolmgjljl
BOS,JFK,428.9,161,jkrsnldeifl
DEN,JFK,428.6,226,qrimkqdgjgi
FLL,RDU,427.5,154,jhehmpikook
PDX,SLC,427.3,201,oolnhjeiill
DCA,SFO,426.7,394,jjkkkmfjmml
CLT,LAX,423.7,360,oihnkoehjml
FLL,PIT,423.2,158,gedjmnnppnh
BNA,DTW,423.1,231,opoqljbfgjl
IND,LAS,421.5,254,jilsigginmm
ALB,MCO,421.4,199,ilfgjilrnoj
BOS,SLC,421.0,396,qnlmeifnnhi
BWI,ORD,421.0,190,pporkhdefil
FLL,IND,420.7,172,lfflhmnntjf
GEG,SEA,420.0,181,ijkklqkkkhi
CLE,LGA,418.5,190,pplnkjeefjp
BOS,PIT,417.5,194,nnnqlicehkm
ATL,IND,413.8,255,nkknjhjiiln
CVG,FLL,413.3,181,mhdihlijsom
ATL,PBI,412.4,268,nhgkkkgolmk
CLT,TPA,410.5,245,lkkoljgllmg
DTW,ORD,409.7,229,mosqkhehgjj
OGG,SEA,409.6,398,fkfjmpjqhrh
DCA,IAH,408.5,315,lhjnkldholo
CLT,PHX,408.4,347,fcipmmflppl
KOA,LAX,408.4,362,uphhjmgfjkj
BUF,JFK,407.4,141,osppmkadegn
DTW,SEA,406.7,320,wwnkhkacehn
BWI,IAH,405.5,170,nkjnmkfhkmk
EWR,JAX,404.8,215,kkgknogkkll
MCO,SAT,403.0,220,oggmmphmnig
JAX,JFK,402.3,191,ijkmmphhljj
CLT,DTW,401.8,239,polpkjdigjk
BNA,SEA,400.7,294,upnkjhadglq
MIA,MSP,400.0,259,efbgioqswlf
FLL,MSY,399.9,127,hffjmmkqooh
PHX,TPA,399.6,329,ecfllminqon
CLE,DEN,399.6,211,uqolhldeghl
BWI,MDW,399.6,183,srotliaefgj
IND,LGA,399.1,234,lklplldgiln
DCA,PHX,397.3,348,ffimkngkqmn
LAX,LIH,395.7,361,wrkjjjccimj
LGA,MCI,395.0,313,llmnmoddikn
IND,PHX,394.5,305,ffhpjkfmspk
IAD,LAS,394.3,360,qojkjkghjkk
BNA,JFK,394.1,174,lomqombehkj
OGG,SFO,390.9,385,smghkqehhni
BOS,JAX,390.7,211,kjiojleimol
PSP,SEA,390.7,242,88ahlmmwvxf
LAS,ONT,388.9,140,kopnkihlfgn
BNA,DAL,388.8,228,klmqmkchhkn
MSP,PDX,388.4,235,Cxonjj89dfj
DTW,PHL,388.1,246,pqnpnicffhk
HOU,PHX,387.2,204,ihipkmglmkl
PHL,SAN,387.0,344,nmjmkndhkkk
DEN,SJC,387.0,262,qqroljcffgj
DCA,STL,386.9,227,olkmjjcflmp
ABQ,PHX,385.8,202,jjmokjgljlk
CLE,PHX,385.6,244,ifgmjignsml
DEN,FLL,385.3,326,hfdhjtknxih
DCA,MSY,385.0,249,iignjlimnml
DAL,LAX,384.7,218,oigjhoflllo
DFW,IND,382.8,242,nmmplichjkj
ATL,SLC,382.7,453,lhlkhmgrlki
CVG,DEN,381.8,200,uopnhidfigk
LAX,RDU,380.3,337,pkhmlodhkkl
DTW,MSP,379.4,298,utnpkjcddhi
ATL,CMH,378.0,228,olkmihejkmn
ATL,MCI,377.8,282,njlokjdijnl
BDL,SJU,375.5,225,mnddgojlloo
FLL,MSP,374.8,261,bb9ehntxBle
IND,TPA,374.5,218,lgiphifjumj
CHS,EWR,373.5,181,hhgnqoeimnk
HPN,MCO,373.4,190,pqknilgijjh
IAH,TPA,372.3,207,tlikmnggjjg
DAL,MSY,371.9,181,jlmrmlejhjk
EWR,MSY,371.8,245,defnnngkmsn
BNA,CLT,371.7,224,kknpjicklml
BQN,MCO,370.4,155,olgkprgffio
BOI,PHX,369.6,196,hfhmmlinnll
OMA,PHX,369.6,253,hfhnlmioqji
CLE,ORD,369.5,222,lnonjjdhjkm
LAS,RDU,369.5,293,lkkmiijklkk
DFW,JFK,369.1,232,ttoqsva7abe
IAH,MSP,368.3,286,ljjljlgjnlm
PHL,SEA,368.2,321,vxnkghaafkq
ATL,SAT,367.8,268,pjjnkmejkjk
LAX,RNO,367.7,176,orlkilkkihe
BOS,MSY,367.5,239,iggvlkejlnl
BDL,TPA,367.2,184,klhkjminjmk
BWI,DFW,366.7,193,tmknmpddfjl
PIT,TPA,365.6,208,mlhljkfknnk
LGB,OAK,365.3,167,hmoqmmgjhih
ORD,PBI,364.9,292,fdagntkoulj
EWR,IND,362.3,203,kmjlnreeklj
HNL,PHX,362.1,398,niimilhhoip
CVG,LAS,361.1,234,lilmkhiknjk
IAD,TPA,360.8,224,okgikoijpii
OAK,PDX,360.2,174,qpmmkleggkj
DFW,MSY,359.7,188,igjpjhfqpmh
PHX,SAT,358.2,237,fehpnohlokk
MDW,RSW,358.0,233,hddkjllqwli
BNA,RDU,357.8,217,jklplibilnn
JFK,RSW,356.5,199,jkdijnjpmoh
BNA,MDW,355.0,185,rrqpkjadghj
RDU,SFO,354.8,358,nljllmdgjmm
HOU,LGA,354.7,225,mkhklofhnin
BUR,PDX,354.7,194,mokmlogkihh
BOS,CHS,354.5,213,lljolibekrp
IND,LAX,354.0,315,pljoiqdfijk
EWR,SNA,354.0,437,llkkknghklk
MSP,PHL,353.2,296,usmpjjbceim
PSP,SFO,353.1,212,bbfkmlkqurh
CVG,TPA,352.4,181,kgehilglrro
BWI,PHX,351.8,296,heinlohinnm
BOS,CLE,351.7,196,opqrlibdfil
BWI,CLT,350.4,184,rooskhbfhij
CHS,LGA,350.3,231,hhjnmneikoo
IAH,SLC,350.3,336,kiijgpjonjj
ATL,PIT,349.6,262,nllpljdhilm
SEA,TPA,347.3,327,qnighmeijno
CMH,FLL,346.6,173,mihiklkpujb
DEN,OKC,346.4,176,omnojkghhil
AUS,TPA,346.4,223,lihnnmfilll
CLT,MSP,345.7,268,snlolkbejik
AUS,MSY,345.1,171,iijqlkfmknk
AUS,FLL,344.5,155,fdcljrkntmi
IAD,ORD,343.2,241,ppnnki9chlr
DAL,STL,340.6,220,lmpplkdhijk
DAL,SAN,340.2,217,njinklejmlk
CVG,RSW,338.7,201,idcghnmsxmg
LAX,MCI,337.3,281,toonjjcghhl
BOS,IAD,336.8,203,nnooljcdjkn
HNL,SMF,336.4,332,nkkjjmikjjk
MCO,ORF,335.9,155,jkhjknilloj
MCO,MHT,335.4,192,iihnjjhnkql
DAL,DCA,335.1,202,qmjpkkcgjjm
DTW,SAN,335.1,376,sqllildhkii
CLT,JFK,334.2,198,ollqmncfgjl
CLE,EWR,334.1,206,ikjmnoeflln
AUS,PHL,332.2,288,nlmrpjbejjk
BWI,DAL,331.5,228,omkqloefihj
CLE,DFW,331.3,285,pmlnjkcgkjo
DCA,MDW,331.3,203,opkpkhadjmp
CVG,DFW,331.3,265,kjloijelmkk
LGB,SLC,331.2,199,hiknkmjokki
DAL,MCI,330.9,215,jlmokjejimm
IND,RSW,330.1,267,caakjmnvznf
MCI,ORD,330.1,248,mmopkidhhml
LAX,STL,329.3,280,lkhkmogikjm
KOA,OGG,328.7,93,qoiihljliij
MIA,SEA,328.5,314,nkfejqjkknm
ABQ,LAS,328.4,206,kkmnikeiokl
MSY,TPA,327.7,168,iggmlmhqnnh
LAX,MDW,327.7,231,uomojlddhhj
JAX,PHL,327.2,230,mlhnklfhlmk
DCA,SEA,326.8,355,nokjjkfijll
BWI,SJU,326.7,235,una9esmlonh
LGB,PHX,326.4,151,eejnlljpmmk
FLL,PHX,326.3,257,a8ciosspvjg
DEN,MKE,325.0,233,vvqoijbeefh
LAS,MSY,324.8,233,khkskgenkkl
HNL,SLC,324.7,420,igeiholmnpl
CLT,DCA,324.2,246,kimpjkekllm
IAD,PHX,324.1,329,gfhmmpfjqln
BUR,DEN,323.2,227,qonomkdfhhi
AUS,MSP,323.0,275,nlkokkeiklk
LAS,PIT,322.8,274,ijotjffhnlk
CMH,LAS,322.6,282,ihorjfgioll
AUS,SLC,322.5,291,niilhlhnnkj
KOA,SFO,322.4,402,pjeglthjinj
BWI,DTW,322.0,184,rtqqjhabfhn
DFW,SJU,321.9,277,rideirijokl
LGB,SJC,321.5,153,gkklkkfjlpn
DCA,LAS,321.4,320,jkkkjjhjmln
ATL,CVG,321.4,226,nmkojhejiln
BOS,RIC,321.3,192,mnmqnibeilm
DEN,OMA,320.5,172,nppphhfhgil
BNA,SAN,320.3,297,ljkqkjdimlm
HNL,PDX,319.3,377,knhjjnjkklk
JAX,ORD,318.6,257,kkimkkdhpmo
STL,TPA,318.3,244,mkijjlhkpkk
ORD,PIT,317.7,219,loopnhcfikn
HOU,LAX,317.4,198,pkioknfjihl
CMH,DEN,317.0,252,roqqhibfiik
CMH,ORD,316.5,231,kmopkhdhjlm
BWI,MSP,314.9,211,Bumqmh78cgm
DAL,LGA,314.2,235,iijjkphfknr
MDW,MSP,313.6,194,orrpkidegij
ATL,BDL,313.5,270,nljpkkbfinp
DAL,SAT,313.3,222,impqjkekhkj
JFK,PDX,312.9,347,qsnojkddfgl
SLC,SNA,311.8,311,fghmhmmqolh
IAH,SAN,311.7,328,nljljlfknjj
AZA,PVU,311.6,76,jigjmpfjqmk
ONT,PDX,310.9,184,tpjmnkfhhig
FLL,TPA,310.8,98,fhhklomqpna
LGA,RSW,310.4,255,eebgnrmpppj
PHX,RNO,310.0,227,lkjkijhlmml
MCO,MEM,309.8,197,nfjpjlinnhi
ANC,FAI,308.6,189,kmjijlhmoji
FAT,LAS,306.6,115,mlmlmmgiiik
MCO,SYR,306.1,192,hlemkmhnpnh
ELP,LAS,306.1,183,lllmkkgkjil
FLL,MDW,306.1,208,okhljljllhk
CLE,LAX,304.9,319,omjkjndfkln
CMH,TPA,304.7,228,ljhjjmflpmj
IAH,MSY,304.1,218,kkoskjemjjg
ONT,PHX,303.1,205,hlopkigllki
BWI,SAN,302.3,289,jjikjmeioon
LIH,OGG,301.9,94,qokjgjikijl
DAL,TPA,301.7,201,nhgnjkelmmn
ATL,RSW,301.0,263,kfflllipmnj
BWI,HOU,300.3,226,nmkmjlehnkj
BOS,CMH,300.2,270,onqrkibdhkm
BNA,SFO,300.2,354,kjmpjhchmnp
DEN,TUS,299.6,210,ghhmnngorjh
MCO,PDX,299.4,284,kkgilmjklnk
BOS,PDX,297.7,314,wxmmhjaafim
AUS,PDX,297.0,231,qmknjlcgjll
MSY,PHL,297.0,260,igfomignmpl
OAK,ONT,296.3,188,hmmonmfjkii
BWI,MSY,295.6,219,mkiommcjinj
DTW,RDU,294.7,213,ppkpokbehkk
EWR,LGA,294.3,419,jijmmtghmhj
BNA,BWI,294.2,245,mnqukhbeikl
AUS,DTW,293.8,303,sojokjbgjkl
CMH,RSW,293.8,239,gdbjlolsxjg
SFO,TPA,293.8,359,lgfilqilnmk
HOU,MSY,292.8,207,lmnrjlfjiii
BOS,STL,292.7,306,pnoqkiachlo
DEN,PIT,292.5,283,rqopkkcfgfj
CLT,SFO,292.1,423,pjknklbfkno
DCA,MCI,291.8,242,mklnjkbeknr
ONT,SFO,291.8,152,oopsokbdhhh
ATL,ORF,291.8,224,kklojidjjls
RNO,SAN,291.8,192,knkjhlinlki
BUF,TPA,291.7,212,kmgjjifoqpg
GEG,PHX,291.6,255,kiijilhppng
BOI,LAS,290.9,189,gilmlnjmkkj
LGA,RIC,290.8,216,kllpmlchiln
SEA,STL,290.3,263,ytojgiacfjo
CMH,PHX,290.2,317,geiolkgmslk
MIA,SLC,289.6,332,gcadgrtuskk
BNA,HOU,289.1,253,kjkpmkdjpjk
JFK,MSY,288.4,216,jjfroneljkj
DFW,JAX,288.3,286,mhhnmoeimkm
RDU,SEA,288.0,306,uslhhlbdglo
BOS,IND,287.9,318,rnmqkjadhlm
DCA,JAX,287.9,230,lkjnjmgjlkk
MCI,MDW,287.8,231,qqppjibegjl
FLL,RIC,286.9,143,kkdjmoglqmh
EWR,SAV,286.8,177,djhooodhnqj
MCO,SDF,286.8,224,kemsgiiollh
AUS,SJC,286.0,300,jjklkjdjnmp
BWI,SFO,285.7,354,mmjlhjehnqm
MSP,SLC,285.5,344,xpnmgieijfi
AUS,BWI,284.9,279,jiipmndhlnm
HNL,SJC,284.5,322,qkkilojkgii
LAS,MKE,284.2,280,jjntheginkk
EWR,SRQ,281.4,248,hieikoilqoj
AUS,MDW,281.0,206,qklpkkcfhko
PHX,RDU,280.9,309,fdgmlnekqpp
DFW,PIT,280.7,297,nklplmdgjjl
ATL,RIC,280.5,291,mllolkdijlk
EWR,PDX,280.5,312,rslmin9chlm
IAH,RDU,280.4,251,iikokkekmkm
DEN,RSW,280.2,329,ecagkujoAmi
BDL,FLL,279.7,192,lkchmnjopkg
BUF,LGA,279.4,169,npmmjkeegko
CMH,LAX,279.3,273,mlmojkdfjln
ATL,JAX,279.1,295,nkkniignkjl
MCI,TPA,278.8,239,mgejkmhlnmn
BOS,SAV,278.8,204,mljnjfbfmtn
ATL,BNA,278.5,252,lmoojiekikj
ATL,PDX,278.5,331,tnlnjlcdhkl
ABE,SFB,277.9,83,lkemnmhlmjk
ATL,BUF,277.8,200,rnlrhhbffjs
BUF,FLL,277.6,193,ikchpjlrnjh
AUS,RDU,276.9,249,mjionmcglmm
BOS,CVG,276.5,317,omnqliadimn
ORD,SAT,276.3,275,lllpjkeikll
DCA,RDU,276.2,209,iinpjhemmmk
GSO,LGA,276.1,211,jlkolndghnm
MSP,STL,275.6,261,oppokhdghlj
FLL,HPN,275.0,210,ijfjmplmjni
DFW,STL,274.6,247,kikoojdillm
AVL,FLL,274.4,81,qkfpkpfhjik
MCI,SEA,273.9,265,wtojgjacfip
MSY,SFO,273.5,325,fdinmkhnksk
FLL,SEA,273.5,318,kjgfjshnloj
MSP,RDU,272.7,251,zqjpki9celn
CVG,PHX,272.4,268,hdhljlhovmj
MCO,SMF,272.2,256,jddgjnlpnon
ONT,SJC,272.2,193,ilmnnkeikkk
CMH,DFW,272.0,309,kllnkkeikln
BOS,MDW,271.3,160,zqmpig9bhjl
DFW,MCI,270.8,244,jjnomkdjjmk
MIA,MSY,270.7,204,lifnojkojki
CHS,ORD,269.6,254,nkkmkhafnpp
LAX,PIT,268.1,275,onjnlmdehmm
BWI,SEA,267.1,299,uvqkhlbcdil
DCA,IND,267.1,227,ljlojidhllp
PVD,TPA,266.2,187,ppkopjchiig
BNA,MSY,265.9,237,iilwlicjkmi
DCA,PVD,265.3,208,monolibejlo
AUS,IAD,265.1,360,jjkoljcilnn
SAT,SEA,265.0,252,splkineehjm
EWR,PIT,264.8,174,knnoomffhik
SLC,SMF,264.4,252,lmlnjkfjill
BWI,RSW,264.3,276,ffdjlokqsmi
CHS,JFK,263.8,189,opjmlmadiol
RSW,STL,263.7,277,ifdikkmsvjh
BOI,SAN,263.4,181,nlillmejljl
DAL,ELP,263.3,214,kllnnocghjn
HNL,LGB,262.7,311,lmllklhhkjk
SAN,TPA,262.4,259,lggiklinnnl
PHX,PIT,262.1,293,gehpnmglnml
CVG,LGA,261.3,299,rsmpkmcbeik
MDW,MSY,261.2,201,oompigdhjkm
DFW,SMF,261.1,313,jjjljmeimno
LAS,OMA,261.0,247,hhmnkmjjnjk
BDL,ORD,260.8,269,pposkicdgil
IAH,SJU,260.8,287,wlghjofgmgk
BOI,PDX,260.7,202,jkkliniljkk
BNA,IAH,260.7,275,nllolhdjmjj
KOA,SEA,260.5,376,gjdhlqkqkqg
BOI,DEN,259.8,213,pmmlkkgihhl
DTW,MSY,259.4,228,mhgrliepnki
MCO,ROC,258.5,190,jnfifljnonk
SFB,TYS,258.4,68,lhhnmrhjkhk
MCO,MIA,258.0,167,lnlnlokjihf
MDW,SAN,257.3,202,omnmkkdflkj
PDX,SEA,257.0,198,qpomhhfhjik
GEG,LAS,256.6,200,jiimjjglrlj
DEN,OAK,256.5,237,ponnkkeihij
HNL,JFK,256.2,736,qshiioffikl
PIT,RSW,255.9,227,khdiklkqrkh
BOS,SRQ,255.6,232,776jnlmttym
DEN,ELP,255.1,149,kljnkojhjil
DFW,SAT,254.9,256,iilnijgolmk
CHS,PHL,254.4,253,nomslf9dkom
MSY,SEA,253.0,272,ojilijdhiqr
GSP,LGA,252.2,229,kmknmpcfhmm
IAH,PDX,251.6,265,onjojlegkll
LAS,OKC,250.9,245,likminhnlhl
CVG,EWR,250.3,256,ijhlmnfhmmp
FLL,STL,249.7,259,mgcimomnqgi
LAX,TUS,249.7,210,iijonlhmklk
BNA,SLC,249.4,360,linohlelnik
JFK,SAV,249.1,184,nqhkmkcfjpl
FLL,IAD,248.9,217,ie8ckpintor
DEN,HNL,248.0,494,lihkhqihpgp
CMH,EWR,247.6,246,ilnpnmdfjjm
HNL,OAK,246.8,312,lmllilgjjll
HOU,STL,245.8,253,lljmljdiokk
IAH,SNA,244.4,324,liikklhkoll
ALB,FLL,244.3,196,iicfillvrng
ABQ,DEN,244.1,205,knooiihiiil
CHS,DCA,244.0,228,lklpkkdhkll
LGA,MEM,243.8,272,mkjmlrehkil
ABQ,LAX,242.9,225,lklrildgjko
HVN,MCO,242.1,96,qrigjnihkkg
CVG,ORD,240.3,230,jnopkhdijkl
BDL,RSW,240.2,189,hh8elllvrpj
MDW,PHL,239.6,185,stqsph99cgl
MIA,SAN,239.4,353,igfmnllmnkj
JAX,LGA,239.2,269,lljljpegjmm
HNL,ORD,238.9,643,jfegkrlmvii
OGG,SAN,238.8,336,rnkkkifghll
MIA,STL,237.0,270,iigikllmqkk
EWR,MYR,236.7,154,ovlkihdjkne
DEN,GRR,236.0,235,ywroiiadbdj
GRR,MCO,234.7,214,bddknnkzome
SEA,TUS,234.3,233,gifjloinnoj
MCI,SAN,234.1,263,nkjlkkfkmjl
FLL,PVD,234.0,199,jjbhmikronj
LAS,MEM,233.1,213,nknqllfhjhi
BOI,SMF,233.0,178,nmlklogihjk
IND,MIA,232.6,281,cdbkkjvqplm
CLE,MIA,230.9,193,iifhmmlmskh
IND,SEA,230.8,275,xsnlhk9cfin
ORD,SMF,230.5,327,pnmojjbcjjq
DCA,SAN,230.2,289,lljjhkgjonl
BWI,PBI,230.0,284,ggeilniornj
DEN,JAX,229.9,319,ljiljpfiojm
CLT,SEA,229.8,362,zsnigiacejr
DEN,RNO,229.6,252,uspmghdhhij
MSY,PHX,229.3,297,ebiqljhnool
CLE,IAH,229.3,274,qliljldikkm
RDU,SJU,228.4,228,pibdkpjkslk
ACY,MCO,228.4,93,rzlljmnmdf2
BNA,JAX,228.0,248,mjkqlicilmm
BHM,MCO,227.9,258,hdhpmnjnljl
LGA,MYR,227.8,150,qzijhkajhpe
PHL,SLC,227.6,360,pmihdjgoojn
PVD,RSW,227.4,182,9b9homsstqf
BNA,MCI,227.1,265,lloqkjbjilk
AUS,STL,227.0,219,jiknmkdilmo
PHL,STL,225.6,281,mnmomjcdimn
CLT,SAN,225.2,356,lhjmkneimnl
FLL,MCI,225.1,232,ifehltooohg
MCO,PSE,225.0,162,ojjintieggo
IAD,SLC,224.9,336,okhjgkhlnkm
DEN,PNS,224.8,209,qkjlhibfqno
IND,SFO,224.7,324,olinkkcfhpp
SLC,TPA,224.0,341,iffffpkptll
ORD,SRQ,223.5,306,998bkrjsDtk
MKE,RSW,223.3,275,976hkopyFoe
FLL,TYS,223.3,109,nifoiqejojl
MCO,TTN,223.2,112,roabhkklkpp
JFK,MSP,223.1,247,yphonwb89hl
OAK,SLC,223.0,209,mljkfhjollj
FLL,MIA,222.6,448,eecikrosuig
BDL,PBI,222.4,205,ggdhnlktplk
PAE,PHX,222.2,209,mhbnnoinnmf
BOS,BUF,221.6,160,pqptjgabgho
BNA,SMF,221.6,270,okloklbgjmo
ORD,STL,220.9,255,klopjhfiiml
GEG,LAX,220.9,213,vsklijefijj
SJC,SLC,220.5,257,mlklijgljlk
CLT,SLC,219.8,341,pihjengoojl
BWI,JAX,219.5,263,ilinklehmnm
AUS,ELP,219.4,241,hklpmkeiklm
ATL,CLT,219.1,351,jlnoiigmjkk
IAD,MIA,218.8,203,jjgikppmmld
DFW,HNL,218.3,582,pjikinghofp
BOI,SNA,218.1,190,kjjmkmhkkll
AUS,MCI,217.8,228,iilqlldijnl
ATL,MKE,217.7,316,solmiidhgkm
SAN,STL,217.5,290,nlimkkfjkjn
CVG,DCA,217.4,200,mllojidhlln
DFW,RSW,217.3,320,kdcinpgnrmn
IAD,IAH,216.4,318,klknmmdflko
AUS,CLT,216.3,342,iekqnlcjmnl
RNO,SEA,215.9,210,rtnlgifhgik
SAN,SAT,215.0,276,nkjlkmdgnlm
AUS,IND,214.9,229,mjipmlchkmm
PIT,SFO,214.8,341,onjnkldfhlp
MCO,OMA,213.8,275,lcfkimnoqlj
DTW,JFK,213.6,215,mpnurjabdfr
DFW,MEM,213.5,260,jjopnjekikk
CVG,IAH,213.3,253,okjnmicillm
OGG,PDX,212.8,377,hjikomknlkh
DFW,SJC,212.2,318,ynjiijchjjl
JFK,PIT,212.1,145,hklpoodeimm
CVG,SEA,212.0,274,vsnjikacgkn
CLT,STL,211.8,239,mklnnldhill
DSM,PHX,211.5,250,eddmlllstkj
ORD,SAV,211.0,260,oolnidagqom
DTW,STL,210.5,248,qqopkgdggik
ISP,TPA,209.8,152,mlfgioipkrf
CMH,DCA,209.0,205,kkmmlidhmlp
MIA,TPA,208.9,302,hhilklkqlki
CVG,LAX,208.7,346,qjiklpehklk
RDU,SAN,208.3,274,mkilkldgjnr
EWR,SAT,208.3,318,hfgnpsegnml
IND,MSP,208.2,317,xnnplfbggil
BNA,PIT,207.5,217,mknrliaejnl
CLE,SFO,206.9,343,roloklcehjm
DCA,EWR,206.6,203,fgoqimffmno
AUS,SMF,206.3,234,kgimjmfkmnn
DCA,RSW,206.1,253,fcbemsmosok
CLT,MSY,205.0,256,ijhuljdmkni
DEN,MSN,204.4,223,ppnollddhhl
IAD,SJU,204.4,287,lh5entnppjk
DEN,DSM,204.3,189,nqrskidfffk
ORD,PSP,203.8,343,557jmplwHqf
DFW,RIC,203.6,331,khionnchllo
OKC,PHX,203.3,273,gfjnlmgmmmm
DCA,SLC,202.9,393,jjijflhlqmm
DCA,SJU,202.8,252,mljhjjilnjl
LGB,RNO,202.3,172,nnmljmhjhji
ILM,LGA,201.6,206,pqlnkmcdeko
AVL,SFB,201.1,55,mkfunqegiii
AUS,DCA,201.0,333,iijoklejnln
GEG,SAN,201.0,184,onjiilgjkkk
BNA,PDX,200.9,246,onnojkaeimo
ELP,LAX,200.9,234,kkjsmnegkil
BWI,CHS,200.9,222,nmjnliagkon
DEN,GEG,200.9,233,vqnlijeffhk
OGG,SMF,200.4,379,siilmjijikk
BDL,DEN,200.1,333,qqophkbehim
PIE,TYS,199.8,64,ohhmilchplp
DCA,SAT,199.7,251,mikljlehnmn
DCA,HOU,199.7,249,roiljmbeojl
PDX,PSP,199.7,243,878immmwCrf
DEN,TUL,199.1,208,ommpkkfjigi
ABQ,SEA,198.7,221,tpmoikbefjm
CMH,SEA,198.3,268,xuyjfg9begm
IAH,PIT,198.3,340,lkkoklgjkjk
HPN,RSW,198.3,214,oojmljcinng
AUS,DFW,198.2,270,hhnqmjgmjli
OGG,PHX,197.7,433,lgnoghhiqgo
ORD,RIC,197.4,256,nnnoliaeimp
HOU,MCI,197.2,246,lkjmjkdjmlm
AVL,PIE,196.9,65,slhtknceigl
LAX,SJU,196.7,365,nAmegihgmkh
DCA,JFK,196.2,159,hiqrpldgjil
SFO,STL,196.0,356,olnmoidgikm
DEN,MEM,195.9,213,mjmnkofjlgj
ATL,SNA,195.8,498,pkllklfijlk
BOI,LAX,195.7,217,nkknnofgiil
MKE,TPA,195.6,261,hieiilhlznh
FLL,SLC,195.1,387,hghjjooopjf
DFW,PBI,194.4,365,hcdinqjmqmn
FAT,SAN,194.4,154,ijhnkkgkmkn
MIA,PIT,194.3,233,igbchknurnn
MSP,MSY,194.2,277,pifqmgeimpj
LGA,ORF,193.1,196,ormoknceghl
ORD,TYS,193.0,226,oomnkiagjmn
BNA,SAT,192.4,267,lklplkdjlkj
ELP,SAT,191.9,236,lmlomldgjjn
DSM,LAS,190.8,174,jikoklhjnjj
ACY,FLL,190.3,84,lmbedflwure
DCA,MKE,189.3,229,pqlmkjadjmp
MSY,RDU,189.0,186,mihqkjcmmnl
ATL,SMF,188.7,418,okkmkmeijjn
DTW,SLC,188.7,421,rpnjfkflkgj
BUR,SLC,188.5,260,jmlninjlkig
AUS,DAL,188.2,219,gkqqhhfnjmj
BNA,CLE,188.2,221,pqopjgahjjk
LIH,SEA,188.0,379,gkgilnjrhrh
IND,SAN,187.9,281,lijpjlehmmn
MCO,OKC,187.8,286,nfflmngljlo
OAK,OGG,187.7,321,ijmllkhkjol
CMH,MSP,187.7,306,xpnqkgbdejl
DFW,MKE,187.6,293,pnpmiidghkn
MEM,ORD,187.5,241,nmoolhchjlm
LIH,SFO,187.3,367,rmghirgiimk
IND,PHL,187.0,343,ljmqlhdgimp
DTW,PBI,186.8,316,ddbehppxxmf
MSP,VPS,186.8,199,if7idcdtCwp
BOS,MCI,186.8,361,rporjh9bfkp
CMH,MIA,186.7,269,gecgjlmrsmo
FLL,SAN,186.4,283,eccfktnorrj
COS,PHX,186.0,220,iikmnlhkoij
MCI,SLC,185.5,332,nklojjejjkl
IAH,IND,185.3,306,llknlldhklm
CHS,DFW,185.1,286,mhinnkcgonn
BNA,RSW,185.0,274,fdenlmhosnk
BWI,SRQ,184.7,284,ghfiklgpvlj
DFW,SDF,184.4,287,nilomjcijml
MSP,SRQ,184.3,244,553fkptzIta
IAH,MAF,183.6,343,kkooihgnjkj
LAS,TUS,183.5,201,fjmnmjjnmjh
MSP,PSP,182.8,303,447hkmvFGn9
MCI,PHL,182.7,303,olrpkkcdgjn
DEN,LGB,182.5,181,lkilllefnmn
DTW,MCI,182.2,364,mmnskjcghkl
HOU,TPA,182.2,224,qihmjkhjmlj
DFW,ORF,182.1,266,sklnnlbeiim
LAS,OGG,182.0,389,okkmjlghlim
CLT,IND,181.9,322,kkmrkjdhjln
MCI,MIA,181.7,274,jfeehllqqmo
GRR,LAS,181.6,205,kimpjihllkj
PIT,SEA,181.5,272,xwqkgiabehp
ANC,BET,181.2,240,klllijgjmll
DFW,ELP,181.1,250,giippnhkilk
ANC,ENA,181.0,149,tmjhijijijl
GEG,PDX,180.8,196,mlmnkkhkiij
MCO,PWM,180.8,193,fgfjkklqoqi
ATL,SRQ,180.7,271,kghlklhnmnl
PBI,PVD,180.3,206,jieikjilrpl
BOS,MYR,180.1,143,uCjmf6afkwd
HOU,MAF,180.0,257,klmnjkflkji
CLE,SEA,179.6,273,xyqkfh9bfhn
LGA,SDF,179.3,298,ponoklacgmo
ELP,PHX,179.1,214,ilopmjgijkj
ATL,MEM,178.9,328,mmlmkkekjkk
ATL,HPN,178.8,298,pnkmkmehilj
KOA,LIH,178.8,107,pnkkhkjlihk
CLT,PBI,178.7,322,geemmnionnj
ORF,TPA,178.7,161,mjijjlijlmn
BOS,SAT,178.6,314,pklsjjdfjll
LAS,MFE,178.6,136,tkkjmkhgkil
IND,SRQ,178.0,176,hbcrjpgoxjg
GRR,SFB,177.6,106,kecjhsiptmg
DTW,IAD,177.5,223,nnlnmkcfhkp
MCI,MSP,177.5,342,nopoigeiimj
JFK,ROC,177.5,158,mqpqomfeddj
BWI,SLC,177.4,330,oolkemgnlgi
MDW,RDU,177.3,184,vrpnkl9beil
LGA,SAV,176.6,239,jkjkjmfikom
DTW,SJU,176.5,293,jgacgqnvvlf
LGA,OKC,176.3,322,lllnmrdfigm
FLL,SDF,176.1,152,ojjphmjlmkd
ATL,ONT,176.1,378,khhmloejimp
CVG,JFK,175.9,220,ijmpomeijjj
IAD,MSP,175.8,237,Drkojg9aejn
LAS,PAE,175.7,180,jhdfmkjpqqh
BHM,LGA,175.7,349,hkjnoqehill
ELP,HOU,175.4,235,lkjnkmdjnim
MDW,STL,175.4,214,nqsnljdegij
PIT,SRQ,175.3,172,nfckjlenxlk
CLE,CLT,175.0,266,oqormhafgjk
CVG,MIA,175.0,234,ifcgkpooxke
CHS,DEN,174.8,300,qlkmjjbhlmn
BDL,CLT,174.3,281,nlmqlmcehkn
DEN,PSP,174.1,278,8adlnmmrClf
EWR,STL,174.1,281,ilmnloegkkm
LAS,TUL,173.9,215,hiloknhjmjl
SBA,SFO,173.7,229,hkmpkhgkklm
ORF,SAN,173.5,296,pomjimfghjo
RIC,TPA,173.4,169,lhjkjlhlnnl
LGA,MKE,173.0,356,oqloljbdikn
JAX,LAS,173.0,325,kijqmkhkkjj
IAD,SAT,172.8,294,jghkmrdiomm
BOS,MKE,172.6,255,xzrtgd78cfr
CLT,MCI,172.5,270,milomlbhhnn
SLC,STL,172.4,341,oklkgkgknin
OGG,SJC,172.4,340,ujhkllgkflk
RDU,SLC,172.2,365,njkjhnflmkm
GSP,ORD,172.1,231,nmlpkkcfjlm
MKE,SEA,171.7,258,wxpjhk9aego
MSP,SAT,171.6,305,wkjlhkeijjl
ABQ,AUS,170.7,232,ljjsjmdjkjl
SDF,TPA,170.7,228,pjingigkmoj
PHL,SAV,170.5,244,pqmoigbehpn
CVG,VPS,170.3,98,Aulpcc59klt
JFK,STT,170.0,307,rh33dmprrup
FLL,ORF,169.8,144,ljdehpjosoh
GRR,PIE,169.7,102,hdbihqkqxlj
BNA,CHS,169.5,253,nkmrjfahmnn
DFW,OMA,169.4,274,lkkpljejjkm
DTW,SAT,169.2,325,kkinkmejlll
ABQ,DAL,169.2,225,mlnplmdhhhm
BWI,RDU,169.0,224,mloqkjcijkk
HOU,SAN,168.8,285,okhomlejkkj
DEN,TYS,168.5,218,omnqkmcdiho
ANC,PHX,168.4,352,qlgiilikljn
IAD,JAX,168.3,215,lhdhnldgvnp
DCA,PDX,168.0,358,onkjineilkj
BQN,JFK,167.9,222,steghlgljmh
ABQ,SAN,167.4,231,polniieilik
SAT,TPA,167.4,259,nihjklhjlmn
MSY,SAN,167.3,286,gdgnlkfnmso
CLT,SAT,167.2,286,mgiommehlml
BOI,GEG,167.1,188,klmmjlhkljj
DEN,OGG,167.0,555,kffjjmkmsho
BWI,STL,166.4,270,pnnnlkbfill
CVG,MSP,166.4,332,zrqnjeacfjj
LGA,SRQ,166.1,278,gfdfmpjoqqj
BDL,DFW,166.0,351,olorjkcdjjm
CLT,SJU,165.8,311,pgacfrhissm
MCI,PDX,165.7,227,ronojkbehim
LGA,OMA,165.4,315,nmlmjnbbkmr
BDL,DCA,165.1,244,nmmpjhehkjm
DEN,RIC,164.8,292,oklokncfkin
BZN,DEN,164.6,223,nmnlikhnlfh
BZN,SEA,164.1,179,qsmjfkfkigl
FLL,HVN,163.2,111,mmecjnilsrg
BWI,SAT,163.2,310,mkkmjpdflll
AUS,SNA,162.7,306,ijnmlkfjnkk
AZA,FAR,162.3,134,hbbijmnuxji
BDL,LAS,162.1,267,jikokihkkpj
AZA,FSD,162.0,108,fc9jioouukj
DTW,JAX,161.7,292,klhkkjelpnk
IND,JFK,161.4,212,ormqnocddfk
CHS,FLL,161.4,133,ihgllmknpjh
GRR,PGD,161.3,140,c98fiumwCoe
BUF,LAS,161.3,281,klmphfehmno
PHL,PIT,161.0,294,npqumicefhi
CID,DEN,160.7,182,rporlidehfk
BNA,MKE,160.5,231,noppjgcggko
DAL,OAK,160.4,231,rlkjnofhhjj
BWI,IND,160.3,245,nmlpljaejmo
OMA,ORD,160.0,231,lnppjhegikl
EWR,JFK,159.5,393,iikonucekkl
BNA,IAD,159.1,235,rojplg9gklm
LAS,SDF,159.1,277,gfrsgfgknmm
CVG,SRQ,159.0,128,ohdkjkflvjk
LAX,MEM,159.0,304,omkomkegkjl
LAX,LGA,158.9,273,hnhijpinhnj
ATL,OKC,158.8,317,mjmmmldijlm
DFW,TUS,158.2,284,fehnpnhmmkk
DCA,MEM,158.1,299,mimqmjcfmjn
BDL,LAX,158.0,313,noiljnfhhlm
CMH,PHL,157.9,338,mmopjgdhiln
HNL,ONT,157.8,322,nmkkklhjjjk
DFW,PNS,157.7,228,Grijee9dkjq
LAX,OKC,157.7,295,kjjompehkil
BDL,PHX,157.6,268,edfqknhllsm
AUS,CMH,157.5,254,iqkmjlcflmn
JAX,PHX,157.4,318,fchlnngmqmm
FAT,SEA,157.2,207,tpmlikdffjn
LGA,XNA,157.0,319,kjkplpcfjkn
DFW,TYS,156.6,319,mhkrnjcilkm
BNA,ECP,156.4,250,rorvfa8cjjr
CLE,MSP,156.1,351,ssqoihcegik
CLT,IAD,156.0,235,lklolkdijlm
BLI,LAS,155.9,75,omjkgodhmlm
RDU,STL,155.7,263,kklnllbgknn
ATL,CHS,155.4,286,jjmpkjgljjl
CLT,RSW,155.3,297,dbdmlqgosri
FLL,MCO,154.6,83,iifjktmrnia
OKC,SEA,154.6,253,xsmkhjbehgn
COS,LAS,154.5,216,jjkojmgklkl
SAT,SLC,154.1,340,kghjipilpnj
LGA,TYS,153.7,310,rtprjk9bgii
BUF,LAX,153.5,247,wxihimefegl
IAH,MCI,153.2,299,ijknkmgljll
LGB,OGG,152.5,352,pnkkkkiiikj
BOS,ORF,152.4,197,ywpofc99emo
AUS,LGA,152.4,244,kkkukndcmgn
CMH,SFO,152.2,342,onqnlfackko
FNT,PGD,151.7,123,ebbiitlvzje
BNA,ONT,151.5,290,lilmklbglop
CAE,LGA,151.5,243,ijkolodijnn
DAL,ORD,151.1,168,zvuxbeaddfg
OMA,SEA,151.0,239,yuokhh9ceip
ORD,TUS,150.6,321,hhglllfltlk
PIT,RDU,150.1,217,lmmpkjehjll
BDL,MSP,150.1,320,Etophg9addl
DFW,GRR,150.1,315,tmlmjkdhhim
ORD,XNA,149.9,242,mlnomichkll
LIH,OAK,149.9,307,qolkhiahlpk
ORD,ORF,149.8,245,solljjbeikp
BOS,HNL,149.7,622,ooijhohjhmj
DFW,RNO,149.7,334,rmjifjgklnk
DCA,OMA,149.6,273,mijnjlafmnq
MDW,MIA,149.6,191,hebbfonkEom
ORD,PNS,149.4,224,jjhjjjbjton
PHX,TUL,149.4,252,ffinlmhlpkm
MIA,PDX,149.4,295,edbcmuprpph
MSY,STL,149.3,268,igjqkiglmnl
IAH,JAX,149.2,293,khilmlfknml
DAL,SMF,149.2,264,mikmlodhhlp
DAL,FLL,149.2,203,pecmikgipls
MSP,SJU,149.1,341,a958cpEzKhc
IAH,OKC,148.8,271,ijlpjifohmm
BOS,SMF,148.3,283,vuopgiacfim
BUF,DEN,147.7,245,Aytrheabdch
MCO,TUL,147.7,248,lfgljihkmmt
OGG,SLC,147.0,493,eccljosqnmj
BOI,SFO,146.9,215,nmjnkjfgjln
DAL,LGB,146.7,223,qmkmmreffij
IAH,TUL,146.4,269,ijmokkflill
DCA,OKC,146.4,284,njllilbgmmq
ORD,SYR,146.3,235,npnrljbdhjn
SAT,SFO,145.6,295,pkknlocfjlj
LGA,SAT,145.6,265,omkmmvfcggk
FLL,ISP,145.3,194,mmcfjslkqhi
ONT,SLC,145.0,264,nklnjkjliii
GRR,MSP,144.4,282,Cqoniicedfj
ATL,OMA,144.1,316,mkkollfhkkl
CVG,PIE,144.1,84,ulikfhckrho
FNT,SFB,143.9,102,jfdjgmmrvlh
ANC,MSP,143.9,325,/Ohcaa5678e
ANC,LAS,143.7,329,mihmkkfllkp
MSP,PIT,143.6,318,tropiibdfhm
CLE,DCA,143.5,219,lmmnjicjkko
MEM,PHX,143.2,297,iejnlkrkmij
LAX,SAN,143.1,250,mlilgkflqnj
AUS,PIT,143.0,250,nkhojkdhjnq
BZN,ORD,142.9,245,yynf8ihkmaj
CLE,SJU,142.9,220,ylbcdpnjmkm
CMH,IAH,142.9,339,klknkjeimlm
EWR,SMF,142.8,349,qploor87clp
CLT,PIT,142.3,340,ilmrmjehilm
ANC,PDX,142.1,313,ztkigjbdiin
CMH,SAN,142.0,275,jhkljkeirln
DFW,SAV,141.9,280,ogimkjchnpo
IND,RDU,141.9,255,lmjqmjfhikm
IAH,RSW,141.7,240,mecjlpimrkk
JAX,ORF,141.6,173,rlkjjkgiijn
AUS,CVG,141.6,231,oljqoladkll
GSO,ORD,141.5,218,kjlpllbgjno
CHS,SEA,141.2,301,qnljhkbhjoo
BDL,MYR,141.2,119,vzojed8ejoj
BUR,DFW,141.2,338,hfjkkmfknop
CVG,PGD,141.0,89,qd9fglhqzgp
ATL,SDF,140.3,347,njopjhfkilj
JFK,SRQ,140.3,207,hgeghlksptg
BNA,SNA,140.3,309,lkppongghjh
BUF,CLT,140.2,245,qokAjiacfhm
CLE,PHL,140.1,306,qqqqjgcfgik
SFO,TUS,140.1,261,hgfnonjmmmi
RNO,SFO,140.0,253,ilijinmqjih
LAS,RIC,139.9,298,kgmokigjmml
DEN,SJU,139.8,372,ieadiupoujk
MDT,ORD,139.7,257,mllokichjmn
BOI,BUR,139.6,179,rmipmnfkggg
AVL,LGA,139.2,234,nqlpmnbdejm
BNA,RIC,139.1,234,mkmplkbhjkn
FLL,SYR,138.8,160,ccafihhsAtq
DEN,SDF,138.7,293,qlrphjaifll
HNL,MKK,138.6,111,lkjkkljkjjl
CVG,SFB,138.4,77,skhnjiderhp
CMH,JFK,138.4,212,lonomocfhik
BUF,ORD,138.3,229,rurqjgbeeel
PDX,RNO,138.2,211,pqmlhjfjhjk
DEN,PBI,138.1,310,ecacnwpsvkd
CHS,TPA,138.1,155,mkgjiienoqk
MYR,PHL,138.0,178,sxooge69erq
MCI,RDU,137.9,243,nllnmmbfimm
BUF,DFW,137.8,283,wrqrihabefn
IAD,SMF,137.6,327,pliljldgknn
LGA,SMF,137.5,283,jljklohgklj
DCA,IAD,137.4,580,jglnljbhooo
HOU,OKC,137.2,225,immqliflhlj
LAX,OMA,137.2,262,qigoqmdfjin
BHM,DFW,137.2,297,jjkookfkhnk
JAX,MSP,137.1,304,plhmiidjooj
FAT,PHX,137.0,248,gginmjhmpll
CVG,SLC,136.9,381,oillildjmlm
MSN,PHX,136.7,291,dbbmlmksymg
DEN,SBA,136.3,249,mnmojkeikhk
KOA,PDX,136.1,363,ihghmmnpmki
HPN,TPA,136.0,189,lmjlkmhjmji
BWI,MCI,135.8,275,nlpqjladilm
ACY,RSW,135.7,111,jmflpnnppm2
RDM,SFO,135.6,211,pqlljkekhhj
ATL,HNL,135.5,825,pgijirghhlq
ATL,SJC,135.1,462,lllolobghjo
MSY,SLC,135.0,339,edgniqirpmi
GEG,SMF,134.9,217,tpknjkehhki
DFW,VPS,134.8,268,Eskkca8ajjy
ORD,PWM,134.7,243,zBtsgb68cfo
CMH,MDW,134.6,205,psqpkhaegjk
BDL,RDU,134.6,156,mmkolkdgjlm
LIH,SAN,134.6,350,umihikgikll
FLL,HOU,134.5,214,rjhklmhjkgm
ABQ,DFW,134.4,255,nkkojkfjmjk
BZN,EWR,133.9,359,zIrd3gkol6c
DCA,HSV,133.8,305,kkmjhjekonn
ITO,OGG,133.7,120,poijjkimhji
CHS,MIA,133.6,226,khfmnljllmj
BOS,STT,133.6,342,9836boyDDAb
EWR,IAD,133.4,189,hfnompcckmq
SAT,STL,133.4,277,iilmjleknml
ANC,JNU,133.2,268,npkjfefnmnm
HOU,OAK,133.0,270,ligmkmgjoll
GRR,LGA,133.0,284,turrjj8adgm
CHS,DTW,133.0,265,sompjhbgikl
IAD,RSW,132.9,266,hgchhripwnh
BHM,TPA,132.8,243,iijmmlglmmj
ALB,ORD,132.7,255,trnrkhacghm
FLL,SAT,132.7,190,ojhjpqhipja
BWI,PVD,132.5,246,pstrjhabghl
DCA,PWM,132.4,235,qvqrjhccfhj
PIT,SAN,132.3,274,ooimjmehjkl
KOA,SMF,132.3,305,oijjkjjmjmj
BUF,PHX,132.0,284,khlqjkdljll
RDU,RSW,132.0,163,lieiqpglnli
BDL,MIA,131.9,229,fgfmnkjkhtn
MSP,SMF,131.8,373,vpooikbcgil
BLV,VPS,131.7,75,Dslief8dlgs
LGA,PWM,131.7,229,uytqfeabafq
DFW,GSP,131.7,363,lilqlicikln
IAH,ONT,131.6,213,jjiomndgihw
DAL,IND,131.5,201,plkqonbchjn
DAL,SLC,131.4,216,ofgjhojqkjn
CVG,PHL,131.4,374,lnlrjhcgkmn
ABQ,LGA,131.3,262,hhilmqghmnk
MYR,PIT,131.3,118,NMwob856aee
LIH,SLC,131.2,388,hfflihroomk
PDX,PHL,131.0,323,wwnkhkaadhq
CLE,JFK,131.0,187,lrlmhibdjlv
EWR,SDF,131.0,264,liiolndgkmn
COS,DFW,130.9,252,romqilbfhhl
ATL,GRR,130.8,325,tolojiefhjj
SAN,STS,130.8,188,ijjmjgcejux
BWI,MYR,130.5,197,tuomig8eikm
DTW,PDX,130.4,408,yvooik9begk
DTW,SNA,130.4,444,kulnkmdhhii
MCO,PNS,130.4,135,jiili8hqqxf
PHL,SAT,130.3,305,kikphkeflnr
PHL,SRQ,130.2,265,fb5gknjwBoh
EUG,LAS,130.2,163,hhiljlillon
LAS,SCK,130.2,70,ogjmnuhgggk
DEN,XNA,130.2,203,onotjjcfkfk
ICT,LAS,130.1,177,hhjpkmhklll
LAS,ORF,129.9,306,klmkjihijmn
EWR,MKE,129.8,280,qsooikdefhl
CVG,SFO,129.7,317,snoojkbefhn
MSP,SNA,129.6,453,mlnnijgjmij
MCI,RSW,129.5,303,hdcfmmmuvii
CLE,RDU,129.4,151,stnomh9cfjn
BWI,SAV,129.4,223,lmlojhbelpo
ROC,TPA,129.2,198,efcgkkkssqk
ALB,TPA,129.0,259,fgcijljprrk
PDX,TPA,129.0,285,pmhkjlghkml
ANC,LAX,128.9,323,Cwheekcgign
IAH,MEM,128.9,253,ijmomkekkkk
JFK,SAT,128.8,314,nkinnofghkl
PDX,TUS,128.8,227,fgfmmrinnlh
BHM,DEN,128.7,307,mllnjneilik
MDW,SAT,128.6,244,pppmjmacjil
DEN,ORF,128.6,305,vrokhlcehgm
LGA,PHX,128.5,249,ghlqhnegloo
LGA,MSN,128.5,351,hkjppnbgjlp
ATL,SYR,128.5,295,qrlrljaegim
HOU,LGB,128.4,213,qmjpnoggihe
HSV,MCO,128.4,201,oghjimhklko
BNA,PBI,128.3,276,hgilkhgkoor
MCI,SFO,127.8,336,mjiljheikqr
CAK,MCO,127.7,130,ggiklmlmmlm
JAX,MIA,127.6,325,mjjmkkkmjjh
IAH,STL,127.6,311,jkmomjfjjjm
HVN,RDU,127.3,75,oqljmqafhli
AUS,ONT,127.2,248,khilkkeionp
OKC,ORD,127.1,269,mkmoljegikn
MKE,MSP,127.1,317,qnpojkfggji
IND,ORD,127.0,210,onpnjidhikl
DEN,SAV,126.9,298,ollnkicfkmp
ABQ,SFO,126.7,290,jkmpjkdiiom
MSY,SAT,126.6,232,hhjpjlgmlmj
DFW,MDW,126.4,111,rkmpqgafigp
MSP,TUS,126.3,288,9b9cgqqADpa
IAH,SMF,125.8,348,qlklkhelkkl
ANC,DEN,125.7,391,LBlebg9bedq
FNT,PIE,125.5,95,lgdkildpwmk
KOA,SAN,125.5,347,qlkjkmhhkkj
BZN,LAX,125.4,274,spkgdoinlej
HVN,PBI,125.4,105,efabmsmrure
IAD,MSY,125.3,269,hfelkkelntq
AUS,JAX,125.2,248,jggpnmfimmm
JAX,STL,125.0,229,plknlncfkkk
AUS,SJU,124.9,284,qkfgiohhojo
ORD,SDF,124.9,238,klopiidkilm
MCI,MSY,124.9,254,gfhrkjhlmpm
BOI,SJC,124.8,187,nnlkknekhjj
PHX,SDF,124.8,311,edlmijgnnqo
ABQ,MCO,124.6,281,lggminglnjp
BNA,BUR,124.5,281,kjkmlleilnk
DCA,SDF,124.3,234,kilnkfclnnn
MIA,SAT,124.3,290,mhgmjlljjjo
MDW,PIT,124.2,184,mwvsjgabegj
ACY,PBI,124.1,99,krilrokmlk2
DAL,ONT,123.9,220,jjlkkpgjkkl
BNA,SRQ,123.9,218,ldcpjjekspo
LAX,RIC,123.8,306,qkillndeilo
SBA,SEA,123.8,224,pqnkimeihkj
AUS,BUR,123.8,248,jikolnehokj
MSY,PDX,123.6,244,ggfojjemptm
MCI,SAT,123.6,253,iikojldlmol
BOI,DFW,123.6,330,okjlkndhkjn
IAH,RIC,123.5,307,njimkkdhlnn
MCI,SMF,123.4,241,ollojmdghjn
MIA,TLH,123.4,298,gmjplhjoikh
BHM,ORD,123.3,281,klnolhcjkmk
GEG,SLC,123.3,300,rnlmjjfiihj
ISP,RSW,123.2,168,88bgemuvxvf
BOS,SDF,123.1,284,rnqskg8cfmm
ABQ,PDX,122.9,228,onnqjlceilk
BWI,MHT,122.8,225,pupqjjaefgl
DEN,LIT,122.8,213,omoojkehjik
ELP,MCO,122.6,271,qfjpjqgflik
DTW,MDW,122.6,204,mqsqjieghgi
IAD,LGA,122.5,206,jipohkgijkl
BNA,SJC,122.5,261,njnponcgekl
FLL,MEM,122.4,152,uhfgfjejoms
BZN,MSP,122.3,290,GBliejdifad
LAX,PBI,122.3,373,a98dqtrsrte
ATL,PVD,122.2,358,upmojiaefkn
HNL,IAH,122.0,672,tjjjjpeengm
JAX,PIT,121.9,167,qmhjknehjio
LAS,RSW,121.8,323,gehmkknpoli
FAI,SEA,121.6,295,oomghphomdg
ABE,PIE,121.2,95,pjflkqcjqjj
JAX,LAX,121.1,346,mkjllpfijhm
ALB,ATL,120.8,327,tnlpklbfggn
DCA,MSN,120.6,277,llkomjcglmn
GRR,PHX,120.4,310,fffjlolvokg
ABQ,HOU,120.4,271,mkkqimejnij
CLT,CVG,120.4,336,klnnjidjllm
EWR,PWM,120.4,189,ptmplldehdk
IND,SLC,120.1,364,okmpgkeikkm
PSP,SMF,120.0,214,9bgonllqsnj
MCO,STT,119.9,189,xpbdjjfjqlh
MCO,TYS,119.6,192,gcgkfgihuqv
BWI,MKE,119.6,249,tqnnll8bemn
EUG,LAX,119.5,198,mljoomfjglh
DEN,FSD,119.4,175,uqmqkjdeffj
ORD,PVD,119.2,270,ooouliacgin
CLT,CMH,119.0,353,kklqkieikmn
BHM,LAS,118.9,345,fiknjiimpko
BHM,DAL,118.9,248,iklpnibillm
ACY,TPA,118.9,98,nwlkjjgool2
ABQ,ORD,118.9,287,mmntihadmln
CHS,IAD,118.8,232,lkgjmicjpno
DAL,LBB,118.7,219,imoojkdmilk
DSM,ORD,118.6,222,mnoojkeihjk
BHM,DCA,118.6,308,jglonldinml
CMH,SRQ,118.5,244,ndaihgfqzon
PVD,RDU,118.5,140,pokmjmceiln
DFW,FAT,118.5,305,oikokmbeklq
BNA,SAV,118.5,234,ljmqjgailop
PHX,RSW,118.1,354,a9bfmsnuymg
BUF,RSW,118.0,243,cc9ejmktwum
IAD,IND,117.9,235,mmjnkmbhjmm
BDL,DTW,117.8,314,vwoojibdffi
OGG,ORD,117.7,745,ieceetpozhj
CLT,SMF,117.6,310,rjnnjmcfikm
RDM,SEA,117.3,169,prmkhkhihgl
CHS,MSP,117.2,278,kmknigagjup
AUS,OAK,117.2,224,hhjmlldjpnn
ANC,HNL,117.0,376,kgejkroongi
ASE,LAX,116.9,332,nkdbayvBs94
ANC,SCC,116.9,424,nmmlikjkjlh
DFW,OGG,116.8,648,sggiiohhngs
HOU,MEM,116.7,192,mnoqijbfnil
MCO,ORH,116.7,173,jiekkijjnsm
DTW,SAV,116.6,281,lllokhbgkpp
BNA,STL,116.5,250,jlqpjickill
DFW,DSM,116.3,331,jjkomjfjklm
AUS,RNO,116.3,251,qnjhgjflolj
MDT,SFB,116.2,80,qkgmlqdijhn
MKE,SAN,116.2,262,ljhnlmdhnml
BZN,SFO,116.2,280,wwnibhfmiej
MEM,MIA,116.0,275,kigpmkiinim
DFW,ECP,115.9,266,Iphked8cfhy
HNL,MSP,115.8,737,fecfhrsrzgf
BUF,EWR,115.6,192,pnltnjdcggp
SAT,SJU,115.5,262,wphiksfdhfj
EUG,SAN,115.3,186,lljlkkfhmnm
BDL,BNA,115.3,262,knotkhbehmo
DFW,PSP,115.2,358,b9cjmpkrwpi
DTW,MYR,115.0,190,GFmncb4ahik
DCA,SAV,114.9,229,jjklkjdkmnp
JFK,SNA,114.9,577,ijiikphgihz
DCA,PNS,114.9,310,kigljmcjopn
LAX,SNA,114.9,282,jihkjlhmqlk
DAL,SJC,114.7,256,Crnrhjacdfj
BNA,CMH,114.7,272,jlmpkgbjjon
IAH,TYS,114.6,283,nijnlmdjlkk
CLE,SAN,114.4,312,onmnhlfikkj
IAH,MKE,114.2,290,rnjmhjefjlo
MDW,SRQ,114.1,247,jgekhjdlAql
SAN,TUS,113.9,228,lklmkjglklj
AUS,HNL,113.9,429,ujfhhohfphp
BOI,ORD,113.8,280,qpnzghbdfhl
BGR,SFB,113.7,98,okbmgienqrj
GEG,SFO,113.5,207,nnijkkfillm
CLE,STL,113.4,231,nmookjdgikl
ORD,ROC,113.3,247,oqopnibegik
FLL,MKE,113.3,246,ddadnqrsxjf
FLL,MYR,113.3,116,jhghinjospd
CHS,PVD,113.1,137,pnjmkjbgjno
IND,PGD,113.0,112,safsirhiw9j
PBI,RDU,112.9,166,jicgjljnrpk
SNA,STS,112.9,205,kkjknqhiikj
HOU,HRL,112.8,170,loqpkjglggg
HNL,MCO,112.8,540,oghkhmhkmjp
AUS,LGB,112.7,238,rlkqomcghih
DEN,SYR,112.6,285,xtnmhibdggm
HVN,RSW,112.5,117,dd9dgvgrxxh
BOS,TYS,112.4,179,tontli7afmm
AUS,CLE,112.0,260,pnoqkmbfgik
CLT,MEM,111.8,317,iilrnidjklk
ATW,SFB,111.8,110,gbchjrrtrkf
DEN,FAR,111.6,189,wsmoikefegj
BOI,OAK,111.5,177,mnjmnoilegg
HNL,IAD,111.3,899,lidgesolsik
AVL,BOS,111.2,150,xxpshh6aejj
BWI,SDF,111.1,222,mlprkiaehno
CLT,JAX,111.1,337,iikokignlmk
BOS,ILM,111.0,178,xxrtab789jy
ABQ,SLC,111.0,289,kjlokifljmm
LAS,TYS,110.9,255,jhnpjgijoll
MDW,OAK,110.9,260,smjklkedjko
BDL,SFO,110.7,352,qrmmijeggjm
MIA,SDF,110.6,264,hhimjkoljmm
PHX,RIC,110.6,302,hfiollflmlp
HVN,TPA,110.6,96,gijhlpfmorh
CLT,PVD,110.5,297,pnmqnlacgio
PHX,TYS,110.5,221,lfjsjkfioll
IND,JAX,110.5,198,oedilqflmlo
ATW,AZA,110.4,130,habmjmlsylg
BWI,HNL,110.3,493,sqkjinffhjm
AUS,MKE,110.3,245,mlmommbhkjk
BWI,CMH,110.3,232,knoqljafjln
DAL,MAF,110.2,234,kmpojmfjhji
LIH,PHX,110.1,425,njnofjfgoho
CHS,LAX,110.1,339,olknllcfimn
LIH,SMF,109.9,322,rklmkigijjj
LAS,LGA,109.8,257,hlgogjgkfpv
MSP,SAV,109.8,283,kihliebipyo
LGA,TUL,109.7,313,ijionseejjo
BOI,MCO,109.6,272,ighhkkopmjn
BUR,STS,109.0,152,ngbkjiiiiqv
RNO,SLC,109.0,297,mnmlhjhkjkk
LAX,TUL,108.9,256,tpimkjefjim
LIT,ORD,108.9,229,nnmoljcgijn
BWI,PDX,108.8,290,urolgibbeiu
EWR,RIC,108.8,237,hllrmmeilij
HPN,ORD,108.6,346,onlqolacilm
CHO,LGA,108.6,261,ginpomdihnl
DFW,XNA,108.5,362,hinokhfnjnl
IND,MCI,108.4,252,lmoplidiilk
MEM,TPA,108.3,212,kfknmmelmlj
CHS,PIT,107.8,170,spkmkhceijp
BOS,BZN,107.5,331,BHjb7hfqo8d
PDX,STL,107.5,273,urqmiiabfiq
DAL,RDU,107.3,221,lkklonciilm
CLT,MDW,107.3,177,vpmojm9fghj
RDU,ROC,107.2,109,mmlnkmdekln
JFK,SMF,107.1,261,CAvtbba9a9r
MDW,OMA,107.1,208,qttrilbdegg
AVL,ORD,107.0,218,onlpli8dknp
LAX,ORF,107.0,342,vqhhhmeghkm
LAX,STS,107.0,178,qqpnmicegjj
EUG,PHX,106.9,234,kggmlkgpplj
LGA,SFO,106.7,286,kpjmmohgcjn
ATL,STT,106.7,423,qeadhpflprr
OMA,SAN,106.6,245,mjhmjldkmko
BQN,EWR,106.4,249,llgikliklnl
PBI,PIT,106.4,176,jjgikskmmii
MCO,MSN,106.3,227,ghejjjloykh
HRL,MSP,106.2,180,444lhrpDGw5
BWI,PWM,106.2,247,wEsnhg8bcfk
CMH,SLC,106.1,356,qmmlhkeilim
MCO,TPA,106.0,496,hfcgjmjrwoh
EUG,SFO,106.0,214,kkjlpjcgjpp
BNA,GRR,106.0,147,qqprjfcgghk
ABQ,OAK,105.9,250,onmojldhijk
BOI,SLC,105.8,334,kmpmjkikjii
DFW,GSO,105.8,337,iikpkjdhkqo
EWR,GSP,105.5,245,npmogncfhip
FLL,PNS,105.3,127,onjknqfkmja
DCA,SRQ,105.3,270,ffdijmhoupm
CHS,CVG,105.3,134,rmlpjj9dkmo
BNA,OMA,105.3,256,lmnpihbjkln
JAX,SJU,105.3,208,vk58gsi9gmL
ATL,LIT,105.2,299,lllokkekjkl
ANC,DFW,105.1,403,Hwlgeiacgdp
DTW,MEM,105.0,314,vrmnmibhfgi
IAD,PDX,104.9,357,tpnolj67knn
MIA,RIC,104.8,242,hgeglnqplkk
ABQ,ATL,104.7,380,ointilbhhml
EWR,GRR,104.7,241,tpmnjmdefhl
DEN,KOA,104.7,548,kffjkpjkugm
BDL,BWI,104.7,234,lpsqmjbdiil
GEG,SNA,104.5,232,qphfgiinkmk
EYW,PHL,104.0,360,dc9glmoswpj
ATW,PGD,104.0,128,fc8inpkrCnc
CLT,PDX,103.9,373,uommhlbeglm
JAX,SAN,103.9,341,okijjmgikjp
PIT,SLC,103.9,365,nkomfkgmmgm
ABE,PGD,103.7,90,sd9jinjoqli
CHS,PHX,103.7,309,icgllkfknto
EWR,MCI,103.6,349,pmqpmm9adlq
ALB,DEN,103.5,322,wrpphkbfddl
DEN,LIH,103.4,569,mgfminiiqio
JFK,SYR,103.3,157,kooqonefffj
HNL,PHL,103.2,522,orihiniigjm
SEA,STS,103.2,208,ppmljkcghll
BZN,LAS,103.1,174,lllnhoeflmj
MIA,ORF,103.0,255,hihknlmlkkl
CAE,DCA,103.0,238,ijlpkkeklmm
JAX,SEA,103.0,376,tpmkfkdgfkq
MDW,ORD,102.9,102,oopokhbfijn
CVG,JAX,102.7,167,nkkjhsfikjk
DFW,GEG,102.7,316,rmlmimdfjim
PGD,SBN,102.6,102,idahhrqrrli
CMH,RDU,102.5,186,ommpkhbhjkl
DCA,GSP,102.5,218,iikolidlmmn
KOA,PHX,102.5,404,mhjngmkioil
AZA,BIS,102.4,111,da8iinoxzqe
EWR,EYW,102.4,319,jgaejpkqrpk
SMF,STL,102.3,300,nknjkmdfjlp
CLE,SLC,102.2,352,rmomeidjkhl
HOU,IND,102.2,257,mjipjicfqlo
BNA,OKC,101.8,258,khkqlicljnn
ALB,RDU,101.6,147,npnqljdchjl
ANC,ORD,101.5,364,ULldbd67aap
LAS,LIT,101.5,275,ihlokmgklkm
IAH,XNA,101.4,259,glirmjfohmj
CMH,DAL,101.3,250,ikjpkobgkno
DSM,LGA,101.3,299,pplolpccgil
DAL,PIT,101.3,207,gkknlmfijlp
SYR,TPA,101.3,196,jhhijihqqoj
CHS,MSY,101.2,179,jfhmjjennpm
BUF,RDU,101.1,158,ssopmkbbcgn
RDU,SAT,101.1,280,jhjnkoehklq
SAT,SMF,100.9,285,nkllknghikk
BHM,PHX,100.7,289,geinmkjjpml
FLL,GRR,100.7,202,eb79gtsBwmh
CVG,SAN,100.7,310,rojmiiehkjn
PVD,SJU,100.5,222,nnfglmllmjh
CHS,LAS,100.5,337,iilnjiikknm
HOU,SJC,100.4,280,mjimjpdjlmm
BUR,RNO,100.4,181,swqsde9hjgi
ABQ,BWI,100.3,297,kkjqhobgmko
DEN,FAT,100.2,271,rmmnjlddijp
CLT,MKE,100.2,318,rmlnkkbehkn
IAD,SAV,100.1,211,rmfomlbgjmk
LAX,SDF,100.1,290,Eopoeiacdjk
BDL,CHS,100.0,150,kiiplkcikpn
JNU,SEA,99.9,276,zyngefcdghr
EWR,HNL,99.8,821,ejcdiArjqlg
SBN,SFB,99.6,81,ofcjijhtthm
BNA,ORF,99.3,257,mlnojiagjmq
LGA,ROC,99.2,221,loookldhiil
HOU,TUL,99.2,227,knnshiemjhi
IAD,PBI,99.1,213,335enyiyHvc
BHM,IAH,99.0,302,jjmomjgmijj
DFW,MSN,98.9,340,mkmmlldijlm
LIH,PDX,98.8,374,giggjomopmj
ALB,CLT,98.6,270,qomqjlbggjk
PGD,PSM,98.6,121,hiciimepqwg
IAH,ORF,98.5,300,okikjnfhkko
BNA,BZN,98.4,216,Crml8dmgidm
IND,PIE,98.4,98,uidqgrggtbj
MSY,PIT,98.3,246,hffrljelork
SRQ,STL,98.3,229,mdbjjkjprkp
BTV,ORD,98.2,242,qqnwhkadffl
FAT,PDX,98.0,198,wonllmcefgj
MSP,OMA,98.0,291,kkppkhfjilj
BNA,PNS,98.0,237,nnpwifbdhkn
JFK,ORF,97.9,186,otkmlldfhji
BOS,SNA,97.8,335,ssnjhidehlm
ELP,IAH,97.7,277,hjkmkmhlllk
HOU,SLC,97.5,296,nigjgminqmh
MCO,ONT,97.4,306,mfffjkmpnpk
ELP,SEA,97.3,270,pnlmhogggjm
DAL,ECP,97.2,238,Aqmgcd7alny
MDW,SJC,97.2,286,usqlki79hjp
CHS,MCO,97.0,168,khjkjjinjmn
ALB,BNA,97.0,215,opqtkl8cfhn
JFK,PSP,96.8,423,455bsuqwBx7
MDW,SFO,96.7,233,mnlkki8dnnt
ATL,SAV,96.6,284,jjmokkenkkj
ORF,PHX,96.5,307,lfhmlngjlnn
CAK,SRQ,96.3,106,leghhloqvke
DCA,PIT,96.3,217,lkmpjjejkmm
HOU,SMF,96.1,314,nkimlphjkhi
HPN,VRB,96.1,165,jlfllmklnmf
GRR,SRQ,96.0,160,abcefrgAEpf
MEM,PHL,96.0,306,mkkooichkko
CLT,SNA,95.9,410,nhikipfjmml
BZN,DFW,95.9,309,Atohckdfkdm
FWA,PGD,95.8,125,c9cmiplvyjh
SFO,SJU,95.8,415,klfchqkmpnj
MYR,PVD,95.5,132,opjmhi9ckot
LGA,LIT,95.4,294,mjjmmsdfijm
BNA,BUF,95.4,222,qopqjfbegjp
LEX,ORD,95.3,235,ilntlichjnj
BNA,SJU,95.3,285,nedkipkknjo
ORF,PVD,95.2,141,ttnmjlcdgfm
MKE,PHL,95.1,295,ssoqkhacein
HOU,RDU,95.1,241,migpmmbilnm
AVL,EWR,94.9,152,rkjklpcdimm
MCO,MYR,94.6,132,pqjmjdfmmki
LAX,MKE,94.6,304,Btimhidehgj
FSD,LAS,94.5,160,kegmkpliqjj
ANC,SLC,94.5,367,QEkgce9bcek
DAL,SNA,94.5,283,immjmlhjkjl
EWR,ORF,94.4,222,kpjonmefhhn
DEN,GSP,94.3,295,qonmkjdfihm
ADQ,ANC,94.2,217,nqmjkfehjln
ATL,XNA,94.0,364,jilqlifkiml
BWI,SMF,93.9,308,lkjjjpceknr
ATL,HVN,93.9,89,nnikkndgjnm
CVG,SAV,93.9,132,zonrge9diio
HPN,SJU,93.8,241,onjikjlijlj
ORD,RNO,93.8,341,pplmghgjkim
ORD,TUL,93.7,265,mnpnliegijn
PIT,STL,93.7,248,mmmpkhdfkml
IAH,PBI,93.6,301,c87gnvkrwlm
ATL,ROC,93.6,304,smkrkkbggjl
PGD,RFD,93.5,107,jieikolkqkj
DEN,ICT,93.5,211,mpqniifgijk
BWI,CVG,93.4,227,monnjjafimq
IAD,RDU,93.4,224,jjnomldklki
IAH,SDF,93.3,321,jjmoklfjjmk
CHS,IAH,93.2,334,kjhkkjelomn
AVL,DEN,93.1,215,yqnncc8hklp
ABE,MYR,92.9,72,ztjkgd7fjkq
AZA,GRR,92.9,126,oiirkqgingf
SLC,TUS,92.7,327,ggilklkrmlh
ATW,LAS,92.5,181,lflpjmljjjj
DEN,EUG,92.4,247,qoomlkaejim
ELP,SAN,92.4,245,qmkojkehlhk
ALB,LAS,92.3,321,ghjqljfjnpl
DTW,ORF,92.3,248,xsllijbehgm
BUF,DCA,92.1,210,qrpojhcfghm
ICT,ORD,92.0,211,qlnpnkefgij
PAE,SFO,91.9,220,ppommd9gmml
ORF,SEA,91.8,378,uupifkcefin
DTW,GSP,91.8,379,kkmqkldhjkn
CLE,IAD,91.7,231,llmolkcfljn
DEN,PWM,91.7,330,GDwufa678al
MSP,OGG,91.6,522,cd8ddjAAHfb
LAX,RDM,91.5,220,wskkikeggii
AZA,IDA,91.5,87,qliiouigjff
ICT,PHX,91.4,221,eeeplljormk
SJU,STT,91.4,132,sofimkjkjii
MCO,SNA,91.4,348,shigkinmjlh
BWI,GSP,91.3,211,kmmnllbhklm
DAL,OMA,91.3,197,jlllmngkjil
ABQ,MSP,91.3,284,vpoxfhadgfm
JFK,ONT,91.0,240,DDwtba8777v
EYW,ORD,90.9,325,7658jutxArk
IAH,JFK,90.7,247,98hmmohjokC
LAS,SJU,90.7,346,kkigkkjoojk
LIT,MCO,90.6,282,hfjliijmnnr
ILM,MCO,90.5,141,jkjnooiihii
BDL,IAD,90.5,236,kjpsojbghjl
CLE,SRQ,90.3,176,hg78dg9wPtn
BNA,DSM,90.3,137,xopqihbeehl
BNA,LGB,90.2,305,khimlmfjmmm
OAK,PSP,90.2,226,a9clihfmBzo
PGD,PIA,90.2,108,jcbkppupogd
DSM,MCO,90.2,278,fefhijmrxkk
MCO,MDT,90.1,193,mmhhgegAvja
PHX,SJU,90.1,375,lkefiolksil
LAX,RSW,90.1,377,fdcekyloomj
GSP,MCO,90.1,220,hhlmjkkmlll
LGA,ONT,90.0,245,jlhklmlhjoj
LAS,LIH,90.0,396,mhimkmhhpik
KOA,LAS,90.0,370,njlmjmhhogj
BOI,MSP,90.0,322,Crkmgjceggk
DCA,SMF,89.9,299,rnlkgkcejop
DFW,LBB,89.9,259,hmppkieljmh
DSM,SFB,89.9,105,qkekinkkofk
DEN,SRQ,89.8,323,898hlynqAof
PDX,RDU,89.7,322,trlnjlbdfjl
IND,PDX,89.7,302,Axmpgh9cejj
MCO,SJC,89.6,308,nffgjuglgqm
DCA,TYS,89.6,257,llnnlhdilmm
DTW,SMF,89.6,382,usoqii9dfhl
IND,SFB,89.6,88,zccugmbiubn
DAL,PHL,89.5,231,kmnpnp8bilo
BOS,GRR,89.5,208,wttrkk88cfk
DTW,MKE,89.4,322,morqjhdhfjk
MSY,SMF,89.3,292,kdlpjjenlom
BQN,FLL,89.3,161,pm1osrjjjgl
ATL,GSO,89.3,323,jkoskiekjli
SMF,TPA,89.3,308,okhkjngkllj
EWR,STT,89.2,347,ab6dptqttph
COS,DAL,89.2,215,rqnplmdgefi
BUF,BWI,89.2,232,mrvqjiacggn
TPA,TTN,89.0,125,vxcahccfrul
BUR,DAL,89.0,263,lgilpqfhkkm
LBE,MCO,88.9,95,sjccqomwxc0
AZA,PIA,88.9,114,ldfkmtggwkh
MHT,RSW,88.8,175,aa8enppxstf
BLV,PGD,88.8,97,sfaedsgoxfo
CMH,JAX,88.8,211,pkkmkicilkm
EWR,TYS,88.7,167,mlhnlwedhhm
OKC,SLC,88.5,323,ljmljmekjln
DTW,HNL,88.4,819,lheggthnskj
CMH,IAD,88.3,230,iknnlkejlkl
MSP,PWM,88.2,240,+Rxx654446a
LAS,XNA,88.2,222,lhjllnkhkjm
EWR,MSN,88.1,257,gpkqrvccffl
ATL,TUL,88.1,344,kkmolkejjkm
BTV,DCA,88.0,248,npoohhgjigk
LAS,MAF,88.0,306,ihmljpenlik
PWM,TPA,88.0,222,ojikiiinkmi
IAG,PGD,87.9,116,abbkmtmrunf
CLE,MDW,87.8,190,qysmhhacgik
IND,MSY,87.8,254,lfhrjhglmnm
BWI,CLE,87.8,222,mqqoihbcilp
BGR,PIE,87.7,88,tngjffbnorh
MRY,SAN,87.6,195,kmjlkhhklll
ELP,ORD,87.4,292,kkkjhkgjmno
CID,PHX,87.4,287,fefkjjlqqoj
MSP,SDF,87.3,338,ulqpigafhll
DFW,MFE,87.3,339,giknmkfllmk
GEG,ORD,87.3,255,usnoikbdfhm
LAS,PSC,87.3,172,jiklktgkkhj
MYR,ORD,87.2,203,MFhg7635irv
AUS,MEM,87.2,235,himqnjdjjmn
DEN,ECP,87.1,285,sjgigf9cvnw
ABQ,IAH,87.1,318,mljrjmeklgi
ATL,PWM,87.1,384,Gvwtfc899bl
MSY,ORF,87.0,239,ljhmknelkll
DFW,SYR,87.0,333,pmiolmaekko
AUS,ECP,87.0,223,Fqknif57jis
OKC,SAN,87.0,278,pmlnkjfhljj
AUS,CHS,87.0,292,lghmigbhqrr
DCA,DSM,86.9,299,nmkniibflnq
MDW,SMF,86.8,294,wxrogf9cegm
AVP,MCO,86.7,149,mmcklllmkkj
CMH,STL,86.6,248,kmopjheijml
BOS,MEM,86.5,351,qppuli8afkm
MDW,SEA,86.5,215,CAwfecableh
BOS,EYW,86.4,301,666gltuxwub
BWI,MEM,86.3,251,mkjmmmaflmq
RIC,SFO,86.3,339,snlnlladgjp
DFW,EGE,86.3,391,zrg97sotw58
PIE,USA,86.3,62,ofiljoglilm
DTW,RIC,86.1,287,oolmmjchiil
ATL,BZN,86.0,491,xlqfbofqhck
BDL,JAX,85.9,197,rogigieinqk
RSW,SDF,85.9,219,heekkkltqog
ATL,ELP,85.9,382,liikkpejlkn
FLL,ORH,85.9,180,jk7kglhnrtl
ATL,TUS,85.7,393,feflmphpoml
IAH,LBB,85.6,246,illrmiflhkj
JAX,MCI,85.6,271,oghsjmejjjn
MSP,RIC,85.5,301,Mtmlhfa9cgl
AZA,CID,85.4,114,fbblpumsxbd
CLT,DAL,85.3,221,lomillgjikj
IAH,OMA,85.3,309,killjkgknkl
CMH,HOU,85.1,283,kokmjldilll
HOU,ONT,85.0,253,kkjllldhnmn
PGD,TYS,85.0,60,lcgrkqhkrgj
GEG,MSP,85.0,307,Fwokfjbdfeh
JFK,PWM,84.9,160,BJytda676dk
OMA,SLC,84.8,333,lllninehklm
BOS,DAL,84.8,234,qlkqhf76srs
MCI,MKE,84.8,238,oorpkhbgdml
LEX,SFB,84.7,70,Bkkrgjgdgeo
MIA,PNS,84.7,284,hgioljlljkn
ATL,DSM,84.7,343,okkmkkfiglo
LGA,PNS,84.6,312,jhilludgjpm
CHA,ORD,84.6,244,kikqnjcgklo
BDL,SRQ,84.6,176,hgdfhhlsrtj
ABQ,BOS,84.5,319,ppqtfjacfko
CRP,DFW,84.3,294,likohkfkjnl
OMA,SFO,84.3,292,qmnljidfilo
PHL,SMF,84.2,329,qplnjkddhjn
MCO,XNA,84.2,266,peikiglnjjr
HVN,USA,84.2,84,gkihmmakmun
IAH,LIT,84.1,230,jmnrkjfkgjl
LAX,MFR,84.1,198,mnlmkigjill
SBP,SEA,84.1,226,pmljkldgipl
AUS,GRR,84.0,189,pnlokoablll
BOS,SYR,84.0,143,lkmrlkdhilk
IAH,SAV,83.9,285,lfhhmogkmnm
MIA,OMA,83.8,272,hfdfjsspsff
ECP,STL,83.8,247,yvom9868rnu
MSY,RIC,83.6,237,ngfnjkfnnol
LAS,SBA,83.6,215,imppjighkjm
JAX,MDW,83.5,220,qokmllcgjjk
ATL,MDT,83.3,382,jjmolkejkml
MSN,RSW,83.2,229,5558qtvAJm8
BNA,PVD,83.2,261,llpyjf8bhlr
BHM,MIA,83.2,290,kjhrokjjhik
IND,SJU,83.1,291,ledigomnslk
DFW,HOU,82.9,234,kmpoijgnjhh
HVN,MYR,82.8,85,tukiig7ejpn
FLL,STT,82.7,153,pmhpqlhjni7
FLL,PDX,82.7,287,nmijmkijilk
DFW,LIT,82.7,243,jimokjfmkmj
HOU,PIT,82.7,272,pnjnlmbhjkk
JAC,LAX,82.7,295,Bzpd5jlpj7e
DTW,SRQ,82.7,332,7777ansGHxc
AVL,PGD,82.7,56,qfiuotbdihk
ALB,DCA,82.6,245,nnlpihdgikp
PDX,SAT,82.5,296,ollnjnefill
ONT,ORD,82.4,324,tqpoif9ahkq
ORD,SJC,82.4,327,nopsqh8agkm
DFW,TUL,82.3,268,ljnokjfkjkj
ANC,SFO,82.2,335,WQq77b57a9s
PVD,SRQ,82.2,186,fedhgjmstui
JAX,SFO,82.1,385,pkmlhkeiklm
MDW,MEM,81.8,193,msonji9dhkq
DAL,MIA,81.8,235,ojfhjnigniq
PHX,PVU,81.8,96,lcalmignnso
AZA,RAP,81.8,88,nfglpuigpck
CLT,SDF,81.7,335,jinrlgdjjok
BUF,MIA,81.6,203,irgiohhmkmj
CVG,RDU,81.6,309,jklplgdjknm
GSP,TPA,81.6,197,mlkjigfpmoj
DSM,IAH,81.5,265,jjinkkgklkn
FLL,ROC,81.4,205,jjdfihjvupe
CAE,ORD,81.3,278,jhmpnldgjom
CLE,MSY,81.2,262,lhhpjjdkopl
CHS,SFO,81.2,374,nkllmicghqo
MCI,SNA,81.2,304,kjlkioilljj
CAK,CHS,81.2,110,rnfiggdinpq
ABQ,BNA,81.1,259,njmsljagkjo
GEG,OAK,81.0,181,uskjiiedikl
MSP,RNO,81.0,271,Cymhcddeijl
ORD,SGF,81.0,221,poookicegkm
ABQ,DCA,80.9,298,mlkjfmfllml
HNL,SAT,80.9,459,ujkggmgeljr
DSM,PIE,80.8,97,zpccgjgmpil
MCI,PNS,80.8,235,wsngba8cpmw
MIA,SMF,80.7,343,qfeglsmlklh
CHS,STL,80.6,251,slnkhfbejpr
MFR,SEA,80.4,166,qpomijehgjk
IND,SAT,80.3,284,lilomifkklk
LAS,ROC,80.1,288,kinpmifjkli
DAL,DFW,80.1,1018,hhknllflkmm
DAY,DCA,80.0,276,kkmkhgfkmon
ILG,MCO,80.0,100,mn9ejmjnvod
FLL,PBI,79.9,682,aa9fkvowvne
ONT,SAT,79.9,268,kggllohjmjo
MSO,SEA,79.9,193,pojllngighk
PNS,TPA,79.9,178,mmklkjhljkk
AMA,DAL,79.7,201,lpoolmdhgki
BHM,BWI,79.7,254,llklnmbgmml
BWI,ONT,79.6,291,ijhkipdenpr
BDL,SAN,79.6,360,orlnikdhhkk
CHS,CMH,79.5,175,smknigbfmmn
ANC,OME,79.5,297,kommiifhnkk
BTV,MCO,79.4,218,ihfllhirpog
PDX,STS,79.3,208,lmkkkkehjnn
EWR,JAC,79.3,561,rvh53opDu4d
RDM,SAN,79.3,230,prkkimfhjhi
BNA,ROC,79.3,134,nlnqjlbgilk
PIT,SAV,79.2,168,usmmjg7fjll
JAX,RDU,79.2,210,mklmjigkklm
PHL,SNA,79.1,369,onkhimhhkkn
LAX,XNA,79.0,343,ujjljjdfkkp
ECP,ORD,78.9,260,ggcf7b6hPDw
DEN,MSO,78.8,217,yrlmjjceffl
DSM,PGD,78.8,102,mdbciqtxuce
CVG,MSY,78.7,221,fcenklhpprl
BUR,MDW,78.7,274,kjikimglmmm
IAH,PNS,78.7,229,roklghfilkl
LAX,MRY,78.5,247,hmornifiikk
IAH,SAT,78.4,259,iiloilhnkkj
FAR,LAS,78.4,193,hfhmfmgmsql
CLT,SYR,78.1,307,pmnrlkadflo
PHX,RDM,78.1,298,iihjkmhnpkk
CMH,MSY,78.0,257,hhiskiemmpk
DFW,SRQ,78.0,276,phfjjoghmln
LCK,PGD,78.0,98,ndgmjogmwgh
DCA,GRR,78.0,277,nmlrkkcgiin
CLT,OMA,77.9,294,ojmpnlbdiko
GSP,PHL,77.9,327,jjlqmldfjmo
CLT,SRQ,77.8,313,jfelmmgmnpl
AVL,PBI,77.8,105,vnlsjkbfjfh
FWA,PIE,77.8,93,occqhmfnsim
GRR,LAX,77.7,324,zoilgoejfgi
PHL,SDF,77.7,395,njqqigbfknn
AZA,RFD,77.7,99,hjhoinilqhk
ATL,RNO,77.7,404,plkihmgmjkk
GEG,MCO,77.6,303,ihghillrlpk
BOS,ROC,77.5,263,mnnnkkcgjll
ATL,EYW,77.4,327,ngejjphjmom
LAS,LBB,77.4,269,ikmniqgljji
PSC,SEA,77.4,185,gijilxomjfg
FNT,SRQ,77.4,117,d25hjuiAJme
LGA,SAN,77.3,282,kmkkknggipk
HSV,ORD,77.2,215,ommnlkchhjn
OMA,TPA,77.2,286,nlkjglhmljk
BZN,PHX,77.0,232,ljlkhkjomji
AUS,IAH,77.0,257,hhoplmfnjlh
AUS,TYS,77.0,211,mkjymp9cihm
LAS,SYR,77.0,283,jkmniggionl
SMF,TUS,76.9,203,higonnhllkj
FSD,ORD,76.9,235,nmnmlheijkm
BUR,EUG,76.8,166,nlpjmlfhijk
MEM,MSP,76.8,344,qnlnlicfilm
AZA,SGF,76.7,95,xigsgtdcmdk
ATW,PIE,76.6,107,mdcdlyimpni
MKE,SLC,76.5,357,rommgiflkii
MCO,RNO,76.5,340,lggkhlklrnj
BWI,SJC,76.5,288,rqnlbf8bisx
LGA,SLC,76.5,270,lrmkbftrhfg
CLE,MCI,76.4,277,qnpphiagikn
BNA,SYR,76.4,163,qqltjiaaimm
AUS,TUL,76.4,226,ijnpmhckjmm
EUG,SEA,76.2,169,kmnkkihjilm
ANC,IAH,76.2,514,Hykddfcffhp
OMA,STL,76.2,261,knqpjhehhll
DEN,PVD,76.2,271,Cxrqhh9cadi
LAX,SYR,76.2,361,nsgjlmdgijo
OMA,PHL,76.1,253,vqqriiaafho
FLL,GSP,76.1,148,ne99kolstlm
DFW,MAF,76.1,284,jloniiejknk
GRR,RSW,76.1,290,999efrrExqc
MEM,RDU,76.0,230,klmomlbelkn
AZA,DSM,76.0,107,hecnplpovdg
EYW,PIE,75.9,48,pnimjhgjimm
PHL,TYS,75.9,325,kmnpmf9eios
MSN,SFO,75.9,355,npjnkleggkn
PHX,SBA,75.8,288,ikmsmhfkljj
BIL,SEA,75.7,222,qrnoikdfgik
DEN,HSV,75.7,330,nmkiikgklkn
ATL,DAB,75.7,275,njknkjglkjk
EWR,GSO,75.7,241,hkmpgidfiqu
LAS,MFR,75.7,133,pllpjmfgiil
OKC,SAT,75.6,252,kkonlkeiiml
CAK,JAX,75.6,76,cd8kjicpxvt
ILM,ORD,75.5,226,Etijcd8dlks
ELP,LGA,75.5,320,omkoktedhhl
DCA,EYW,75.5,303,dcafnnmpupl
EWR,ROC,75.5,183,hmmhmohiiln
LIT,PHX,75.4,275,iehnnmklmlk
CMH,SJU,75.4,288,jebeinlqumm
ABQ,BUR,75.3,227,mmqojlegiij
CLT,GRR,75.2,314,pkmpljcghko
AUS,RIC,75.1,306,jhjpmodhllm
DEN,SGF,75.1,257,tnmmiighhhl
DAL,JAX,75.1,226,kjhlklfkjmp
DCA,MHT,75.0,244,onkojjdgjmm
DCA,LIT,74.9,320,lhjkkkckomp
ABQ,IAD,74.9,317,rporkc79omn
IAD,TYS,74.9,192,mmflmncilmm
LAX,PVD,74.7,269,vzlkhkceehk
BOI,ONT,74.7,209,hhfhfikppns
OKC,TPA,74.7,279,mjilkmhjijo
CMH,MCI,74.6,288,llookjehill
MSP,PBI,74.6,329,ccabjvqyCi9
CID,PGD,74.5,106,kecdhppAvdg
LAX,MSN,74.5,311,orikkjdhjip
BHM,PHL,74.5,337,ljjsnkdghmn
IAH,MFE,74.4,249,ilqthlgjhhi
IAD,STT,74.4,403,mb26kxqpspn
EWR,MEM,74.3,285,nopqrk79anq
COS,ORD,74.2,256,prpmilbefip
HNL,MCI,74.1,470,olfhhjjlnhr
ATL,MSN,74.1,371,lllolkdgjln
BUF,MSP,74.0,249,RImkcd8bcbf
PGD,PIT,74.0,94,pecitqjjkik
ECP,IAH,73.9,254,Bqjlheadlhq
DFW,PVU,73.9,168,njhllpijikj
MSY,SJU,73.9,253,pgfikokjlim
MDW,PDX,73.9,218,Axvlde9bfhi
CHS,SAN,73.9,356,nhjljjdjlpn
AUS,DSM,73.8,161,lkkolifiinm
PHL,PNS,73.8,273,spjogg9aevs
CVG,PDX,73.8,263,xvuqef8adhn
AUS,BDL,73.7,314,mjlslldgjjm
ALB,MYR,73.6,131,xBkkff4eiml
VPS,XNA,73.6,95,Mxrnba89bds
DEN,DRO,73.6,223,klmpkmhiihj
LAS,SGF,73.4,195,oikpijiikim
KOA,SLC,73.4,439,kgdihponmoj
CLT,ROC,73.4,269,sootkhbefii
ATL,PNS,73.4,276,nmnnhieijlm
JAX,PVD,73.3,179,opjkijghkkm
ATL,MLB,73.3,285,kijllmgmklj
GSP,IAH,73.3,344,kkjmijehloq
BNA,HNL,73.2,537,pggnfoggmit
DEN,RDM,73.2,233,trolhkcfhhm
ABQ,MCI,73.2,250,llotihdikil
CID,LAS,73.2,183,jhksihjjqji
CLT,PWM,73.1,289,Cusref7aeen
GRR,TPA,73.1,257,egdhfkiuxve
DEN,SBP,73.1,257,mjimklghjko
CLT,ONT,73.0,321,nikolpbgjmm
PIT,SFB,73.0,79,shacipckqpr
BTV,DEN,72.9,332,zussie9bcdm
JAC,SFO,72.8,333,IBp94hirh6g
ALB,PHX,72.8,345,njmpikdkilk
BZN,SAN,72.8,222,roihcihmpjk
MIA,MKE,72.8,273,bhefimsyuge
JAX,SLC,72.7,377,jgijhojopjl
IAH,ICT,72.7,260,lklplkgkgkk
DAL,HRL,72.7,207,klnolkeiijm
DSM,LAX,72.7,263,iidlmmhkmmp
FLL,LEX,72.6,135,tggkjmikill
RSW,SFO,72.6,425,gddfjymqnlh
ITO,LIH,72.6,128,opiljjhmhil
SBA,SMF,72.6,208,jlmpniejjkk
SFO,SJC,72.6,477,jjlmkifmljl
HNL,TPA,72.6,540,qhgiiniiljp
RSW,SEA,72.5,347,ligchqinmql
BOS,SJC,72.5,285,qtllgfcmgho
BUF,SFO,72.5,305,zwnnffadeho
SAT,SNA,72.4,302,kglmknhimkl
HNL,STL,72.4,495,qhjihlkikjp
CMH,SAT,72.3,288,kmlqimdjkkk
PIE,SYR,72.3,106,rpekklcpqhc
JAC,ORD,72.3,341,EBwf5fhkj5g
DCA,HNL,72.2,624,onhhelkjlnl
SFB,USA,72.1,50,mhjoktaakmq
DAY,ORD,72.0,219,ikopnkfihjk
BDL,MDW,72.0,232,uusrlj67ehk
MSN,TPA,71.8,206,ihdiinkqomk
AZA,BIL,71.7,84,ldfjmtklmij
BDL,ORF,71.7,139,utkkihcehjp
PIE,SGF,71.7,80,Fqijjnbcgdn
ATL,COS,71.7,339,onkmlkbhgko
PIE,PIT,71.6,86,Grcfkpdeffk
ALB,SRQ,71.6,174,cb8kkmjvrtl
DCA,TUL,71.5,309,lgkkjkbimpr
ALB,PGD,71.4,109,dcchiumvltf
CVG,IAD,71.3,224,llkoolbekmm
CAK,RSW,71.3,149,if9ilmlorpk
BOS,DSM,71.3,205,stqsjk779lp
FWA,SFB,71.2,95,negwioknkdh
BIL,DEN,71.0,234,lnmlkkigijl
CID,DFW,71.0,367,jikokldilmp
ATL,JAN,70.8,318,nknpkkflhji
MCO,TUS,70.8,320,iejljmjonkk
GRR,IAH,70.8,288,qljmilfijkl
COS,SAN,70.6,217,jigplmdhlmq
MCI,VPS,70.5,195,Hvgga85ajoB
HNL,RDU,70.5,529,qliihphfkko
SEA,SJU,70.4,415,mkideoimjnr
BNA,VPS,70.4,242,nmsDea7chop
BHM,CLT,70.3,390,himskhejlnk
BNA,MYR,70.3,226,tnmrge7dknp
ELM,SFB,70.3,90,qidkenbspof
FAT,SLC,70.2,279,mjjnklejiom
IAD,MCI,70.2,304,ljkoklcghmq
BUF,SJU,70.2,231,khdfghlkosv
BOS,MSN,70.1,293,nsmrmibdfjl
DCA,SNA,70.1,387,kmlkikejlnm
IAD,PWM,70.1,247,Dzqrif678dq
BOS,HOU,70.1,231,omjvildcijn
HSV,IAH,70.0,265,njjmllekkkk
MCI,OAK,70.0,288,oppropbcegh
LAS,STS,70.0,190,qmihffceivx
LEX,PIE,69.9,69,Ekioimbdffn
BOS,OMA,69.9,308,tqpuih9aekm
ORF,SJU,69.7,261,jeedgnljmvt
MDT,PIE,69.7,89,phekjpljhkm
MRY,PHX,69.6,281,nkhlkjglnll
ATW,DEN,69.6,213,Crqpehbdbeo
AUS,HRL,69.5,158,klnpkifjhkm
BOS,RNO,69.5,389,rsolegdlkgi
PDX,SBA,69.5,218,onknlkegikl
EYW,TPA,69.4,97,kifgjokioon
ATL,BOI,69.3,413,okkmknchjjn
PHX,SAV,69.3,340,peknjidiool
CLT,HNL,69.3,526,pjihhnghior
BIL,LAS,69.2,155,ihgpiwhilji
BHM,HOU,69.2,250,kjmnmkcknlj
MSY,OAK,69.1,245,lhlpkickkpk
BHM,DTW,69.1,354,sqlqiibghik
SJU,STX,69.1,97,vq69nnjmllj
FAT,ORD,69.1,288,uqpnfjbceiq
RDU,SMF,69.1,327,plhnmodghjn
DFW,HSV,69.0,454,kiklkkfmnmj
DEN,ROC,68.9,267,tqplhkfdfhn
CHA,DFW,68.9,356,jhkqljejjmn
FLL,OMA,68.8,262,edbdfmoquor
BNA,HVN,68.7,92,sqkmkg4empo
AUS,OKC,68.7,255,ijpplibkipm
DAL,MKE,68.7,253,roromkbdfgm
ORD,TVC,68.6,215,DApngfbdbdi
BNA,TUL,68.6,243,kjoqkickkml
HOU,MSP,68.6,183,Gwkniiabjfd
DAL,SDF,68.5,211,ljjnmiehjnq
DSM,FLL,68.4,178,hb7kkmptslk
ALB,BWI,68.4,246,nqpqkjbfhfo
GRR,SEA,68.4,330,CCrkdhaabfk
PHX,XNA,68.4,341,gfinlkhnokm
JFK,RNO,68.4,331,CEcaamcqw8b
ABQ,SAT,68.4,263,nmkqhjeiljl
BLV,PIE,68.4,76,ukglipiikbm
MEM,SEA,68.4,356,uqmphiabfhr
DCA,VPS,68.3,283,mlhjlmcfooo
ILM,TPA,68.2,130,hgfhjlhmorp
FLL,USA,68.0,55,rhcfmscaopt
ROC,USA,68.0,70,bdikmscioqt
RSW,SLC,67.9,378,fcacfrmuxtg
BTV,TPA,67.8,201,kigkilkqong
ORF,SAT,67.8,292,ojlkkodejlo
BOS,VPS,67.7,218,ffaaab8crYH
GUM,SPN,67.7,222,onhhjojjlhl
DCA,SYR,67.6,247,hlookjeilnk
DEN,MAF,67.6,308,lmlnjmfijil
PHL,PWM,67.5,324,wyqqie9cdgk
BTR,DFW,67.5,344,ghmqligmjll
ATL,OAK,67.5,246,rmjoknffejm
KOA,SJC,67.4,311,pkijlq9jloi
LEX,PGD,67.4,82,mcfoixiknhh
RIC,RSW,67.4,206,iffjklknsmj
MEM,SAN,67.3,320,oiknkjegmko
CMH,PDX,67.2,317,uqrohibcghn
CLE,SAT,67.1,292,mjkokmehlkl
LGA,SJC,67.1,266,uxqljkb9bhm
ANC,OTZ,67.1,291,lmjjkkhgonj
CLE,PDX,67.1,323,vunnikacfhl
DCA,TUS,67.1,371,hhkkimgnonl
LAS,PNS,67.1,333,iiknhkhmnll
ORD,STT,67.0,461,c957evwxJkb
IND,SMF,66.9,326,ukithkbfgln
RDU,SDF,66.9,214,kknqih9jkon
DAL,SEA,66.9,232,Evqa8a55sqt
GSO,PHL,66.9,304,jjkrkicilpl
TPA,XNA,66.8,187,hhkmmljlkin
DTW,OMA,66.8,340,mlqqjicgijm
EWR,PSP,66.8,482,97beboprBFd
LCK,PIE,66.7,79,Hteifiadmdo
MCI,STL,66.7,268,jlsqijdhjlj
MSP,SJC,66.6,434,vrqqigbbfgo
SAN,SJU,66.6,366,msjfiljimli
DSM,SNA,66.6,164,nlkkimhjkjm
ICT,SEA,66.6,268,vsmlgibdhln
ECP,MCI,66.5,249,Askhb87bqlz
ALB,LAX,66.5,387,wsjmhldefjk
HVN,SRQ,66.4,109,cfaaqvnqtof
HOU,LBB,66.4,226,ejjmjidjoso
CID,SFB,66.4,100,ngdkmrkpodj
PIT,SAT,66.4,311,kjjrlmegllk
RIC,SAN,66.3,364,pikljkfjknm
RDU,SYR,66.3,186,nspsjjcefgk
MDW,SLC,66.1,279,tqpmfhgiifj
ILG,RSW,66.1,108,fdbakjmptst
SNA,STL,66.1,331,jkiilkghpno
PWM,RSW,66.1,221,dchkmjjsure
SJU,STL,66.0,321,mdaegqorujj
ATL,DAY,66.0,313,nmmmjkfjjij
GSO,MCO,66.0,224,mkjljiillil
MDT,PGD,65.9,98,mfdefwitskf
ILM,PHL,65.8,280,nnjnlkcfjnn
DAL,MEM,65.8,209,jmmiklcijoo
BZN,PDX,65.7,209,qtmmindigfi
DCA,HPN,65.6,373,igpskidhjmm
LAS,SAV,65.6,375,jglokhijlnl
BNA,PWM,65.6,246,vuxCfc78aem
PVD,VRB,65.6,136,hfhjomhmqpe
RSW,SYR,65.6,218,jhdikjlqqnj
MIA,SAV,65.5,293,ebcoppmpklk
LAX,SAV,65.5,413,ohimklfilnm
AVL,LAS,65.5,187,liknjjfjknm
DTW,PNS,65.4,237,snkndh9hppk
HOU,PHL,65.4,207,qoiokrbelfk
GRR,MIA,65.4,285,9abdjosCqoi
ATL,ICT,65.4,347,kjlmomeikll
JAX,MSY,65.2,251,hfgolnimmmi
AUS,RSW,65.2,295,gddjloiorom
CLT,HPN,65.1,324,kinpnnbejmm
ATL,ECP,65.0,292,ronofdbhgpp
BOS,ONT,65.0,292,xpmlghacinn
LCK,SFB,65.0,73,rlilitfdncn
SAN,SBP,65.0,184,klknjhiljll
DAY,DFW,64.9,387,kkkklneilmm
HTS,PIE,64.9,56,Kxiiihaddbp
CHS,DAL,64.8,224,mkmnjidemlp
BHM,MDW,64.8,238,rrstmi7afgk
BOS,TUS,64.8,378,hhlojmgkmnj
AUS,OMA,64.8,259,lglolleijnm
CAK,MYR,64.8,77,Avmqcd28kix
BDL,SEA,64.8,404,xApkfhabdgm
MFR,PHX,64.7,279,jjgmmlflokm
ANC,BRW,64.7,269,mokljpghkji
ALB,SFO,64.7,387,vtmlhkcffik
MSP,OKC,64.6,358,mmnmjidfklo
CHS,HPN,64.6,151,opfhfhfjlos
CID,PIE,64.5,90,ugfflmoqhhg
HOU,SEA,64.4,267,Bzsickabdfk
ABQ,MDW,64.4,260,srsskjaddgj
BDL,IAH,64.4,322,mnlniiehimp
ROC,RSW,64.4,241,cdbegfnEAre
DTW,TYS,64.3,329,lmknjhbhmop
IND,SNA,64.3,343,plkmgmghjkm
BDL,CMH,64.2,197,oonrmjbchjm
MCI,SJU,64.1,299,kdcfilpptlm
MCI,PIT,63.9,294,llorijafion
HVN,SJU,63.9,148,no0ahmknprs
RIC,SEA,63.9,375,xtolfibcfin
IAD,SDF,63.9,228,vmnljjbghin
PHX,ROC,63.9,293,ngjlhjilnlm
MKE,SFO,63.9,323,srnnkicfghj
MSP,TYS,63.9,302,xsmojg8djjk
AUS,BOI,63.9,284,nlknklfhjjm
DEN,FCA,63.8,263,Dzpjfibeccj
FLL,PBG,63.7,122,te0gfFprjkf
MIA,STT,63.7,393,hc9ehmpqpsp
SFB,SGF,63.7,97,xnjmkoecidn
SDF,SFO,63.6,329,pnpolm9cdlp
BUF,IAH,63.5,275,tnlmkgacgls
PIA,PIE,63.5,85,uiehgnjlogl
MDW,ONT,63.5,302,sonpjkcgghk
COS,IAH,63.5,306,ronpjlegggh
MSP,MYR,63.5,228,tteha97arwA
GRR,SAN,63.4,316,pmllilfkhkk
MDW,PVD,63.3,225,yFyrde54cfk
DCA,SJC,63.3,276,rqlkllbegjn
SEA,TUL,63.3,303,trnheg9bjnx
PDX,PIT,63.3,325,ttrohiabehm
PHX,PSC,63.2,292,fefijijutnk
DFW,MYR,63.2,269,ymkmif9dijs
COS,SAT,63.1,230,klljlsfgkjl
HSV,IAD,63.1,282,lmlkkkdinll
MKE,STL,63.1,251,kotoigdhhkm
PIT,SJU,63.1,270,ihcfjmoqskj
BHM,BOS,63.0,338,omntlhabhnn
BWI,VPS,63.0,260,rxoo796aovr
CHS,IND,63.0,248,tjlpjfafhms
EWR,ILM,62.9,246,gkknnqedfor
DCA,ROC,62.9,218,lklqkjdgkln
SAN,TUL,62.8,267,nhhlhidhqoq
FAR,ORD,62.8,256,oqmojicgijm
LAS,MSN,62.8,314,fglnhikkopl
MYR,SWF,62.7,86,yAepmgacgfl
DEN,MYR,62.7,280,Ernlef7ehip
BWI,GRR,62.5,239,ssplliacgjm
FSD,PHX,62.5,293,eghkmjmsrjg
COS,MCO,62.5,310,nhjmjoijikk
LAX,TYS,62.4,355,ljjlmmcelnp
DTW,IND,62.4,346,ijnmkgellom
LIH,SJC,62.3,319,vnonoo76enk
MDW,SAV,62.3,215,Dpekii8dnll
AZA,MOT,62.2,100,ddbflyqtrgf
BDL,SAV,62.2,187,mklnkhdhkrm
ATL,BTR,62.1,339,kllpnkckilk
PBG,SFB,62.0,106,jgefeAgzmie
BOS,OKC,62.0,358,ooouih9chiq
BUR,STL,62.0,296,omnnlpdfflj
BNA,BOI,61.9,308,nknojjchgkp
FLL,SMF,61.9,343,hdeinonqnng
SAV,STL,61.9,257,ulkkhdbfmpq
CAK,PGD,61.9,91,tgegfnfqugk
PHX,PNS,61.9,312,kfkmklejnnm
FCA,MSP,61.9,277,ZNlf8cbeb7a
KTN,SEA,61.8,288,GEneffbcegh
ALB,RSW,61.7,254,db7dfkqAysi
AZA,MSP,61.7,158,003ruolxGB3
BOS,DAB,61.6,204,46657tnyzAz
EUG,SNA,61.5,166,pgdqps9akqm
AMA,DFW,61.5,257,klnpiigljkj
FCA,SEA,61.5,223,pwpkgihjffh
LAS,LEX,61.4,210,qgbnjlgkomn
RFD,SFB,61.3,86,qifkhsgjmfn
ICT,MCO,61.3,286,igjmklinjmn
FLL,XNA,61.3,174,thabjplknnl
PAE,SNA,61.3,239,lnkkhkkkkkk
OKC,SMF,61.3,297,nknnlldfhko
HOU,SAT,61.2,228,jqtshkgifgf
LAX,PAE,61.2,205,kmhhhhluoii
MCI,ONT,61.1,288,jihonpfjikm
CHS,ISP,61.0,118,tvjnikacgip
GSP,LAS,61.0,380,ghomkhijonk
AMA,LAS,61.0,258,iikmisemlkj
CHS,HVN,61.0,78,qshjjh7dnsn
AUS,MAF,60.9,188,uruwkdagdee
BHM,LAX,60.9,400,lijnlsfgjkl
MSN,PHL,60.9,342,sslqjiabelo
MIA,OKC,60.8,314,mkghklikmip
HOU,OMA,60.8,253,ojinllciohn
CVG,PBI,60.8,180,nb8bgrkpvnp
AUS,SDF,60.8,292,jgpujgdfjql
ALB,DFW,60.8,344,snmtnn9dfdm
AVL,MCO,60.8,133,ogjmijijnjo
JAX,SAT,60.8,299,lijmlnghlkm
DFW,DRO,60.7,329,pmlkflhoodh
SGU,SLC,60.7,249,fgjmlkjnlmm
IAH,TUS,60.7,309,edfjkmiosrm
BUR,LAX,60.7,521,ihhllnhmmmk
PSP,SLC,60.7,356,99cjnlqxwlf
GRR,JAX,60.7,138,ikikjjhomkm
PNS,STL,60.6,240,zwqlbc8bmin
DFW,JAN,60.6,338,nknmikemilk
GSP,LAX,60.6,313,pmnpnpcdegn
PBI,PHX,60.4,393,lijmlkiknli
AUS,ORF,60.4,309,nmlmmlcgiln
CLT,OKC,60.4,338,khlrnnbegkr
SNA,TPA,60.4,370,skijjlhkkjj
PWM,RDU,60.4,195,xxpoig9aefn
BUF,SRQ,60.4,260,a98hkhkwsBm
AUS,LBB,60.3,258,gjoslidohlj
DTW,GSO,60.3,254,jmlpjmciiln
DFW,SGF,60.2,382,lknolidikmj
KOA,MSP,60.2,477,edaeelAyFf9
PIE,SBN,60.2,82,qreeelcjrol
BNA,RNO,60.1,318,plongifikim
SLC,TUL,60.1,313,tnknjiggiik
CHS,SLC,60.1,359,pihjhlfnmnl
PIT,VPS,60.0,165,KDmj8747ctt
PHX,PVD,60.0,292,lkpqgjdihok
ABQ,SMF,60.0,260,npnqijcggkl
BDL,PIT,59.9,190,loopjidfjlm
AZA,SBN,59.9,100,lgiyoqeghfi
BLV,SFB,59.8,86,wjgggpeeohr
EWR,VPS,59.8,149,wtirjp6bhjh
PGD,SDF,59.7,86,idfnllknril
ISP,MYR,59.6,133,wyoti5345mI
DAL,SFO,59.6,209,eediik99zBy
IND,SAV,59.5,223,piioed9frsu
ANC,MCO,59.5,438,xngggkhilgo
SPN,TIQ,59.4,72,knjkilirncj
BUR,MCI,59.3,257,pkkmoohijhg
BWI,DCA,59.2,0,kgkokkafpor
ATL,LEX,59.2,362,hllvkidjimk
SFO,SYR,59.2,391,ptjmimdfgkn
AZA,GRI,59.1,88,mefljrhpshf
ILG,TPA,59.1,93,ghfboogovqg
BOS,GSP,59.1,301,kopuhgaeilo
CHA,LGA,59.1,317,gflsqsabjmp
AUS,BHM,59.1,292,iikqliekjnl
CHS,MCI,59.0,290,skmohjafkno
DCA,ECP,59.0,298,oogihhafosp
ORD,ROA,59.0,245,jmnqmlafilm
HOU,RNO,59.0,247,pkgifmijqqg
PHX,SYR,58.9,331,nmjmilfjlkk
ABE,MCO,58.9,120,okikjkfklmk
AZA,PSC,58.9,93,mffgrzgfmii
PAE,SAN,58.8,235,mlimjmjkjjj
DAY,DEN,58.8,274,olokilbglkn
DFW,FSD,58.8,319,ljjrlnehkim
SRQ,SYR,58.8,166,la4jmqlvpoi
CAE,DFW,58.8,394,iijmkiejlsm
IAD,JFK,58.7,175,lmpnmidhgkn
DTW,MSN,58.7,324,jklunhdjhll
BNA,GEG,58.7,298,smkpjkdgfin
PHX,STS,58.6,291,hghmlifkpop
DFW,LEX,58.6,449,iikrkidikpm
EYW,LGA,58.6,349,6646lttxxzi
ANC,ATL,58.6,548,Ivlediacecv
BDL,MSY,58.6,281,hfgrjieimrq
DCA,ELP,58.5,322,llikhqegnkn
LAX,ROC,58.5,331,mnjkjjfjkkn
BUF,SAN,58.5,306,sqmohhchjik
DEN,PIA,58.5,181,spqpmpcbcdk
ATL,ILM,58.4,296,jklpkifjilo
PNS,SAN,58.3,325,mijlknekjmm
MDT,SRQ,58.3,140,jb3kkjgvBqj
DFW,HRL,58.2,237,llormjeijih
AMA,AUS,58.2,212,jmopliejikk
ASE,ORD,58.1,367,moke5roCz74
PVD,SAN,58.1,301,noomikeghkm
GSP,MIA,58.1,308,hgckmllpmlm
MIA,ONT,58.0,285,qkhhikjjlnk
IND,VPS,58.0,153,ohgTb55dnor
DAL,PDX,58.0,213,qsnfcf99rss
HSV,TPA,58.0,186,omfiikdgols
DTW,SDF,57.9,385,lnonigfiiml
PGD,PVD,57.9,113,mhelhqeknql
HVN,LAL,57.8,85,fgecgjdmuvw
LGA,SYR,57.8,234,kotrijdgfjk
BUR,LGA,57.8,231,nrnljjifglh
PIE,RFD,57.7,88,ooghfjfgppp
DFW,ICT,57.7,373,ijmnkigmjmk
JFK,RIC,57.7,205,opmnmrceehk
MHT,TPA,57.6,263,kjghoqhpimh
CVG,SJU,57.6,285,lfbdipomslm
COS,SNA,57.6,146,nnckjnhknkk
HSV,LGA,57.6,280,klipmldhjlo
MYR,TPA,57.6,150,jfgmkihlmrp
DTW,HPN,57.6,305,nqlplmcefkk
ALB,PIE,57.5,98,opfgijcthrh
CHA,LAS,57.5,252,mdeqlkllpod
LAS,PVD,57.5,302,hmmrikehhom
LGA,ROA,57.5,256,hmlpnlbglln
CAK,SAV,57.5,91,Bqjjeiadjhs
DFW,SBA,57.4,391,pljnlmahlkm
MKE,RDU,57.4,255,spmoikcehkl
GEG,HNL,57.4,391,hhcghnqpmmk
PIE,TOL,57.4,81,pighgjfjwmk
PIA,SFB,57.4,85,mhfekrmhqhl
ISP,USA,57.4,66,ddkeoqbhjxw
BWI,ISP,57.4,266,wvoohhaafgp
MFR,SAN,57.3,187,xqllikegghj
LGB,MDW,57.3,264,yspsnm53fhk
ATL,GEG,57.3,400,tnmiikbfjln
SDF,VPS,57.3,111,umvKec23gip
ABQ,TPA,57.2,288,mhkriofijim
ORF,SFO,57.2,377,rpmjilcehmn
SJC,STL,57.2,299,rplkmlcdjlk
MSP,RAP,57.2,261,Cwpnhhbcdfg
CVG,MYR,57.1,106,OAnub5356lv
OKC,PHL,57.1,327,nkrlkjcejkp
PHX,SBP,57.1,290,liipkhfjojn
IAH,RNO,57.0,357,rkijgogimlk
AZA,BZN,57.0,78,nhfhlmglyek
CLT,MDT,57.0,312,hioolieklml
LAS,PIA,57.0,164,oikpjmgjmhj
CLT,MSN,56.9,295,plkolq9fglm
JAX,TYS,56.9,148,jjknllfilmn
GRR,RDU,56.9,185,tvprmlcbddf
AZA,MSO,56.8,96,lfcnotgjpkf
DEN,TVC,56.8,284,YIslc96767k
CLE,MYR,56.8,125,/Rn957457kn
ROC,SJU,56.7,249,ojfhhmnqjjj
FCA,LAS,56.7,149,sjkmikgikkj
DEN,JAC,56.7,287,rrqkbhjpkbg
OMA,PDX,56.7,288,vqpnhkbagjn
HTS,SFB,56.7,63,xifliqefjim
ECP,LGA,56.6,334,iicdlpcjqwp
LAS,RAP,56.6,150,nijmgrgimkk
PSM,SFB,56.6,88,midkkjdufxh
DCA,ONT,56.6,312,kklkjlfinmo
PBI,STL,56.5,312,eeeefifnRlk
JAX,RIC,56.5,234,monqnjagghn
MSP,ORF,56.4,343,ttonhkachhm
ABQ,PHL,56.4,326,njnwjkcfhkl
ABE,FLL,56.4,112,oi3mlqinrik
ATL,MYR,56.4,262,snmlghciiln
BUF,MDW,56.4,206,yBunjg65eel
PGD,TOL,56.4,117,f30ghrkwJpl
MDW,ORF,56.3,220,DBpphi7adeg
DTW,PIT,56.3,293,jknpjjdmkkk
BTR,IAH,56.3,278,fjlpkjhnkkk
AZA,BLI,56.2,113,ohiogmdkslh
IAH,MDW,56.2,126,ilpzCo9hja3
OKC,STL,56.2,268,knoppifmgfg
DCA,MYR,56.2,223,prmnjlaeijm
DAB,JFK,56.2,166,22222yrtBAK
BDL,IND,56.1,286,mlnqijadiqm
DAL,TUL,56.1,196,gnqpjkelhkk
IDA,SEA,56.1,225,opmkilfjhjl
GRR,PHL,56.0,322,ponplhbfghq
BNA,XNA,56.0,194,okoqfbaknon
MDW,SDF,56.0,186,ptsrkl7cghi
SDF,SRQ,56.0,161,mc8bfplmqst
SAN,SDF,56.0,332,mhnrilejilk
CHS,MDW,55.8,221,suqrhf5ajkm
DFW,PWM,55.8,339,Jyvqabb89bo
LAS,SHV,55.8,162,nlinjlgikjm
CAK,TPA,55.8,136,pifiikdlunj
LAS,PSP,55.8,237,cabolmkoqsn
GSP,PHX,55.8,362,gelomjgmmml
GEG,ONT,55.7,245,rrmlkoeffhh
BOI,HNL,55.6,392,mffhjmmmrim
DFW,ILM,55.6,357,qjhlkmbfkoq
LGA,TUS,55.6,371,ghkojmilkmm
FAT,LAX,55.6,237,klkrkjikjhj
AUS,COS,55.5,223,qnkmkmfigik
BUR,JFK,55.5,261,EFAw454348H
SBA,SLC,55.5,311,nmjlilhokih
HOU,PVU,55.4,98,tihjlrihgkj
BTV,EWR,55.4,247,mpruhkegffi
BDL,STL,55.4,284,noprjkadgkn
ONT,PHL,55.3,331,mkjikqefjlq
OMA,SAT,55.3,273,ijlpijdplmk
BDL,RIC,55.3,144,rrismkbdgfn
AUS,BUF,55.2,281,srsphjacegn
MEM,SLC,55.1,381,mkimgpglrek
BUF,PHL,55.1,326,opppjjdejjk
RIC,SLC,55.1,364,qjlmfkeimkp
ABE,ATL,55.1,360,mllomobgjkl
BTV,IAD,55.1,260,qngngkgnofh
HSV,LAS,55.1,280,pjimlkgikkl
MCO,PVU,55.1,164,hebkuvljjjj
IAG,PIE,55.0,82,slfihifqqlh
BGR,DCA,55.0,301,xIqrec7bbem
CHO,ORD,55.0,271,ihkrolbfkno
MIA,ROC,55.0,241,gifflkntokj
BDL,SLC,54.9,360,oonnfhelkjl
MSP,SYR,54.9,286,Owmmgg99bej
MSP,XNA,54.9,366,lonojhbfion
RDU,SNA,54.9,366,pmkkgkgjkjl
LAS,PBI,54.9,436,gglqkjklmkj
CLT,DSM,54.8,336,poknkkbeimn
SJU,SLC,54.8,427,kebfhnrooqj
BHM,FLL,54.8,245,Ctqiffeggfi
DFW,MDT,54.8,432,jhjmmkdllom
SDF,SEA,54.8,349,ystmdf9cejp
MKE,SJU,54.8,268,ghefhkqnukl
ELP,MDW,54.8,243,yurplsaab9e
LGA,SNA,54.8,341,hpkllngehpk
BUR,RDM,54.7,153,stpiikdihhh
IAH,SJC,54.6,336,Dwvrp85868w
CLT,STT,54.6,449,uf6bjpkloqo
CAE,PHL,54.6,314,ggfnmjdknsq
DSM,PHL,54.5,252,wqprffabcgu
BUF,SLC,54.5,290,rlCvbb9bbfy
DFW,KOA,54.5,520,ohffgqnlvam
AUS,PSP,54.5,297,99cjlnovtqh
BIS,LAS,54.5,157,ljgljrhinli
LGB,STL,54.4,256,Buryceecddf
PHL,SJC,54.3,262,qslijiejhho
GRR,PBI,54.3,189,899mmrovupb
DCA,GSO,54.3,235,keisnifllll
LAX,PSC,54.2,199,nmknktfgfij
ANC,GEG,54.2,344,ztljfjcgfim
ROC,SFO,54.2,376,oolkjlgggio
AUS,SAV,54.2,297,lhmnmkbgnmn
ATL,CHO,54.2,312,jhjrojdjjml
DSM,SAN,54.2,268,ytilggghjgi
GRR,ORD,54.2,219,nmqpgigghin
BNA,ELP,54.1,288,lljnineijjo
LAS,SBN,54.1,163,lijlljhklml
ONT,STL,54.1,287,tkliloefijm
LCK,SRQ,54.1,87,qggpnnghnhh
CAK,FLL,54.1,113,h722kwuvyug
MCO,SBN,54.1,181,jhjkhmlknnk
DFW,JAC,54.1,418,Aurh8kejj8l
DFW,MTJ,54.0,285,Evnd8jhnp9e
CLT,XNA,54.0,341,jhlomjdjmmn
SFB,XNA,54.0,84,zgfkhtgflen
CLT,TUL,53.9,291,likonndgiln
HOU,SDF,53.9,250,pjlsjj7fkno
IAD,PIT,53.9,216,khnpnjdimkj
MFR,PDX,53.9,183,lnmnjkgjjij
RIC,SJU,53.8,267,ifbdfljlstu
LIH,ORD,53.8,520,kjfgepnmshl
MCO,RSW,53.7,156,8ccikmnBwme
GUM,HNL,53.7,1436,mjigfmkknkq
MFR,SFO,53.7,211,ppooiifghil
LIH,MSP,53.6,504,bbaedjEwGgc
MCI,SJC,53.6,291,qlkmikfiill
LAS,MSO,53.6,145,jkgjjqijmjl
SDF,SFB,53.6,74,yhkrjidghjk
CVG,MCI,53.5,307,kmoqihbijnm
BNA,MDT,53.5,194,opdegn9lpoq
ORF,STL,53.5,262,vqmkhjaehjo
HNL,IND,53.5,521,lhiphmgjokl
IAH,SGF,53.5,254,okiolkhkjij
AVL,DFW,53.4,379,qlkpmjaejko
IND,ONT,53.4,309,sjgmisffgml
BOS,PSP,53.4,458,bbcljnktxqg
MIA,TYS,53.3,307,eddhruvqgfj
MDW,PNS,53.3,198,Epjhcd9ayoi
ABQ,JFK,53.2,236,KJzB563446u
DAL,SAV,53.2,219,nlknkk8bnkt
SAN,TYS,53.2,334,njkmijeiolm
CMH,SNA,53.2,332,ynmjghfilfk
CLT,MHT,53.2,285,rnrnmq8behm
HVN,JAX,53.2,80,mpflllehqod
ASE,DFW,53.1,456,urjearqqu65
DCA,XNA,53.1,374,kgmkkmbhonp
BUF,SEA,53.1,346,ELqkbe78ado
DFW,PIA,53.0,309,lilmklekjkn
BNA,FSD,53.0,150,nmlojjemihl
RSW,SAN,53.0,397,gdfhnpkqnoi
MEM,SFO,53.0,395,kilpmlehjlo
DCA,LEX,52.9,248,ljnpljchknj
DTW,PVD,52.8,348,ptspmh9aejm
BNA,GSP,52.8,282,jjlkjgbkoqp
JAN,MCO,52.7,287,jdhqmlknjim
CAK,ORD,52.7,218,kkkqkmfhijo
COU,ORD,52.7,209,eejtpkcjlno
EYW,PIT,52.6,170,ki7lkllonlo
GRR,SFO,52.6,364,urmmhlbeghn
GEG,SJC,52.6,235,rqlkiicijlk
BUF,PBI,52.5,230,ihfgmlhqqoh
BZN,MCO,52.5,328,rlkfenijtfj
PHX,SGU,52.5,194,fffnmjjnppk
OKC,PDX,52.5,297,uqooijbdhhn
ALB,DTW,52.4,318,qrnpjkceehn
EGE,ORD,52.4,339,9c944vASO64
MHT,RDU,52.4,138,pplnrnbdhii
SNA,TUS,52.4,211,ddehhmovtog
MKE,MSY,52.3,264,ohjrihfklnk
PIE,SWF,52.2,94,jigqolglmlh
MDW,OKC,52.2,227,ttspfe9bhlm
DFW,FWA,52.2,342,lijnmkgihmo
MEM,SAT,52.2,274,jiknlieklkq
CHS,PBI,52.1,178,fgegigiqstn
LGA,RNO,52.1,324,isrlhhjjekk
COS,SLC,52.0,269,ilmnjlhkjmj
PHL,STT,52.0,467,gf69enuAwof
DTW,OKC,52.0,315,nlBjgjcfgio
IAD,SBN,51.9,177,nmlnjkcgjpm
FLL,ILG,51.9,91,hhdchlekqsB
IAH,MOB,51.9,273,jklpkihkjjm
GRR,SLC,51.9,330,rnpngjekifl
DEN,MFR,51.9,234,tronijbdfho
LAS,MLI,51.9,151,ljkmihikmnj
DCA,ILM,51.8,304,nnmqhjcgkkn
BOS,OGG,51.8,627,jpffemkthrk
MCI,SAV,51.8,276,qkkmlg9flnq
ILG,SJU,51.8,134,kj0cipirzon
FLL,SAV,51.8,141,99akrzqmljl
AUS,MFE,51.8,183,binrnigmllk
CVG,EYW,51.8,181,jhhjlmlnlim
CVG,SAT,51.7,306,iikqijeioml
CLT,PNS,51.7,309,kiipjkchlrm
AMA,IAH,51.7,263,jmnnmjfjiil
BLI,OAK,51.7,83,Cnlihofhhff
DTW,SJC,51.7,349,rFokgjbeddl
ANC,SAN,51.6,384,Dxkfdicehgo
EYW,MCO,51.6,108,kifhgkllpqm
DTW,HOU,51.6,222,nshkiteggjj
IAD,STL,51.6,333,lklilnehjmn
ALB,AUS,51.6,325,qmlrjlbegio
DFW,FAR,51.6,333,olkningfhln
RIC,SAT,51.5,312,mjhniofhlmm
ELP,SLC,51.4,254,jjjjjmgljnp
BOI,IAH,51.4,312,ollkijhjlim
DTW,ONT,51.3,340,lkhlkodgimr
LEX,LGA,51.2,322,oooolj9dgmo
ECP,HOU,51.2,218,Crilda5bmmx
HNL,PPG,51.2,729,qmigeojgkmm
CHS,RSW,51.2,181,ieglnkhnloo
IAH,SYR,51.1,286,mlklilgikjn
EWR,RNO,51.1,416,ouojeggjjil
AUS,BZN,51.1,286,Bpnhcjejkdk
ROC,SRQ,51.1,195,ecabedcxHzo
ORF,RSW,51.1,195,lhfkkrhjnmj
PBI,ROC,51.0,250,gfefmmlpvnh
SBN,SRQ,51.0,119,i62llrktymm
DAL,LIT,51.0,200,kmnlkmelgjl
TPA,TUL,51.0,281,khjmmngljkm
AUS,GEG,50.9,292,unknilcfjjl
HPN,MYR,50.9,127,stovmpbaack
HOU,MIA,50.9,206,Crolgh89kio
DAL,PNS,50.9,219,Mqkgfe9bhhr
DFW,FCA,50.9,385,OBue8gace8l
CLE,JAX,50.9,284,qolmijehjkl
MSY,SDF,50.8,265,lhmqhieknok
FAT,MCO,50.8,318,oggfjmkmlmm
DTW,OGG,50.8,621,kfbfgplsuji
BOI,BOS,50.7,372,tqqqgh9ceip
BMI,SFB,50.7,83,vffoipifkhl
BDL,VRB,50.7,142,jfcdelgsuvj
PUW,SEA,50.7,198,illnjqgmjkg
DTW,RNO,50.7,359,qoljdgeilms
SAT,SDF,50.6,287,mjnrhidkink
ATL,JAC,50.5,546,Asvb5phrg5h
CAK,LAS,50.5,195,khkjmkhlokk
MSY,ONT,50.5,284,jchkkkhrmqk
MFR,SNA,50.5,132,lfbqmpijjol
LAS,RDM,50.5,223,nihkikfimpo
RNO,SJC,50.5,192,gnkmpteoiff
MDW,TUS,50.4,268,hhgmmngkqmk
LAX,LIT,50.4,302,Clhkimdggil
BNA,FAR,50.3,155,llrmhifiimm
KOA,ORD,50.3,650,mgceftpmwfi
BUF,JAX,50.3,235,pmjlhhgiknn
AUS,PVD,50.3,257,qonrijddfim
ABQ,SNA,50.3,251,lllqhnfhljj
DFW,SAF,50.2,346,okloimfkkih
DEN,LBB,50.2,230,monqjhcjjjk
LAL,SJU,50.2,117,li0ehj8vzst
MDW,MYR,50.2,208,Hspmjj9ggae
CLT,RIC,50.2,377,jjlokjelnmk
BUF,IAD,50.1,219,vtoljhaafis
FNT,LAS,50.0,113,jkkljjilnin
DTW,PWM,50.0,346,xzytge78abn
MKE,SMF,50.0,301,vqmmilbfghm
PSP,SJC,50.0,226,222kllntzCp
PNS,RDU,50.0,190,pkikjldjjlp
FLL,ILM,50.0,158,ijgjmwphhhi
PHL,TUS,50.0,345,khilmnhimmk
IDA,SNA,50.0,130,lmllkjjjjhm
DFW,SBN,49.9,371,lkorokbggjm
BUR,HOU,49.9,262,ollmuydehda
DSM,EWR,49.9,191,utqpkw78adl
BWI,COS,49.8,309,wrqqindgcde
ABE,SRQ,49.8,101,ljikkoflkmk
PDX,SBP,49.8,223,mmjnjkehinn
HOU,MKE,49.8,206,uniplnehjfg
ABQ,LGB,49.7,209,zmqAooba9bc
RNO,TPA,49.7,332,pihgemimtjj
DFW,ROC,49.7,283,jihlknfklmo
ABQ,DTW,49.7,317,nunshk9dijk
ABE,ORD,49.7,292,iknnlmdhljn
ALB,SAN,49.6,347,vsjmjjdgejj
LAS,MYR,49.6,334,ljppggejkml
DEN,LEX,49.6,294,nnmmimegijn
DCA,TLH,49.6,344,hhimmmemmmm
AZA,EUG,49.6,79,pjijipfipik
CLD,PHX,49.6,206,lmmnkghjkkl
OMA,PIE,49.5,91,Db0jkrjilis
BTV,RDU,49.5,193,uplngieghkl
SDF,SLC,49.5,334,nkpmeiemjml
EWR,OGG,49.4,637,myeegqkgimh
MAF,MCO,49.4,284,vigijodhiom
MCI,SRQ,49.4,276,kgdfgggmspx
AUS,TUS,49.4,287,fehnnlglopm
EVV,SFB,49.3,68,khhsgnhgikr
BWI,LGB,49.3,230,wwszmna899d
CMH,SMF,49.3,316,pnqokicdijl
DEN,IDA,49.3,224,rqliinfigfm
ANC,BOS,49.3,463,LHmfcf89dco
PHL,RNO,49.3,354,tulgfgfjjjk
AUS,PVU,49.2,85,nijlmpgjikk
IAD,SRQ,49.2,119,mc3mntilnnl
ATL,BUR,49.1,446,ljlklpeiklk
OMA,SRQ,49.1,163,987mjkosutn
MKE,PDX,49.1,308,wurnhjabehk
HOU,ORF,49.0,243,tpkmjnfdjjg
DEN,VPS,49.0,265,nljmfibgmiz
DSM,PDX,49.0,219,KAssbb78bbn
ALB,SEA,49.0,383,AGpkdhaaben
DSM,RSW,48.9,216,6879jpuzzrj
RIC,STL,48.9,269,omknkicghmp
HNL,RNO,48.9,425,jhgmglilroi
CMH,ORF,48.9,185,xtppiiacden
FAT,MSP,48.9,307,rqnnekddjkm
EYW,IND,48.8,202,l77lesnspom
GSO,LAS,48.8,337,khqlkjkhlil
GRR,PDX,48.8,274,OBnjef99acm
MKK,OGG,48.8,113,lilkklmmfil
MSN,SEA,48.8,326,osqnmgbdeiq
ALB,CHS,48.8,179,nqilihdiinp
AZA,OMA,48.8,94,ligkkpijllk
AVP,ORD,48.7,249,ooommkcfikl
FCA,ORD,48.7,302,RQBg5c7a95e
ELM,PIE,48.7,92,ljgplldmjnk
MDT,PHX,48.6,291,hfjljmilomm
CHS,SAT,48.6,313,mjlmkmehknm
SFO,TYS,48.5,379,onlnhjdfklo
OAK,SAT,48.5,232,njinkmfimkj
FSD,PIE,48.5,108,k80kjtkszll
HPN,RDU,48.5,128,ookjgjdefkz
CVG,SNA,48.4,351,kimlhifhjps
ISP,RDU,48.3,137,mngifgeimqv
JFK,OGG,48.3,667,qxghelgggol
MKE,SAT,48.3,283,omknjldiljj
DSM,SEA,48.3,329,Azokejabchn
AZA,STC,48.3,128,k40ikijDLjg
ONT,RDU,48.3,296,nkiiknfglnn
BNA,PGD,48.2,74,iigikpfkvhl
SLC,XNA,48.2,340,kihnkmejlmp
ATL,FAT,48.1,345,qjjmjlchilp
IAH,JAN,48.1,257,jmoqkjgmihi
MSN,SAN,48.1,318,lnkmkjfhmkl
CLE,HOU,48.1,213,oplmjmdfphi
OKC,SFO,48.1,326,nmmokkdfkjm
MCO,SWF,48.1,126,qvikjjfhhhl
HGR,SFB,48.1,72,qkhmkpgjjik
EUG,SLC,48.0,286,ommlimehill
TYS,VPS,48.0,85,MrpG3222ijv
ATW,MCO,48.0,225,ac9bb9ozCvu
BNA,ILM,47.9,177,vonnnnejcfd
HVN,ILM,47.9,67,owqnpkabdhj
DCA,JAN,47.9,340,lflnihdkonp
AUS,GSP,47.8,297,hilrmjdhipn
BGR,LGA,47.8,270,GSrmea6879l
BNA,TUS,47.8,306,ghjnlogkmnk
ASE,LGA,47.8,574,qsjc8jrCt95
AVL,SRQ,47.8,78,nljrkkchklj
ACK,HPN,47.8,402,//zj431114f
DEN,GJT,47.8,242,ghjnlsjmjji
CLT,ORF,47.8,348,jknoigfkllm
CID,MCO,47.8,265,eghiihqtmpj
ATW,BNA,47.7,135,qqpomi67imp
FSD,SFB,47.7,103,tb0jjnkqslo
ECP,MDW,47.7,217,pqneab88Euq
AUS,OGG,47.6,499,ylffjnffker
ISP,VRB,47.6,140,efclmmlosoh
BWI,OKC,47.6,274,plnqijadjjp
BNA,IND,47.6,271,ikpmjgbklop
MIA,TUL,47.6,296,kdcgjjknplv
DEN,PSC,47.6,256,rnoljkdfhhn
CHS,PWM,47.6,176,yvkkhfbdgip
CLT,LIT,47.5,323,mjjnkmfikkn
SAN,SAV,47.5,364,mgklmlfhmkm
SAT,SJC,47.5,288,nlkkkmfjljk
ATL,SGF,47.5,357,ojmlijfijnl
EGE,EWR,47.4,503,45433xMYP65
BWI,TUS,47.4,321,gfhmmpfjolm
ACK,BOS,47.4,230,QVAj685659h
BTV,MSP,47.4,273,OzqAbc9ab9d
CLT,VPS,47.4,249,qnlrif8chtp
RDU,SJC,47.4,329,mmlmkkefjjr
OMA,RDU,47.3,267,rmlpknbehil
ROC,SEA,47.3,325,AAojfiaachn
AUS,MSN,47.3,268,jkjqkkfhjnm
IDA,LAS,47.3,126,kkikkqikkik
IAD,PVD,47.3,260,ttsqgi99eip
MCI,ORF,47.2,289,uonmhkadihp
PGD,USA,47.2,61,fjgiryhifjm
DFW,STT,47.2,468,Jgacfhehtft
PIE,SDF,47.2,72,rknqjihhgkh
AZA,FNT,47.2,109,jhhjlmhluij
AVL,DCA,47.2,302,oopsjfahijn
MSY,OKC,47.2,268,kfiqojfklok
BWI,JAN,47.2,234,rlloquchcff
BIS,MSP,47.2,314,jkmomogihkj
MSP,PVD,47.1,262,NMnkdb899dh
MLB,PIT,47.1,92,ni3kmsilmno
BNA,SFB,47.1,67,njhhjrghphn
ATW,RSW,47.1,184,4434cmrKRtg
ROA,SFB,47.1,62,mjimnojkhgl
CRW,MCO,47.0,182,mhihmkjknll
SBD,SFO,47.0,85,jjhkjjlknkn
OMA,RSW,47.0,320,gdcgiolvvjk
BWI,SNA,47.0,343,pojjiofgkmj
ABQ,MSY,47.0,268,ieiqjmeokol
PNS,SEA,47.0,373,trmielaeens
ATL,VPS,46.9,268,qmmoffbiinp
ORF,PBI,46.9,207,plgillilmmf
SFB,TRI,46.9,54,tijxhjcfiho
HNL,MIA,46.8,567,tmhghkjglio
CAK,PIE,46.8,65,tohljjgifho
CID,DCA,46.8,315,lkioikbgmnr
ASE,SFO,46.8,391,spib7orGr75
BDL,MCI,46.8,313,qmntjmachkl
LIT,MIA,46.7,248,mkjjmjjmjjk
CHA,SFB,46.7,52,mnirqpdffgj
AVL,MSP,46.7,213,wkkqj9699qH
MCI,TUS,46.6,293,eejmmlhpqkk
JAX,MEM,46.6,296,kllmpjegjjo
FLL,MHT,46.6,203,565arvtCwqb
ATL,PSP,46.6,483,88bgnnpuwtf
FWA,SRQ,46.6,123,h42mlqktAll
ORF,SLC,46.5,357,rnmjfkehmjn
PGD,SWF,46.4,87,fjikmrjnmhi
PHX,PWM,46.2,318,rpsrfgbfgjl
JAX,MDT,46.2,145,or9bgo7mrtp
BHM,SAN,46.2,359,likoljfinlk
BMI,PIE,46.1,76,knljkrfjmgl
DEN,ILM,46.1,304,wokkhjeffiq
LGA,SEA,46.1,288,tLnjgfedcig
CID,FLL,46.1,146,lb56fptvroq
AVP,TPA,46.0,152,iibnloimnmk
ASE,IAH,46.0,445,Dpjc6uoqt56
BHM,RDU,46.0,298,kknpmieijlk
BDL,SAT,46.0,323,lklrjlffkll
ORF,PHL,45.9,349,moopihdgilm
LBB,PHX,45.8,280,ifhvjihljnm
AUS,HOU,45.8,228,iprvihgmgfe
PIT,SNA,45.8,359,lolphkfikkh
PIT,PVD,45.8,168,pqpqmi8ehlg
GTF,LAS,45.7,125,ijhhhrjkoin
BGR,MCO,45.7,178,ijmkijhqope
OKC,VPS,45.7,174,/Cec7657bcy
CHA,PIE,45.7,54,ukgmljdhkjn
FLL,OKC,45.6,309,mggilomimim
ABQ,SJC,45.6,251,mmnpkofgfik
BOS,JAC,45.6,465,syqc7gjwl7i
PVD,SAV,45.6,167,ljhkjj7inxn
DTW,EYW,45.5,352,8a7dltsyvmh
CMH,PBI,45.5,307,fegjjlkntnl
SFB,TOL,45.5,88,h70jivioEmo
ATL,ROA,45.5,325,hlmrlhdikml
CHA,MCO,45.5,271,vptmhggghei
ALB,SFB,45.5,84,um0lhlfplrj
BHM,SAT,45.5,289,lkjpljfikll
BOS,TUL,45.5,312,qnpykia9fhm
ALB,MDW,45.4,224,yCurli77bcf
PHL,RIC,45.4,345,kjnqihfkmmk
LAS,MOT,45.4,128,mjgljpgipli
HNL,ORF,45.4,633,olihhlmhjnm
DEN,MRY,45.4,302,omjmkjfijkm
LAS,VPS,45.3,298,Aofjgghehkp
SFB,TUL,45.3,72,jikolmhjhjn
STL,VPS,45.3,236,Munlb97akgo
ORD,SBA,45.3,338,jijiggcfhxC
AUS,PNS,45.3,249,mjhiedbfsrz
ABQ,STL,45.3,261,lnrujibdijm
SMF,TUL,45.2,281,qlkolkeejio
SAV,SFO,45.2,419,sjlmkhcglnl
DTW,ELP,45.2,355,lnkkjqehjkk
OKC,RDU,45.2,300,nkklmpdghjp
SJC,TPA,45.2,308,olilinggiln
MSY,SJC,45.2,284,idloimcolrk
OKC,SNA,45.2,284,plknimhgiim
GEG,OGG,45.2,406,ddbemmpyqpf
RNO,SAT,45.1,301,qlkigmghmph
MCI,RNO,45.1,306,urmmfgdfjkl
JAX,MKE,45.1,270,nmjlilfimll
SEA,XNA,45.1,357,qsrlhjbegho
ATL,BTV,45.0,355,onnsiochgfl
BHM,EWR,45.0,251,Fymjkjacbfg
BZN,PHL,45.0,292,wErf9fehhbm
GSP,PVD,45.0,180,sqlojjbefjn
HSV,LAX,45.0,351,sqhijjgiikl
DFW,OKC,45.0,385,jklpjkgljjk
ATW,FLL,44.9,162,5446eqyCBtm
BOI,OGG,44.9,415,idegmkooteq
CMH,HNL,44.9,533,nijhirgikkq
EGE,MIA,44.9,622,45323yLXS82
DAL,HNL,44.9,358,qiiigoefpir
BUF,HOU,44.9,238,xvnpnl89gdi
BOS,PNS,44.9,316,pmnpjjadhsi
IND,TUS,44.8,311,hefnjkfnnxi
BDL,DAB,44.8,141,okhljpkllma
GSP,SFB,44.8,48,mggullciijr
PGD,SPI,44.8,98,i60jkumwzhl
MCI,RIC,44.7,296,pkmrjnbehkn
BHM,SLC,44.7,365,kjlijnipngj
BOS,XNA,44.7,326,mmotli9cjln
OAK,SBA,44.7,178,ionosm6filn
BDL,GSP,44.7,193,mnlmokehhin
BLV,SRQ,44.7,64,jliiioiklmm
HRL,LAS,44.6,208,rlmklldqdii
IAH,PSP,44.6,368,a8acmplvzug
PHL,XNA,44.6,340,nilnjkbfipr
PGD,SGF,44.6,82,sj0mkqjkokm
ATL,OGG,44.6,769,sfiiiphkfnn
MSO,MSP,44.6,274,Lzkjdl9adcl
PIE,ROA,44.6,63,vhgpkofeilj
IND,PBI,44.6,322,hggmilmmonj
BOS,VRB,44.6,224,00000qvFIGz
SLC,TYS,44.5,356,njkmhlfgmkp
DAL,VPS,44.5,233,Dvrgda7bmhr
ONT,TPA,44.5,317,mhhimmhmkmk
OMA,SNA,44.5,296,sllmjkdiilk
SEA,SYR,44.4,387,AApjfj8abgm
ANC,BOI,44.4,341,Hwlifhabefo
BDL,CVG,44.3,262,vrmlgfbcgjt
ABE,MLB,44.3,78,lmijllhkmim
ANC,DUT,44.3,892,jijqhdfjivo
CAK,SFB,44.2,62,vmgijufggji
CKB,SFB,44.2,60,rjihlpijgjk
CHS,ORF,44.2,194,qonmghbijln
ITO,LAS,44.2,419,hhmskjgilll
SFO,XNA,44.2,364,okmnikbikjo
PHX,SCK,44.2,71,jjgpmqfjiil
SRQ,TYS,44.1,102,mkhnjjfhklr
BIL,SLC,44.1,301,jilnlkijkll
BFL,DFW,44.1,306,okkoqqec9jp
FLL,MDT,44.1,169,Ah89abarxsx
HNL,OMA,44.1,451,lifffmlptgp
HOU,JAN,44.1,199,hoprjkfikhk
HGR,PIE,44.0,74,zo0ljphjjkl
BZN,IAH,44.0,361,yplh9sfgmam
IAD,PSP,44.0,406,65699vsEKua
JAX,PDX,43.9,368,pllmikdgkln
CAE,FLL,43.9,148,Bshmildiij9
COS,HOU,43.9,225,mjfkjscbnoq
ACY,MYR,43.9,72,S/G912122he
DEN,SGU,43.9,259,hhllklelmon
MSY,OMA,43.9,273,uchojjgijpj
BNA,FAT,43.9,320,qiqrkm9eijm
MKE,SRQ,43.9,276,bcbefjfwJth
BHM,SEA,43.9,375,trqleh9cejw
DAY,PIE,43.8,70,kmlkjjklkil
CLT,EYW,43.8,358,fcafhoinwwm
MSY,SAV,43.8,221,gchnojhkrnn
MSN,MSP,43.8,301,lkqqkkfihjj
MCO,OAK,43.8,264,tgililfkipj
LAS,MRY,43.7,100,llglkjkjipk
ROC,SAN,43.7,303,qojmileliik
BWI,PIT,43.7,237,jlopklciikm
BUR,ORD,43.7,247,fdbefmqsspo
PHL,PVD,43.7,375,lourjfcdgjn
BZN,DTW,43.7,295,Azqe9demibk
DEN,SHV,43.7,282,nljkineljjn
BZN,LGA,43.7,363,jshffilolkm
PSC,SFO,43.7,225,omkkmogjgfk
MSY,PVD,43.6,267,jjivjjcilok
HVN,ORD,43.6,95,knifmo9bipA
BNA,PVU,43.6,104,nnmnmm3glmo
CLE,SMF,43.6,327,spnohlbcjhm
OMA,SFB,43.6,87,ye0olkjkkkt
JAX,SDF,43.5,283,lilqjifiimn
GJT,PHX,43.5,263,fghmmmhmnml
CLE,SNA,43.5,358,pommihgljih
EWR,ONT,43.5,322,lnijjpfgjnl
BUF,MSY,43.5,248,jfwphiekkni
DEN,GSO,43.5,300,uppronaccfh
BOS,GEG,43.5,351,vsoneibefjm
HOU,JAX,43.5,248,njjpkkainmm
SEA,TYS,43.5,390,uqplfg9dflt
ALB,MSP,43.4,314,qtqoiicdhgl
CHS,SDF,43.4,207,soqplj9cehp
OKC,ONT,43.4,262,oljmlkdhiko
DFW,SBP,43.3,327,ngipkldijmp
LAX,PNS,43.2,360,nihjjofjlmn
CVG,SMF,43.2,330,mjonkjcekno
SAN,SNA,43.2,298,nmijgiflqnj
AUS,XNA,43.2,283,eimqridnimj
PBI,RIC,43.1,233,bbjlklkprlq
MFE,SFB,43.1,86,Gj00fumimot
LAX,PWM,43.1,371,Bxnofeaeehj
CHS,ROC,43.1,156,olipijbhlom
BWI,PNS,43.1,252,npjlimcehpo
ABQ,HNL,43.1,430,qjiihnffkkt
COS,DCA,43.0,331,pnphcheiknq
MSN,RDU,43.0,254,qqjmijbfhjs
COS,PIE,43.0,79,mmikhjiklkn
DEN,HRL,43.0,192,ljhlkskllfi
PSC,SLC,43.0,307,mmlmkpgihlh
DEN,MTJ,42.9,188,knlkhmjpoee
MSN,SLC,42.8,318,loxkhhfjhhk
LCK,SAV,42.8,61,Akhohmcdjeo
AUS,AVL,42.8,237,yykmhe8bghq
PHX,SRQ,42.8,317,gbfmimjsrmk
GSP,SRQ,42.7,105,ojhklidjmnp
ANC,SMF,42.7,378,Iykgehbdgel
MKE,SNA,42.7,319,rqnkijghkih
MSO,PDX,42.6,216,opkonmfehhh
MYR,SYR,42.6,128,yEno6647nsp
ATL,GNV,42.6,287,ijmpkjgmjkk
OMA,SMF,42.6,296,pmnokkafhjq
AZA,ICT,42.6,58,lehkkogkmom
CVG,MLB,42.6,83,ljimjjjknin
MRY,SEA,42.6,228,nnklkkdginm
COS,SEA,42.5,251,qsolijggigj
DTW,PSP,42.5,408,abcjinnwxli
DSM,MIA,42.5,291,efeenlurphi
DTW,TUS,42.5,359,gigkiliqsnh
CLE,SAV,42.5,250,qonogdbglql
FLL,SBN,42.5,135,6afknnnqsnm
DAL,RNO,42.4,259,npkjglfijpj
ATL,SBN,42.4,408,lkkolifhjnk
BZN,CLT,42.4,331,Bsrd8jhogal
LIT,SEA,42.4,353,xwqjhh9begq
PIT,SMF,42.4,321,sonoikbeikl
BWI,ROC,42.3,250,jjqqkjdfllm
DAB,HVN,42.3,87,hogfrphgjok
MYR,PHX,42.3,324,sjmofgbfjnq
LCK,VPS,42.3,83,VDol000bljt
ALB,IAD,42.2,255,knoomkeiihk
EVV,MCO,42.2,164,mhhmfllmnkj
AZA,GEG,42.2,86,kn1mnmjnmkp
PIA,SRQ,42.2,101,n61nhsmnupn
SFB,SYR,42.2,111,jn105jlHDrm
IND,ORF,42.2,262,roomiiafhkp
STL,TUS,42.2,291,hghnomempjk
MDW,RIC,42.1,214,uyqpki9cdfj
ABQ,RDU,42.1,317,mjksjoaejlo
PVU,SFO,42.0,102,nkhkijjjkml
MSP,ONT,42.0,323,oqoljjefkim
MIA,SNA,42.0,409,jfghhkmpook
GSP,RSW,42.0,197,lgfkjjionpk
MSY,SNA,42.0,344,iegljjjonrj
LAS,LRD,42.0,145,pmjihpihjhn
BLI,PSP,42.0,109,111pouqvDuc
BOI,MCI,42.0,291,oooojlcfgjk
MDW,VPS,41.9,118,Cf7slg3grrn
DCA,ICT,41.9,314,njllhjchnls
BUR,PVU,41.9,57,0000000zY/S
GSP,PIE,41.9,50,kkjkmncgkks
GEG,IAH,41.9,327,qlijikgiljo
BIL,PDX,41.8,218,qrmmijdfijl
RDU,SRQ,41.8,194,gbiknmlnrmi
MSP,PNS,41.8,314,ggiifceyDme
PIE,TVC,41.8,99,xe0nkghmvol
JNU,SIT,41.8,160,xvkhebbhfms
CLE,PBI,41.7,282,hgfihsikFhd
BDL,PDX,41.7,367,xxnohia9egm
IAH,OGG,41.7,589,wjfjgkffqgs
AMA,HOU,41.7,217,mklkmmekljk
MDW,SJU,41.7,285,pjgfjmihtkk
LBB,MCO,41.7,311,medhlshkilt
CVG,DTW,41.7,306,jkpsjielkji
BOS,ELP,41.7,352,nkkohmdfkom
BWI,RNO,41.6,328,oqljdhfklkm
ABQ,FLL,41.6,306,kgfmmsjknjh
MCO,SGF,41.6,311,gohjkhlljmn
PBI,SAN,41.5,440,jjjlongmkii
SAV,SLC,41.5,376,liknhidhnqo
LAL,ROC,41.5,84,ko1fjvnkooj
DSM,DTW,41.5,351,opqnkgcfhmk
ORD,VPS,41.5,270,Gwa9ggdglmm
LAS,RFD,41.4,108,jkkljkiklkl
LEX,MCO,41.4,318,ihjljgmqimm
MDW,PGD,41.4,76,li0pmnllqnj
BOS,GSO,41.3,238,qqpliedghnm
DFW,MOB,41.3,308,khinmliljlk
LIT,TPA,41.3,287,ljjklmgkjnk
JAX,SMF,41.3,360,mjjlkpfikjm
SFO,SMF,41.3,238,mklnilehlll
SAV,SEA,41.2,396,uooihjbefnq
BTV,LGA,41.2,284,lnpojjilifi
FSD,MCO,41.2,304,ifhghiornnm
HNL,HOU,41.1,367,nefljmfhnlu
DEN,RAP,41.1,235,plpnjjgiigk
PBG,PIE,41.1,94,u60nlrkponl
CRP,DEN,41.1,221,eddpmsklojl
IAD,PVU,41.1,151,plhiinfijlo
ANC,DLG,41.0,284,rsllfiffmik
ORF,PNS,41.0,279,plkkkiehkmo
IAH,ROC,41.0,264,kjignnhmnjl
SAN,SYR,41.0,341,rsklhkdgikk
CHS,HOU,41.0,265,xgfsok79lmn
LIT,SLC,41.0,271,geinkmfmqmm
GSP,IAD,40.9,233,onilhhbhjso
BWI,OMA,40.9,277,rolqhh99kjt
CVG,PVD,40.9,180,vuswop978bf
GEG,TPA,40.9,300,nihfglhnonl
DSM,SLC,40.9,294,pnmqjkdhgjl
ILG,LAL,40.8,71,lkjhlkgjlpm
ORD,SCE,40.8,284,kmkppidhllj
MCI,PGD,40.8,91,k70omymmomn
BZN,TPA,40.7,333,wlmeaogipeo
LAX,MFE,40.7,240,Ooemgicfghg
BZN,JFK,40.7,319,QVa55g6tt48
ECP,PHX,40.6,330,ogjnifbfqos
ORF,PIT,40.6,196,uspriiadcfo
EWR,TUS,40.5,365,fhgjjmjnpqj
RFD,SRQ,40.5,94,o50plsllrpn
ATL,SHV,40.5,363,mkiokldkjlm
SAT,TUS,40.5,284,jjijmkijnml
JFK,VRB,40.5,194,00000wpALHB
LAN,MCO,40.4,132,jiciillqrmk
BWI,ORF,40.4,272,onqpiicjjhi
HRL,MCO,40.4,216,vmjrorcgcdj
TPA,TUS,40.4,333,hfehjqkqplk
ANC,DTW,40.3,454,XMlccc67a9o
ACK,LGA,40.3,240,//w9010001d
EVV,PIE,40.3,58,plkpnk1hnlq
HNL,PIT,40.3,556,pkhlioihljl
BZN,IAD,40.2,351,yypc8ihjlbk
BUR,PSC,40.2,156,olgfotilnn7
LEX,SRQ,40.2,109,m84rljknnqs
EGE,IAH,40.2,434,kf856KsDE56
ABQ,MIA,40.2,325,jgghnokhomo
DFW,TLH,40.2,379,iijnmkfkmlk
ELP,MSP,40.2,303,lkhjjmkmlik
ONT,RNO,40.2,230,nlkkhiknlij
DTW,ECP,40.1,254,jjhlcd9kyur
BGR,ORD,40.1,255,FIHB67334bm
CID,LAX,40.1,262,Fnhjpicdgji
MCI,PSP,40.1,335,87bhllqBBkf
MLI,PGD,40.1,94,i70nlvnnrmo
MSY,RSW,40.0,230,eadpmmlppqg
LBE,MYR,40.0,77,/VGm00000k2
COS,LAX,40.0,264,onkkhjiilkk
DFW,PVD,40.0,320,iloplichjmo
PBI,SYR,40.0,274,kjfjnklpmkf
BWI,ELP,40.0,330,mjkkjuefikn
ATL,TLH,40.0,297,knmqihfmklg
FWA,LAS,40.0,212,ysvvibbecck
LGA,PDX,39.9,323,rynjhldchli
LAS,SRQ,39.9,378,bcfmkkoptlk
BWI,HVN,39.9,60,ifdejgafsyD
BOI,DCA,39.9,365,mknkhjdhmmo
COU,DFW,39.9,321,hfmmpkfjkom
CMH,SAV,39.8,258,snpoge9gjnn
GSP,PIT,39.8,206,rpmsnlccdhm
BOS,TVC,39.8,217,+Zoh884456l
MLI,SFB,39.7,85,p40ppqnpkon
SAT,TUL,39.6,281,hjqpjhglkkk
AVL,PHL,39.6,294,ronsih7ahqp
DSM,SRQ,39.6,153,g74rrvptx8c
ANC,EWR,39.6,497,S/h97d5498t
ACV,LAX,39.6,248,ijhooojlhij
DFW,RAP,39.5,309,wqpnijabggo
PHX,PSP,39.5,324,9adkkiquyni
MEM,PIT,39.4,291,kkoqliciiln
BOI,TPA,39.4,318,ljfginhkono
DFW,LIH,39.4,545,tlkifjfdkgy
AVL,PHX,39.4,249,ukfFodbgghg
IAH,MSN,39.4,295,jmjljnghjlm
FLL,HSV,39.3,202,cbadknmnwqt
ROC,SLC,39.3,297,uomldfdgfhz
RNO,STL,39.3,311,yppicgdekjp
DAY,PGD,39.3,91,l50ppukonnp
CHS,SYR,39.3,161,nojnjkcijkn
AUS,ROC,39.3,276,llgolnefkmm
MIA,SYR,39.2,286,iqhkoloohhf
GRI,LAS,39.2,82,njjjiuihjik
AZA,GTF,39.2,76,n50qopjqpol
ATL,BMI,39.1,346,kjlnjlehkmn
MCI,OGG,39.1,497,lifhgjpoohp
ELP,ONT,39.1,241,mllrmjehkjj
ABQ,EWR,39.1,355,nnoskjadhnk
JFK,MVY,39.1,214,//Ed2100115
DAY,IAD,39.1,238,lnoojpcegln
MHT,MYR,39.1,144,ntpqg93ilpq
HNL,PAE,39.1,327,00000zKPQy0
LAX,SGF,39.1,274,zBgijidedkh
BNA,OAK,39.1,290,nmttkjbdhhl
EUG,SMF,39.0,219,oljnkkfgilm
CLT,ECP,39.0,276,qlijfd9fnxu
ELP,TPA,39.0,294,lggkkpghloo
PNS,SLC,39.0,315,mihjgicjpvo
LAX,SUN,39.0,364,yudb6wnyp67
PWM,SRQ,38.9,222,ccaapplswwd
GRR,MCI,38.9,289,rnpsigcjehl
PHL,PSP,38.9,424,89flklmuvoi
GSO,LAX,38.9,355,imhqijgjhon
PHX,VPS,38.8,320,sijohhbekmu
BTV,SFO,38.8,441,uuqogjbddgl
GEG,SAT,38.8,286,onjkklefjml
HOU,PDX,38.8,243,uqnohjdfjjf
DCA,RNO,38.8,385,ounhfgfmmij
GSO,PIE,38.8,49,imemokgkikr
CAE,IAD,38.7,244,jnkpnjbginm
HOU,SNA,38.7,243,mkghirhjolk
BLV,GUF,38.7,70,nmmkiigjhit
BOI,SAT,38.7,295,mihljnghklp
SAT,TYS,38.7,276,nijkikegqno
ORH,RSW,38.6,207,0004eeiM/T0
IAD,SJC,38.6,277,tmlmojbdejo
COS,TPA,38.6,295,oljkfohkjho
LGA,OAK,38.6,251,mtmklpgaemi
BNA,LAL,38.5,57,nkgikocinmn
ELP,SNA,38.5,232,jhhsknhjmkj
IND,SJC,38.5,326,tpilikbdklm
ECP,PHL,38.5,263,wvggdjcglno
IND,OKC,38.5,286,lmlqmheihjn
GSO,PHX,38.5,328,lhjlkkhklnk
ERI,MCO,38.4,132,iifhjjjotqg
AZA,FCA,38.4,87,Jo00bkkowko
BHM,MSP,38.4,353,lmonkjciink
ACV,BUR,38.4,115,CEEl4432kqm
IND,RIC,38.4,284,kjnmijhghpn
JAN,LAS,38.4,345,ihjKgighihi
ILM,ISP,38.3,87,hlfowyjaegh
ITO,KOA,38.3,137,khjjghjrmol
MEM,MSY,38.2,306,ddgomi9lrur
PWM,SFO,38.2,415,Azspfd9bbgl
CLT,RDU,38.2,316,kjkpkjcjnll
BIL,MSP,38.2,272,ntmojnddghl
DTW,MDT,38.1,338,klrrmkcggkk
DAB,PVD,38.1,130,kkgjhjhnpnl
DEN,MDT,38.1,319,lnlmjkghkkm
AUS,FAT,38.1,269,kjjnlmcglmo
FAT,HNL,38.0,358,tklkmijfiil
ABQ,ONT,38.0,260,mmlpilgiijk
IAD,SNA,38.0,385,lnlmlkcfinp
ELP,MIA,38.0,348,niimkkignlm
CLE,HNL,37.9,589,rhiijnejmko
CVG,HNL,37.9,611,ohihfkjjokr
PHL,TUL,37.9,311,okopmlbdhkm
MCI,PIE,37.9,74,p60qnpgnqop
CHA,FLL,37.9,184,qifgcbbntus
FCA,LAX,37.8,336,KErd9hbgebg
ANC,BNA,37.8,425,Fwlgcg9ceit
AUS,SYR,37.8,299,pmjnjmcghjp
MCI,SDF,37.8,292,klnriibjinm
DTW,SYR,37.8,326,knmtlgdijjj
SDF,SJU,37.7,294,ndeigmllrnl
ORD,RAP,37.6,237,FAwoba779gr
ELP,SFO,37.6,272,nklmlnfgmjk
LNK,ORD,37.6,257,mkiklkghknm
JAX,OKC,37.5,298,nnijklehkko
BGR,TPA,37.5,145,lmklfkhomkj
ALB,JAX,37.5,288,nojkkmekkli
BUR,GEG,37.4,241,srlklpehhhf
MIA,STX,37.4,329,gdcijnmoppo
BGR,EWR,37.4,221,BMzsbf5688k
BDL,CLE,37.4,280,nqspigddjil
HNL,MSY,37.4,531,refiinfkhmu
MCI,PBI,37.4,327,jihklnhkpmj
LIT,SAN,37.4,314,pkjoklehlhl
BFL,DEN,37.3,260,olkmknggfho
GSP,SEA,37.3,375,vuqkggaddkq
BFL,PHX,37.3,307,fghmlljmplk
BNA,FNT,37.3,66,omlsmm3ellm
DFW,MRY,37.3,491,xvmnki8dejl
BIS,DEN,37.3,241,ronnijefgim
DAL,TUS,37.3,211,798sqpkpqmp
AZA,MLI,37.2,85,s60mninlvlr
HSV,PHX,37.2,348,kikmlkikmlj
MDW,RNO,37.2,274,yCvfafbfgfl
LGA,PSP,37.2,399,aefqgfdggMw
BWI,STT,37.2,325,if7b9cbtTvl
BOS,LIT,37.2,336,qooukj9bglk
CRP,LAS,37.2,284,jkimnlglikm
ANC,IAD,37.2,504,/Ug96857a9t
ANC,KOA,37.1,390,887bmxFCtda
FLL,TUL,37.1,299,kghnlmmjlhm
DEN,LNK,37.1,246,mmpolhhjgjj
JAX,ROC,37.1,237,mlfjijjkqmj
BZN,SLC,37.0,335,loopghgnigj
DFW,MSO,37.0,323,Lskjfibcgfk
CMH,ONT,37.0,333,pjoklnbfjoj
DAL,DTW,37.0,235,tmllhkhihgn
FNT,JAX,37.0,75,ud22fvkpvqq
SFB,TVC,37.0,90,n40nmlorxlm
BNA,COS,37.0,268,qmpoikdghhl
LAS,MDT,37.0,353,fcimikkmppo
CLT,SJC,37.0,295,kjfhfnhqlno
HOU,IAH,36.9,0,jjkmllgmoji
BZN,SMF,36.9,224,sqnmjkfgfjj
MEM,PIE,36.9,52,yj0mmmeijqp
GSP,HVN,36.9,72,nkgijocgmsm
DTW,VPS,36.9,257,kmhjgcajstp
ALB,SLC,36.9,350,unlneidlkij
PVD,RIC,36.8,159,oplnhhaenmp
EWR,PNS,36.8,267,wullikedihf
ECP,LAS,36.7,352,ihonhjgjpkm
RNO,SNA,36.7,221,mkljghjolnh
GEG,RNO,36.7,268,rqmmhkeiiki
DAL,ORF,36.7,228,oqlpkncahio
BOS,SBA,36.7,419,qpnlkjcfill
ATL,FWA,36.6,356,nlknhliijlj
ECP,IND,36.6,257,whhrb87cssy
LAX,ONT,36.6,51,kigljrejmlm
SAN,XNA,36.6,303,osiogkgikik
ABQ,IND,36.6,288,oimzgn9dgmn
DSM,TPA,36.6,306,giighoknpml
GJT,SNA,36.5,128,nhjljigjmqm
FAR,MCO,36.5,327,bfgkjkqtnmk
LNS,MCO,36.5,93,xxfggjgiiji
EUG,SJC,36.5,207,nghhmh7gnxr
TPA,TYS,36.5,297,mkiljkimill
BWI,ILM,36.5,112,qlmkimacjsm
EUG,OAK,36.5,199,tooswujn423
COS,SMF,36.4,251,sqlmhldhhgk
ICT,LAX,36.4,261,Gmhikkcdgil
BTV,RSW,36.4,245,bdbdfqryvre
HOU,RIC,36.4,233,okkmmmcfklm
CVG,GUF,36.4,60,ollnfebjnnp
GSP,SAN,36.4,365,ljkojlhljjk
IND,OAK,36.4,258,ppjmjtbdhim
LCK,MYR,36.3,56,+Hkn0000fgE
BGR,PHL,36.3,290,zGxqeb68bdl
BIL,DFW,36.3,327,ponmimbfhio
PIE,RIC,36.3,60,no1nklillnq
BOI,LGA,36.3,392,ppmkinfdkhn
CLT,DAB,36.3,293,jkhmlhjuhki
AZA,BOI,36.2,61,jnmonpmppa0
DFW,TVC,36.2,332,XLti997778l
CAK,RDU,36.2,99,e9dnkpjkmqt
PGD,SYR,36.2,115,l900cvnHDqf
CHS,MEM,36.1,296,mjlrohbhmlk
MEM,SMF,36.1,334,olmnlkcejkn
OMA,VPS,36.1,214,KFffc96dggw
AKN,ANC,36.1,294,/Hma77557ag
DAB,ILG,36.1,82,mkkmpsimrh0
BUF,STL,36.1,258,sqtrih9bhfn
RDU,TUS,36.0,339,jgflmpiklmm
BZN,RDU,36.0,301,Atpfbjfigdn
ATL,CID,36.0,347,hgiomlghjnq
DFW,EYW,36.0,441,uf9gkmkilms
BTR,DCA,36.0,328,kdilifmkopn
AUS,PBI,36.0,369,ihjmmlhlmlj
DSM,SFO,36.0,354,qqmnijcggip
EWR,OMA,36.0,298,lnoklnefhio
MFR,SLC,35.9,290,rqmmjkbgemk
GFK,LAS,35.9,117,qlkojjjlpq2
MSO,ORD,35.9,277,JCmibf8adep
ATL,GPT,35.9,319,jllnjmgmkij
AZA,CVG,35.9,89,rp0trs17oqq
IAD,SYR,35.9,270,lknrkjbemlm
GPT,MCO,35.9,161,qk8nkpajlon
CAE,LAS,35.9,373,kiknjljijlj
FCA,SFO,35.9,329,HMvh8fafa7g
MEM,ORF,35.8,281,nlmmojeeimm
CHS,MHT,35.8,139,nminjm7imoo
GJT,LAS,35.8,150,jhkmikgkmmo
IAD,RNO,35.8,401,ponidhhjmjo
JAX,SNA,35.8,406,lgikjkinomj
BHM,PIT,35.8,303,mkmqmhehhll
HOU,PNS,35.8,196,tpnohm7eijn
OMA,PGD,35.8,92,o50qmqnmmqo
ICT,MSP,35.8,344,qooplicfglj
MCI,PVD,35.8,275,xurtih99cfk
BHM,SFO,35.8,426,ojknmkegjko
ELP,SMF,35.7,274,qmhmkofgjhl
IAD,MOB,35.7,238,rnjmqpdfihg
PDX,SDF,35.7,343,rltqghaeilk
FLL,SWF,35.6,68,pq1lmnoppq1
DFW,HVN,35.6,103,qmjiiiehlrm
AVL,EYW,35.6,76,nihlinfjlnl
ATW,SRQ,35.6,125,222sopqvCsg
EWR,OKC,35.6,324,nlmnkmddjkn
CLE,ONT,35.5,285,sqmmljdfilh
GEG,PSP,35.5,275,cabglmpxsrf
SEA,SIT,35.5,296,JKneac9addo
GRR,SAV,35.5,208,ogfjfd8eAEi
SAT,SAV,35.4,307,mhljkjeilop
GEG,MCI,35.4,289,vrmlikadijm
ALB,MIA,35.4,271,fighjkqvikk
CHA,DEN,35.4,301,qonlgieihko
SEA,SUN,35.4,279,mqgbavrBr86
CMH,PWM,35.4,212,BCxvia6589p
MYR,STL,35.3,227,Gunkcc8bjip
CHS,CLE,35.3,269,okrrkhafikm
ANC,JFK,35.3,471,/Lfdae99bad
ABE,CLT,35.3,274,hnnrnocggji
GRR,SAT,35.3,296,ojlngkellkk
AVL,SFO,35.3,377,tppqgibchmk
BIL,PHX,35.3,283,hkikgikosmg
DEN,SAF,35.3,237,lnmniigjjkl
ELP,RDU,35.2,329,kjikludgkip
MSY,XNA,35.2,206,mhhonjfiomi
FLL,FWA,35.2,160,7657hvurAsq
MDW,SNA,35.2,245,qpjikljjiii
DAY,MCO,35.2,267,gikijnjlolk
PDX,TUL,35.2,308,tpnnikacikm
BDL,HOU,35.2,279,oojolmcgklj
ELP,MCI,35.2,281,nkjkkpdgjlp
GSP,MSP,35.2,336,nomlkjehjkk
MEM,SFB,35.1,59,A80mnoikljs
BOI,PSP,35.1,245,bacfjlqvypg
BHM,MCI,35.0,295,lkorkldihlk
DRO,IAH,35.0,317,wphhdmjnifl
FLL,PWM,35.0,269,gffihjmqmvl
ELP,PHL,35.0,355,lkmojpgdlin
ILM,MIA,35.0,291,fgbkjmtqokh
ANC,AUS,35.0,436,Hylhdg9bgeq
GSO,TPA,35.0,264,mlkkjginkmk
MSP,TUL,35.0,294,nnnqjieifin
PVD,SFO,35.0,352,rsnlhhcigjn
AGS,DFW,34.9,393,gefkjmbhmKj
JAX,SYR,34.9,246,plilgiijnlk
AUS,PWM,34.9,331,Dwsxgd89bcj
MIA,PVD,34.8,254,dkghgkotloj
MSY,RNO,34.8,308,kjjmgkfqknj
AUS,SBA,34.8,322,lillkifknml
DTW,HSV,34.8,377,kmkmklcimjo
IND,OMA,34.8,281,jooqggehlmk
RIC,SRQ,34.7,222,fbbdormruog
LAX,RDD,34.7,213,rlg5opjklmk
IND,PNS,34.7,262,pklrfgahlqn
PHX,TUS,34.6,263,bcelmjlsvqh
DFW,MGM,34.6,351,ghkookfjlnl
ILM,PHX,34.6,330,nlkojliiiik
MSY,TUL,34.6,263,hflrkjgmlmk
OKC,PIT,34.6,326,nnmokjdgijo
ACK,JFK,34.5,219,//Be120101c
BNA,CVG,34.5,260,innnhfdmnmm
ATL,KOA,34.5,500,nglheogmhkt
FAT,IAH,34.5,327,nimmjjgkmim
BOI,PHL,34.5,347,wtonghcafho
ACV,SFO,34.5,221,nnlnkkghhkj
AZA,FWA,34.4,111,o10rmkdlEot
HOU,SAV,34.4,243,vnrseb69onp
MIA,RNO,34.4,369,jmfffmoqske
FCA,PHX,34.4,317,nnqpikgjhhh
PBI,SLC,34.4,451,heeffrpttjh
PIT,PWM,34.4,203,ACvwi97789q
CLT,RNO,34.4,375,qomjfkflmhl
PNS,SAT,34.4,263,qmknkkegkjk
GSO,IAH,34.4,261,wpjlhidggkm
DFW,SGU,34.3,302,hfhnllejoop
CLE,DAL,34.3,228,nrmlkpefhhj
DFW,LRD,34.3,326,llkknnhliji
CMH,OKC,34.3,302,kmmqiiehjjo
LAX,LEX,34.3,365,jjnmkjfijpm
GRR,SNA,34.3,334,mmklikfjhgs
PDX,RSW,34.3,394,lgggkqjmpmh
BWI,BZN,34.3,296,yztfagehfdn
CHS,PDX,34.2,341,pnjkjkcgipn
PDX,RIC,34.2,372,vopoho9bggn
DCA,GEG,34.2,355,pmkmfjbglno
ANC,TPA,34.2,471,Eshcdjdhjgr
BZN,STL,34.1,265,Dvujbeeffbl
FLL,SNA,34.1,425,jhfjnooolkf
DRO,PHX,34.1,269,ihknijjnnjk
DSM,RDU,34.1,279,polmjichgkq
IAH,JAC,34.1,419,Fxmh8redj5l
ACK,DCA,34.1,228,//Gc1100016
EWR,SJC,34.1,346,wxmljgaeefo
GSP,SFO,34.1,423,nknpllcgikl
CAE,EWR,34.1,226,Cuoc98cjlmo
COS,MSP,34.1,244,KLnjdg99bbg
OAK,TUS,34.1,210,gkgmlljmllk
ORF,SMF,34.1,361,sniliqcehkm
EWR,SYR,34.1,170,inssprffffc
JAX,OMA,34.1,300,mhipkkeklkn
BTV,DFW,34.0,355,rlswihcegfk
MHT,PHL,34.0,330,ponqlidfhil
BOI,EWR,34.0,374,poqnhkccljl
CID,ORD,34.0,215,klmnkkeijkn
MCI,MYR,34.0,253,Itokdc6bgis
BWI,ECP,34.0,253,toigciadlvt
BZN,DCA,34.0,343,wxpj9gfjkgg
SMF,TYS,33.9,351,nmooklcdhko
CLE,MKE,33.9,251,notnigdhhjm
BNA,PSP,33.9,382,cbfnkjjmrxk
EYW,MIA,33.9,290,fdbglnptnnk
CMH,ECP,33.9,251,qpkjdb9dvnt
AUS,LIT,33.8,276,ihmumheijml
BTV,LAX,33.8,416,rrlphmeiegi
BUF,CHS,33.8,225,rploii9gjmm
ANC,KTN,33.8,394,mmkkijfgkrl
HOU,HVN,33.8,111,ooikjg3frto
BUF,DTW,33.8,283,lnorjgfhjgm
BOI,MIA,33.8,330,jdefkprooki
MCO,PBI,33.8,185,adaekqpzxmd
MSN,PDX,33.7,329,rtrqhhadego
BOS,MDT,33.7,315,lnoplhdeiok
ATW,DFW,33.7,376,ohnjkkekjln
MLI,PIE,33.7,79,r70qpoejors
IAD,ROC,33.6,230,onmlolbejim
DEN,JAN,33.6,312,qkmnjpfihgj
BOS,KOA,33.6,595,jnehfolpjoj
CVG,ONT,33.6,328,ninniocjjkj
ILM,RSW,33.5,142,ggcgtqqllkh
OGD,SNA,33.5,88,rliiijjkjjm
GPT,LAS,33.5,213,jkknkoihkil
ABQ,CLT,33.5,303,lgltincfinn
MKE,PIT,33.5,256,okoyhhbfgkn
EWR,MDW,33.5,102,334utDe2vMh
BNA,CID,33.5,177,tzwvca8ccfn
LAS,PWM,33.4,354,jlpqiccfjwl
CVG,ORF,33.4,232,Cumlhd9egil
RDU,RNO,33.4,342,ppkjfhghklo
SFO,SUN,33.4,373,vsfa5qoCr78
ORF,PDX,33.4,370,tsojgnaefio
ALB,IAH,33.3,372,sllmiifiikn
LAS,SBP,33.3,196,babtssoqpka
DFW,GNV,33.3,359,ffhllnfnnpl
JFK,MCI,33.3,359,kkjpoyefghg
SJC,TUS,33.3,255,hkgkllglqkn
OGG,STL,33.3,526,qhgffjonnho
ALB,PBI,33.3,315,igfkijkrrnh
IAD,PGD,33.3,66,on0pon3ismu
GSP,HOU,33.3,265,somypr7gbde
BOS,HSV,33.3,308,oornggdeklm
ICT,TPA,33.3,292,jgklkljpjin
GSO,MIA,33.3,347,eedgpqnnlnm
JFK,MKE,33.2,290,uvmkmqcbdfj
AVL,LAX,33.2,360,pllrjidfllj
CMH,OMA,33.2,270,nprpggefgjo
DFW,LFT,33.2,360,jllokjhjimj
GEG,TUS,33.2,271,liflklhnmnj
JFK,KOA,33.2,688,nuieemknkji
COS,IAD,33.1,366,nonhhidhkpo
IND,RNO,33.1,313,qpppdfcfhnp
SFB,SWF,33.1,79,qq106ykrsot
CID,LGA,33.1,282,npklkoedhln
GSP,IND,33.1,280,nnomiibiilo
MSP,ROC,33.1,306,lmrqmjbdgln
HPN,JAX,33.1,154,dehmjlirvv7
CLT,HOU,33.1,225,qpjllmeelii
ATL,LFT,33.0,348,lliojkfljml
PSC,SAN,33.0,239,pmljkkhjjil
BDL,SMF,33.0,361,ppnqhkbeghp
PDX,PVU,33.0,61,Fvrroqn700d
MKE,ONT,33.0,313,umlkkubdhhk
ELP,PDX,33.0,296,pomnindekil
FAR,PHX,33.0,347,dejffmqvsmf
ILM,MSP,33.0,227,+Diebe9cccg
BDL,SNA,33.0,400,qomlejijhjl
BUF,SAV,33.0,224,lpjmffbflxn
BUF,SAT,33.0,298,qoopindeghk
DSM,JAX,33.0,186,zsmxvb7ddcd
BDL,GSO,32.9,171,oomnjkdehhs
IAH,STT,32.9,457,Gh9fiifbtew
KLW,KTN,32.9,248,RPhee978dgi
MAF,PHX,32.9,286,ihiojjinnkk
DTW,TUL,32.9,311,loqojiceglo
ELP,SJC,32.9,272,nikonqghhhj
BTV,PHL,32.9,344,kpnqhjfjijj
BUF,MCI,32.9,280,uttrlg99dfl
CLE,ORF,32.9,243,ssslhhaegjn
MIA,PBI,32.9,362,aa9ckusxvme
PBI,SFO,32.9,498,ifjilpkomki
BOS,CHA,32.9,269,nlqrihbcjmo
CLE,MEM,32.9,288,ompokibhijm
BOI,STL,32.9,298,tsqjgicchio
EWR,SBA,32.9,428,lnpmkkdelll
ABE,BNA,32.8,125,Avruru4556i
ATL,LGB,32.8,238,nggnnpfhhml
BWI,IAD,32.8,0,lijnji9cqqt
ILM,LAX,32.7,372,rmjllndhgjm
FAT,SAT,32.7,290,mhilloeiknn
ABQ,CMH,32.7,295,nltugjbeihm
CMH,MYR,32.7,211,Hrpiff9bhjl
MKE,TUS,32.6,285,hhgnikiquii
HOU,SFO,32.6,268,jifoijgjrlp
MCO,MFE,32.6,271,jnmpinhlfji
DTW,ILM,32.6,186,wvqrioabdef
EWR,HDN,32.6,377,44322BF/O32
FCA,SAN,32.6,319,Kwogeidedch
CMH,MEM,32.6,294,lkpnjgellkl
LGB,SEA,32.6,186,pqnjfjjngme
BOS,CAE,32.5,285,jnnnhhbhmnp
CLT,LEX,32.5,382,hiltjhbkiqn
AUS,GSO,32.5,261,mkirjkckimn
AVP,CLT,32.5,278,kjkonlchhmp
DAL,SJU,32.5,311,Emhfkmedicr
BTV,CLT,32.5,335,uopvfh9feio
HNL,OKC,32.5,511,ojhhfnhgmix
MEM,PDX,32.5,360,qllskjcdgjo
OGG,PHL,32.4,654,osefgmimkmj
FLL,STX,32.4,146,Dthlnifiih6
MDT,MYR,32.4,101,DAus64455ww
DAL,RSW,32.4,260,debghlrvGfd
MSO,SFO,32.4,272,Lzkfficbcel
PBI,SDF,32.4,345,ffhmimjnorj
BTV,JFK,32.4,258,lnmplqhjhef
SDF,SMF,32.4,357,ojsqjhbghnl
GRR,VPS,32.4,142,ra6rp54qCyg
CLT,DAY,32.4,340,lkmoikfijkl
LGA,TVC,32.3,362,TZldab6869k
BNA,JAN,32.3,256,jmppjjdmhlh
CLT,MLB,32.3,277,jhjmqrjihji
AVL,MIA,32.3,271,BtsBad899mj
MKE,SAV,32.3,271,klmqifagorl
MFE,ORD,32.2,303,kimnjogljim
IAH,PWM,32.2,336,Arqvidabddl
PSP,STL,32.2,327,cacimomqymj
BNA,MSN,32.1,274,jjlnijgljmm
CMH,SJC,32.1,317,qmpoinegfij
HNL,MKE,32.1,498,jnhkimmkmji
ABQ,RNO,32.1,267,ppnnehdfisl
HOU,SJU,32.0,302,Gkhjjhddhio
FLL,LCK,32.0,75,wb00fwmnunw
LGB,MCO,32.0,230,Aehimniijkf
DFW,MLI,32.0,406,kknpkjhhjkk
OAK,STL,32.0,301,qksolqbbhik
DTW,STT,32.0,467,ga8aeqpBzof
PIT,TUS,32.0,329,liiollfkloj
ABQ,PIT,31.9,299,olkAjkabhkm
CAK,PBI,31.9,121,55ikkqntvnk
BNA,PIE,31.8,68,w800cykpytr
ICT,SAN,31.8,282,qklmjmeflim
HPN,MIA,31.8,281,66553jXLwpd
DCA,PSP,31.8,389,ddiqnkgmnon
IAD,MHT,31.8,203,srhghnegljm
BOI,DTW,31.8,356,rrnmhkbdhko
DCA,MVY,31.8,241,//l70000016
HSV,SEA,31.8,404,rqrkgfceijq
STL,TUL,31.8,240,mrrsnjfldec
GSP,SLC,31.8,387,kknkhkfloim
PBI,PWM,31.7,295,rmlihjgllki
GEG,STL,31.7,298,zrpjhjbcgil
GEG,PHL,31.7,324,vsmkijddfjm
BZN,SNA,31.6,262,qspjfkhjjgg
FNT,VPS,31.6,79,hgelhljpuoh
CLT,JAN,31.6,319,mijqllfjikl
BRO,DFW,31.6,315,wokkhfchnjl
ALB,STL,31.6,286,urppjjabfho
AUS,SRQ,31.5,210,Chadtwdgefp
PDX,RDM,31.5,188,nmjkkrlmhff
JAX,ONT,31.5,342,mfgjlphhonl
ATL,MLI,31.5,332,rnnomjdggik
PIT,PNS,31.5,271,molmjkafjpo
SNA,TYS,31.4,370,mmmnikehgmm
DAY,SAT,31.4,292,lkjijlimllm
DTW,XNA,31.4,355,llnokkdgimn
LEX,PHL,31.4,360,okpnpeccbsr
IAD,OGS,31.4,33,svekikceikp
MDW,MHT,31.4,233,rHuxgf599dj
BDL,PHL,31.4,351,kksujgcfkjm
LIT,PHL,31.3,300,sjmnkjcekln
COS,MDW,31.3,206,Kwxxkj98769
ECP,SLC,31.3,345,oiilfhabnvx
LAX,MDT,31.3,368,kkioknfjiln
ICT,LGA,31.3,317,kllmlscbhjq
CHA,DTW,31.3,371,mnnskgchjjl
MEM,RIC,31.3,290,kkkpmjcgklo
MSY,TYS,31.3,289,ieinmjekltl
MYR,ROC,31.3,165,dqbnihaisvp
PVD,STL,31.3,289,uspukh99dil
MDT,TPA,31.2,301,gkiijjipsjk
RSW,SAT,31.2,327,igfjkmmlpmk
EYW,RDU,31.2,239,ecbhgrmntrn
SAT,VPS,31.2,256,Bqlgdedbjju
ASE,EWR,31.2,588,oohc8tszy84
ICT,VPS,31.2,134,/E785433jsE
CID,SEA,31.2,331,uumlhkcdeio
ELP,SJU,31.2,340,upjdhnhdnjk
STT,STX,31.2,137,okhgbhimtmo
MCO,STX,31.2,253,pmahmojkngm
DCA,PHL,31.1,269,kgmpkfchqpo
EGE,JFK,31.1,563,00010vP/Y40
CHS,MKE,31.1,275,onkqhjaejpn
LAS,SMX,31.1,55,tljjijhhfnm
ANC,OGG,31.1,417,a87envAxvcf
BZN,MCI,31.1,247,Ctqkdhcegel
CLE,OKC,31.1,287,qnooglbfjho
FLL,RNO,31.1,370,hgcdippqxkg
CMH,PVD,31.1,238,morrlga8dix
DTW,OAK,31.1,282,rqjjhpdfhkl
JAC,LGA,31.1,440,tIse7bkok9e
SAV,SDF,31.0,231,Donofbaggnl
CID,SAN,31.0,296,jkkkmlijnjk
MCI,TYS,31.0,286,kmmnjhagknr
ORF,PWM,30.9,206,zzsmddac9dt
GRR,MSY,30.9,279,jfgmjkkllnm
FAR,SFB,30.9,141,ob007qvtvtv
ILM,SAN,30.9,328,ooilimekkjk
OMA,ONT,30.9,273,olinllchlfr
DTW,KOA,30.9,512,jfffeootthi
PVD,SEA,30.9,354,tyrkehddejj
CID,IAH,30.9,274,ihikjlhkojq
PGD,TVC,30.9,123,000qrzutCmd
DAY,SFB,30.8,66,s60wqq1ipqw
JAN,LGA,30.8,348,khjmqtgekgl
IAD,OGG,30.7,608,qvlfingfgjl
MIA,MSN,30.7,329,cecilmtssjh
BOI,HOU,30.7,248,mjghmqglmim
CAK,CLT,30.7,341,kkjmhmhjkkm
MDW,TUL,30.7,227,wpqplg57dju
ATL,ATW,30.7,384,mhlnmkhjhmk
HDN,ORD,30.7,303,78853BFSM54
BTR,CLT,30.6,317,fhgpmldmkrl
DTW,ROC,30.6,281,ikopljfliim
ECP,MSP,30.6,250,fhhfcedtMof
JAN,PHX,30.5,365,kekoiitliij
LGB,PDX,30.5,185,qmjiihhlkni
BOI,FLL,30.5,313,cdcfoosrqnh
IND,MEM,30.5,318,mmqnliejijj
CMH,RNO,30.5,317,qnpjddehmoo
IND,LGB,30.5,235,llhnjwkfhkf
CMH,VPS,30.5,240,zulndb8bilr
MSN,SNA,30.5,358,glkkjqjmjji
LIT,SAT,30.5,284,kkmnhjelkmn
BOS,PQI,30.5,88,klkljmehlnl
DFW,GJT,30.5,319,eejqnmehqko
CLT,SBN,30.5,344,ljmsmkahhlm
IND,PVD,30.5,278,spspijaackp
CLE,GSP,30.4,269,noqoihchkjl
ONT,PIT,30.4,322,mnnojqdhhii
GSP,MCI,30.4,304,kknpjlbgkmn
FSD,LAX,30.4,239,Htgkigceehk
BOS,COS,30.4,284,rtopikbdfij
LGB,SAT,30.4,239,rjgljojkhki
SLC,VPS,30.4,348,ljhmhgbioss
GRR,SMF,30.4,331,ysnofm9fdhl
FLL,FSD,30.4,176,54488pCIyvk
BDL,ILM,30.4,152,njhkhkdhlpu
MCI,MEM,30.3,310,lnpokhcjjlj
FLL,HNL,30.3,587,qlfijpifljm
GEG,KOA,30.3,367,egdfkkpwong
BWI,OAK,30.3,313,sqiljrcdgkl
LAX,MSO,30.3,277,Jzggfgaeegm
SFO,TUL,30.3,345,olmnijefklo
DCA,ORF,30.3,270,mnrohgehjjm
PGD,ROC,30.3,113,000qtwpEusb
HOU,TYS,30.2,136,wk6zsv64gfr
FLL,GSO,30.2,249,okimihjlmjk
ALB,MSY,30.2,312,kffskieklqm
CLT,SGF,30.2,346,ommoikaggno
DEN,MLI,30.2,253,kmkmnmfhiio
MSO,PHX,30.2,285,kkiifilupii
SDF,SNA,30.2,375,khnogkiihql
ELP,MSY,30.2,273,hhiokldnlnl
MCO,SHV,30.2,289,lfjnlngimkn
ASE,DEN,30.2,325,vpljcqmqoa4
LEX,PHX,30.1,361,rfklklhljli
CMH,PNS,30.1,252,qolmggdglmo
LGA,TLH,30.1,395,gpknmndhill
ATL,MOB,30.1,328,lknpilgmihj
PHL,ROC,30.1,339,jkooljfgjml
CMH,TUS,30.1,319,hfiljmhnplm
PDX,SJU,30.1,415,ilecipomsli
CHA,PHX,30.1,376,hgmlklhlnnl
CVG,SJC,30.1,367,klnlijejkpl
DFW,GPT,30.0,330,lijjlnhkkkl
PWM,STL,30.0,301,AxAxcd68bdk
BOI,RDU,30.0,334,snnlinbgfhp
FAI,LAX,30.0,318,jflhjxiqrec
FLL,ONT,30.0,352,jfehlmlnqpi
OGG,RNO,30.0,424,hehqhlllrng
LAX,SAF,30.0,246,556ppplpsps
BUF,DAL,30.0,261,wookksbaffl
RNO,TUS,29.9,267,mkjnjljhmlh
ATL,FCA,29.9,409,Hvtf8jfhebh
GSP,MSY,29.9,299,jsipjfehmmk
FCA,IAH,29.9,371,Owqg9ldfcag
SBP,SFO,29.9,224,hjjpmihmjmm
BOI,LIH,29.9,405,iedjklqnpjk
IAD,TUS,29.9,391,ggijknhlnmo
HPN,SAV,29.8,156,knlniieimml
RDU,TUL,29.8,284,nlkmnmchfmo
BNA,GSO,29.8,262,lnkqjhdjkll
MKE,RNO,29.8,291,rqmjecbcixq
ELP,LGB,29.8,202,Urwpdka8a9a
EWR,PHL,29.8,394,mkmnllbeklp
CAE,LAX,29.8,366,nklnkjgjimj
DTW,GEG,29.8,331,ywomfidebfm
ICT,STL,29.8,233,mpstmlgmccb
MCO,SBY,29.8,156,353lnmqrpwx
CVG,HOU,29.8,225,qnjkdkegrkm
ALB,PDX,29.8,372,xzpnfk9beem
EGE,LAX,29.7,317,57545CISH97
ROA,SRQ,29.7,80,pihqlkemto4
IND,MYR,29.7,227,Gplufd7afjn
EWR,FAT,29.7,348,mnllkmeeilo
AVL,IAD,29.7,87,nunrmm52lkq
PDX,SRQ,29.7,286,kifggkflovo
SRQ,TPA,29.7,461,ca9flpktxrh
ATL,EGE,29.7,558,55433BA/J22
GRR,LAL,29.6,81,nq00oFvsxf0
DTW,LEX,29.6,315,hkoqjhdmlmj
DFW,TRI,29.6,398,mmlmnmdglkj
HOU,TUS,29.6,246,hhjtpsfljgf
EWR,KOA,29.6,612,owcegqlgklj
CLT,HSV,29.5,321,lklnkkfkkli
ANC,SIT,29.5,334,rolkjifgjkn
MKE,ORD,29.5,199,wpokilbdgjl
GTF,SEA,29.5,204,mokmlmhghhl
EYW,TYS,29.5,117,643mppqrsrs
CHS,SJU,29.5,313,heehimmrnpm
MIA,TUS,29.4,364,gdeiknqpnoi
MSP,STT,29.4,461,6749clABVn9
ABE,RSW,29.4,112,3333mrnyAxw
PHL,VPS,29.3,265,loijlmbikom
DFW,EVV,29.3,350,likqpmdhikk
GSP,SAT,29.3,324,kikpmldilkl
MSY,ROC,29.2,240,kfgqkihjlpl
ATL,FSD,29.2,391,mhktpjedgkp
LGA,PHL,29.2,407,rjlnllbckko
BNA,ICT,29.2,271,kipojjejjkn
BOI,IND,29.2,314,ommzhk9efin
DAL,SRQ,29.2,238,gc9fimsvFgc
ANC,MCI,29.2,416,NDkdcf99dds
AZA,GFK,29.2,106,000rontFJq4
BTV,DTW,29.1,325,noothldhggj
ATL,TYS,29.1,298,iinqkiekklk
SJU,SMF,29.1,388,kkcegnplpqj
BHM,JAX,29.1,326,jjmokggmkkm
HSV,SAN,29.1,350,pljkikgiklm
HSV,SLC,29.1,369,ljjjhliolkl
CHS,RIC,29.1,219,qlnqllbfgho
JNU,KTN,29.1,203,nkolhddflrq
RDU,STT,29.1,355,mdbdfkllvsp
MKE,PBI,29.1,316,mkgljlhnnlh
BGR,PGD,29.1,106,000qqrpCvyd
CHA,CLT,29.0,331,kilpgiglolk
JAX,PWM,29.0,299,rsrqhgbegji
CLT,TUS,29.0,356,hhflmoilokl
OMA,PIT,29.0,286,nmqrnicbhjn
BOI,FAT,28.9,263,mlkolkfigjo
STT,TPA,28.9,297,lecekmmmonq
CMH,RIC,28.9,272,komojgejlmj
HOU,PVD,28.9,261,qolpkndihgh
DFW,IDA,28.9,345,qpnmilgigfk
ILM,LAS,28.9,424,iimmjhjknkl
DFW,ROA,28.9,331,ljjmllfmjkm
ALB,DAL,28.9,274,nmmmimdijjo
GEG,MIA,28.9,321,ffbdlqpspmk
ATW,DTW,28.8,274,ijooolfhikl
DFW,EUG,28.8,298,Dnlkijdeghk
CLT,TLH,28.8,305,iilumhekkmi
RDM,SLC,28.8,314,onolijgiijj
DLH,ORD,28.8,255,srrpgcbehkn
CAE,IAH,28.8,302,nlkljigjimm
MSO,SLC,28.7,303,oogmligmiki
COS,HNL,28.7,413,pjgjhkkjpim
FCA,SLC,28.7,366,Btqnejegdci
CMH,GSP,28.7,266,kkophgdhhmt
DCA,MGM,28.7,361,jikkieehuop
BHM,PBI,28.7,336,fegmljhqpnm
HRL,IAH,28.6,185,gkkljlhnkol
ONT,TUL,28.6,274,nijnnpgejim
BOS,CID,28.6,306,noppkkbcgkn
CHS,CLT,28.6,323,mjlolidimok
FLL,MSN,28.6,292,ffdggmutsii
DSM,SMF,28.6,316,spnojjbghhl
LAX,SRQ,28.6,368,kiehnohonjk
DTW,LIT,28.6,299,pplmjjdfhmm
ANC,RDU,28.5,441,KAlecj8afeq
LAX,MYR,28.5,362,pokkijcekno
CRW,TPA,28.5,156,cb9mlmjpsso
PIT,RNO,28.5,321,qumnegdkkij
ILM,ROC,28.5,101,xvmlnoc45ht
MOT,MSP,28.5,275,lloojoigekj
FLL,GEG,28.4,316,ieegjqqsjqe
MSY,TUS,28.4,298,gcfnnpkmoni
IAD,MCN,28.4,131,mggkoplhjkl
CMH,MKE,28.4,270,lptqhfcggll
AUS,SAT,28.4,395,eeiomkeoqpj
MAF,MIA,28.4,293,nhkhjrijlil
GSP,STL,28.4,297,kmomkfbgksn
BWI,TUL,28.4,286,mlqqlkbchnm
BHM,STL,28.4,291,mkpuhgeigml
MKE,SJC,28.3,320,zpnmjkacghl
RSW,TPA,28.3,335,aa8cipnCDnd
RSW,SMF,28.3,373,jgeiknimnon
DSM,STL,28.3,236,lqutllhlcca
ILM,PVD,28.3,141,lpklmldelkm
BOI,MSY,28.3,295,iehoinfmmon
BUR,IND,28.2,308,mijjgzfdeju
ELP,STL,28.2,299,kkilhnfflpo
ANC,PHL,28.2,473,JCmfbf97edu
DEN,ROA,28.2,315,qnnpjkdgfkk
FAI,PHX,28.2,373,njiihnmjohk
MCI,PWM,28.2,311,zwBBbb67abn
BMI,DFW,28.2,361,jikpileimnn
OKC,SJC,28.2,282,rlnlmkediin
CAE,SAT,28.2,312,olkkhhfllmn
LEX,SAN,28.1,355,mijzjfdkhjk
TUL,VPS,28.1,173,/Jfd8634baA
CLT,ELP,28.1,348,phijkpfhkko
BZN,IND,28.1,262,Atrpagdhebl
MEM,ONT,28.1,331,pkjjmldgkko
COS,STL,28.0,254,rqpkfjgdfln
FAR,MSP,28.0,253,jhkokqlgimi
RDD,SEA,28.0,160,urg8kkglkkl
ONT,TYS,28.0,318,qljnildekmo
CHA,DCA,28.0,368,kinohhcjnnn
CHA,EWR,28.0,237,zykd9adimmn
BWI,TYS,28.0,238,efihddabxEB
CHA,IAH,28.0,296,gggihhdhiwD
MCO,PSP,28.0,410,ebfillmpprl
BZN,PIT,27.9,280,zBuiagbfdbo
MSO,SNA,27.9,220,MAffdgdfcdn
CAE,MCO,27.9,261,Ersgdceggji
IDA,PDX,27.9,198,Boccmzecacv
ELP,IND,27.8,292,skiohocejnm
CMH,OAK,27.8,268,skinjrchiij
HSV,PHL,27.8,303,pmmjjkejkkl
HOU,LIT,27.8,189,nmnohjenhhk
RSW,SNA,27.8,461,iffglojsnqh
BLI,LAX,27.8,134,zxwyvx54454
ELP,FLL,27.8,315,mgfnksihoji
LIT,MSP,27.8,323,nrlmhjeiikl
BHM,CLE,27.8,295,npnpiiehjjj
DAL,PVD,27.8,263,qmlqkmafejo
BOS,LEX,27.8,288,opsqje9eglp
ELP,EWR,27.7,366,mhikhnfjook
GRR,SJU,27.7,315,a97chnuEtqi
FCA,PDX,27.7,241,ptmmhjfjfjj
BOS,FAT,27.7,366,usrohk8bdkm
RDU,XNA,27.7,279,pmlmjnbgkkm
BHM,SMF,27.7,353,qklonkcfikk
DAY,LAX,27.7,336,qmmkfnihhlj
HRL,MDW,27.7,212,pmjllkchjnl
MSY,MYR,27.7,179,jcjpkfgmmro
DFW,RDM,27.7,351,Aqjkhidghik
BDL,SDF,27.6,278,ojrsjgbghhp
LAX,PSP,27.6,268,459ilnluEAc
CMH,DTW,27.6,296,klpqlhekikj
ATL,STX,27.6,392,mk9cgujooml
RSW,SBN,27.6,195,565npruAxo7
MSY,SYR,27.5,264,jffrjiillom
MIA,SJC,27.5,341,ggffjtfpnsj
BOI,TUS,27.5,272,hhjjllkpllj
BUR,MKE,27.5,295,rpnoiqdfhfj
CHS,SNA,27.5,428,khkmkiemkrl
ATL,CAE,27.5,281,inlpjldljlj
ELP,HNL,27.5,424,thmjeofeqhn
ANC,STL,27.5,435,LFlece89fcs
MIA,PWM,27.5,292,hjfgihowlni
DEN,GTF,27.5,238,qonmhkgfihm
GPT,IAH,27.5,258,knknkmfkkhj
BOS,ICT,27.5,308,qoquija8fip
IND,PIT,27.4,283,klppjeclhnl
FLL,TVC,27.4,190,yza99acvzr7
CHS,OMA,27.4,288,tjkqgj8glln
COS,PDX,27.4,238,qrqnhjgffgl
AGS,DCA,27.4,357,illgeecimEn
OAK,ORD,27.4,229,DDpsiib79bd
SJU,SYR,27.4,288,kkcehlnopmn
CHS,SMF,27.4,374,olkokkaflml
EYW,MSP,27.4,386,8a8dlowzynd
DTW,GRB,27.4,289,imqpliehjkl
CLT,JAC,27.4,420,IDwb5edhf6p
COS,RDU,27.4,303,tolmgodgein
PVD,SAT,27.4,302,pnnrjlccfim
LIT,STL,27.4,237,nqvtkjfodb9
COS,ONT,27.4,235,rnikjnfgihn
LIT,SMF,27.4,334,nlknkncfglq
MSP,OAK,27.3,224,PEnideabccf
AUS,KOA,27.3,481,zmghhoggjep
COS,LGA,27.3,281,qrmohjfhgik
BNA,OGG,27.3,595,nfhkcigjqjA
CLE,TUS,27.3,336,kjhkjoflolk
BOI,KOA,27.3,371,jfejklpnsdn
BDL,DAL,27.3,259,mqnsnncfffj
PSC,SNA,27.3,180,gccedeaozyA
FAT,MCI,27.3,301,opmphmbfgjp
ATW,GUF,27.3,108,000rnnoytvt
IAH,LEX,27.2,288,qkjlhielilp
BWI,LIT,27.2,281,qmlolkbejkl
CLE,EYW,27.2,292,idbhlmlsroh
HOU,VPS,27.2,233,Doooca66ons
BUF,PDX,27.1,337,BDvofi78adi
CLE,OMA,27.1,272,nqrpjfcfhkk
PDX,TYS,27.1,348,qospij9cgjn
ASE,MIA,27.1,557,ric79vtLx63
CLE,PNS,27.1,268,smklgg9fkro
DFW,MFR,27.1,300,pmmljkchiip
ICT,SFB,27.1,77,x700dymqnrz
HNL,TUS,27.1,437,jehlhmjmqio
BDL,MKE,27.1,299,qtooiibcfin
AZA,COS,27.1,51,000xuunruyd
IAD,VRB,27.0,123,njdlkjikplm
DAY,LAS,27.0,345,hlqkjjkjkkj
ATL,CRW,27.0,305,mknomkejijj
MAF,MSY,27.0,271,nilpjmelhmg
PAE,PSP,27.0,277,0019xCyDDp1
GRB,MCO,27.0,320,gifijiklwph
ONT,ORF,27.0,355,mmkkipegjln
BOS,ECP,27.0,338,mlloff8hjCm
OMA,TUS,27.0,279,fgiiiminsnk
BOI,BWI,26.9,331,smpnimbdfjp
JAX,MCO,26.9,461,jgcikkirsni
MKE,OAK,26.9,283,wtnmipdbeej
SAN,SRQ,26.9,322,kigilpjloli
SNA,TUL,26.9,324,mkjmlmfklij
ICT,MIA,26.9,305,lhfholimnhp
MCO,RAP,26.9,320,ihliijklhqp
ABQ,CLE,26.9,307,onpvhkadgho
HLN,SEA,26.9,189,mmkkjphjikj
BOI,DAL,26.9,256,knnqlqeihgi
ATW,PDX,26.9,185,DLAy886859k
FAR,PIE,26.9,159,00000ltU/A7
AVL,SEA,26.8,357,svqqffabdko
ANC,DCA,26.8,513,nulgdhdhnmq
ANC,SAT,26.8,449,Atkggmdffep
CHA,LAX,26.8,357,ihjolkfjjoo
ALB,SAT,26.8,316,rojrilaeijn
SNA,XNA,26.8,326,lkkpjjgikll
MCO,TRI,26.7,227,dbcgclsqupr
MEM,RSW,26.7,345,jeijnlgnpnk
LBB,SAT,26.7,281,ilolkhhogmj
CID,SFO,26.7,332,ppjkipdgikl
IAH,PVD,26.7,324,jonnjghiilm
DFW,PSC,26.7,310,mlklmjhhkin
PBI,SAT,26.7,355,igilkojknmk
GSO,SFO,26.7,352,sspogfbfhjl
DSM,SAT,26.7,294,jhooijerikj
CHS,GRR,26.7,261,pkmpifahknp
CAE,PHX,26.7,367,jjlljignlnj
ABE,DEN,26.7,161,KFBB974557l
LAL,USA,26.7,54,0000kD4wOHx
AUS,VPS,26.6,260,wrokddafjkr
MCO,OGG,26.6,579,qhihjkijmir
IAD,ONT,26.6,332,nqnmlkbdijp
BOI,CLT,26.6,361,sltmhkddgho
JAC,SAN,26.6,304,tolebhnxoad
BHM,CMH,26.6,306,nlnpngdhjlj
LIT,RDU,26.6,308,lllmmnchiln
AUS,MDT,26.6,279,jjgokkeilpn
PHX,SGF,26.6,343,finijgjojop
BOI,BZN,26.5,183,debpqslqqid
PWM,SEA,26.5,369,wDuqed99agl
BTV,PHX,26.5,363,mlmohhgmjlj
ORD,RDM,26.5,322,wronkjbdfii
ALB,SJU,26.5,299,ffbdjnoyoqg
ICT,SLC,26.5,290,njnknmehgjn
SGF,SLC,26.5,310,lomkoncegok
BOI,IAD,26.5,387,skljhkceior
CLE,RNO,26.4,337,tqjieedilkq
BUF,MYR,26.4,231,mzkldb7bnwo
ATL,GRB,26.4,396,jokmmnfihlk
AMA,MCO,26.4,325,oghmkngihmp
JFK,LIH,26.4,648,priihlijkih
LEX,SAT,26.3,314,ljkqimejljl
MIA,XNA,26.3,436,gcdejjmosps
CMH,DSM,26.3,273,nmpsifcfflp
RIC,SMF,26.3,373,pkknjmcfimo
ABQ,MKE,26.3,270,qomAgjadeim
DAY,TPA,26.3,266,kihliljnlml
OMA,PNS,26.3,263,sokjdgahpmp
GSO,SAN,26.3,327,nlmolkeigkm
SAT,XNA,26.3,292,mjkqkhgkjmk
CLT,GNV,26.3,292,ffjqokinmli
MCO,SPI,26.3,113,nd9kjnlpoml
BWI,GEG,26.2,324,zullfjcbhhm
EUG,ORD,26.2,307,mlpifjcfilz
ALB,IND,26.2,286,qpppliadfmm
CLT,PSP,26.2,351,99digqoxwoi
MSO,SAN,26.2,278,tplihkejkil
CID,SLC,26.2,295,olljijjjhjp
JAN,ORD,26.2,327,roongheehip
ISP,SRQ,26.2,184,8988vznvts8
CLT,FWA,26.2,313,pjlokjdihkn
MDT,SEA,26.2,339,prlkggcekpn
DSM,GUF,26.2,95,000snilyxsz
GSO,MSY,26.1,247,ojjpjffljll
HHH,LGA,26.1,253,AEup53334tI
ALB,MCI,26.1,310,vqntjkaadik
BDL,TUS,26.1,369,jihmilgommm
FWA,MCO,26.1,300,ighjiimomno
SEA,SGF,26.1,366,wsoogibcdho
MEM,PBI,26.1,358,hhjollhmnli
ATL,BQK,26.0,270,nnlqkheigjm
EWR,HHH,26.0,266,yDuo22129DB
SGF,VPS,26.0,115,/Lvq332445s
IND,PWM,26.0,284,xvwxdf89ccm
SAN,SGF,26.0,327,rmonjiefijl
CLE,RIC,25.9,271,nonpjhcgljk
HRL,LGA,25.9,248,uoegsvdeele
ASE,AUS,25.9,431,xifd8rqxy76
HOU,SRQ,25.9,230,tqmxsnabbag
AUS,MYR,25.9,285,uolnhhacinp
BNA,EYW,25.9,315,lefhklinmsk
BOS,ROA,25.9,282,lpppkk9fkim
ONT,SDF,25.9,353,lhonhmfgkom
MEM,SJU,25.9,324,mddjmnijtjn
MSN,MSY,25.9,278,gednjmjlmqo
ECP,OKC,25.8,289,Dnmnhc79ijx
OMA,SJU,25.8,318,hf9ednsswll
OKC,RSW,25.8,321,ofgjllillmm
MSN,SAT,25.8,272,mjknlkhjjkl
GSP,PDX,25.8,356,sqoligdehml
FLL,JAX,25.8,239,gfefdfilMoj
GEG,MSY,25.7,291,ngenjlfjipr
PWM,SAN,25.7,384,xwrqgfaddih
MSP,SBN,25.7,319,lmopmiejflj
BWI,XNA,25.7,257,rnoqkmcdgii
JFK,VPS,25.7,216,7a776636OS/
MSP,TVC,25.7,233,/Vpd8a7858c
PIT,TUL,25.7,314,lklppleehlm
DEN,HLN,25.7,220,qpmmjkggghm
MKE,PNS,25.7,259,ioikedajywi
CMH,EYW,25.7,309,gfejhnprqkg
JAC,SEA,25.7,284,zCvc6ghri7e
BUR,MCO,25.6,332,pfhhmrljklf
FSD,SAN,25.6,289,rmlkikejikk
PIT,SJC,25.6,324,mtjnhjbehjs
LGB,MCI,25.6,268,tomtkndhcdh
LIT,MSY,25.6,282,jjnojiellnl
LEX,TPA,25.6,328,jiiijfiojsp
EYW,SFB,25.6,49,tl0ngmijjlw
JAC,PHL,25.5,405,yIzg7beke5k
MSN,SMF,25.5,326,opmljjefhmp
DCA,FSD,25.5,307,okmlkkaflqm
MHT,ORD,25.5,282,BCCC44333lu
MDT,SAN,25.5,341,ljllkjggmkp
GEG,RDU,25.5,317,yqkhipabgml
CAE,DEN,25.5,330,omkljjdjilo
ALB,HOU,25.5,300,qrknjpbfhhk
JAN,LAX,25.5,378,pkjkilgkjkl
GPT,TPA,25.5,158,mmiiilgillq
PNS,SFO,25.5,379,plknhjdjkln
GEG,LIH,25.5,401,dfcgjjqutog
LGA,VPS,25.5,295,npkjiibcmto
HSV,SAT,25.4,281,ljkkjkflmlm
GSO,IND,25.4,257,pjmphhfhjml
PVD,SLC,25.4,327,rqtodfdhghm
ATL,MFE,25.4,279,kllnjnelkli
ELM,PGD,25.4,86,000xztoQAb0
MDT,MSP,25.3,324,nqnohjdhgmk
BIS,MCO,25.3,322,jcfmpllpjll
MCO,ROA,25.3,296,ghjklhmlnmk
ATL,SBA,25.3,445,plprooddggh
BUR,PHL,25.3,325,jmggkwgfilo
FAI,LAS,25.3,354,hgjokmhnlkk
MEM,SNA,25.3,378,mknnmjeijlk
BUR,OMA,25.3,245,opiltldekgk
JFK,PSE,25.2,203,//512D92110
DEN,FAI,25.2,406,zumedldfjdp
DCA,STT,25.2,302,igefdoqqskl
AUS,LEX,25.2,320,jiivkheikom
BIS,DFW,25.2,356,pkjolpdfhjn
ECP,MKE,25.2,231,ikdjchcnwyl
ORF,SDF,25.2,263,plppfiehgml
GEG,LGA,25.2,351,svogergcfik
EWR,XNA,25.1,348,jiqnkmciink
COS,MCI,25.1,240,ppnpkheggkk
IND,OGG,25.1,594,lbfqcmjqlnn
DAL,MSP,25.1,243,yutmco99jfg
BUF,ORF,25.1,233,tCtlgfccffk
DCA,TVC,25.1,328,WWtc894769k
GEG,IND,25.1,307,wppqhkbddhm
EWR,GEG,25.1,382,sqmmimbeihn
AVP,RSW,25.1,174,544orotzyq8
ALW,SEA,25.1,157,ilkljmikkkj
ILM,PIT,25.0,232,qpnqjfcefln
OKC,RIC,25.0,307,qjkmkkdefsn
FSD,SEA,25.0,340,xuqlhkcdchk
CVG,RIC,25.0,275,kppokfdigmk
LGA,MVY,25.0,259,//80001001h
FAT,LGA,25.0,328,rqojhjebgpm
BHM,RIC,25.0,307,kkmnmhbilom
HDN,IAH,24.9,383,hd994GKAy46
ANC,HOM,24.9,218,xsnjeefkigk
DAY,PHL,24.9,329,lmnlnldfjkm
LIT,PDX,24.9,342,rplojk9dhjp
ECP,PIT,24.9,263,uwkghe8emno
DTW,FAT,24.9,356,rqklikceelr
BGR,FLL,24.9,182,Aiab988CBz9
MSY,PWM,24.9,329,pmmwkgcghjj
IND,PSP,24.9,333,dadlknkrvpg
AUS,JAC,24.8,376,vppk9jilm8n
SAV,SMF,24.8,374,phmnkkcdlnq
MCO,PSM,24.8,115,8aalorfwmwj
IAH,MTJ,24.8,352,Fqfa4nous6e
ATL,BHM,24.8,287,jgmpkjfmmlj
BTV,SEA,24.7,407,ywrnfjabchl
FLL,LIT,24.7,309,mifgjlilpip
COU,DEN,24.7,235,44buqrjmpor
HNL,LGA,24.6,586,oFhjdnehgoc
GSO,SAT,24.6,271,rkjljkchjmo
PDX,SAV,24.6,386,tllmjjbgjmm
BZN,MIA,24.6,345,ukjedllpqfh
GRR,STL,24.6,278,mpqrhieghik
FAT,SFO,24.6,239,pnoqhfdhikn
PNS,SMF,24.6,333,oiikiocgkoq
STL,SYR,24.6,286,ronqjjcdfkm
EYW,ORF,24.6,288,ffgfgimoupn
SJU,USA,24.6,108,0007mrjABAA
EUG,MCO,24.5,333,kjgglllnnjk
MSN,PIT,24.5,272,mlpuiecggnm
CVG,OMA,24.5,275,mmttfgbgiio
BTV,CHS,24.5,212,stqqjbaicho
ATL,BGR,24.5,343,Cxzu8a6abbt
BUF,SMF,24.5,327,Atrqgg9aain
HPN,MSP,24.5,318,96ntordfmro
ALB,SAV,24.5,278,imjpihbgmtm
AUS,EUG,24.5,291,rkkmlmcfjlk
FNT,ORD,24.5,201,nnmnlmfighj
FSD,IAH,24.5,310,kilqkiephim
CRW,ORD,24.5,245,oqpqifafhlm
AUS,CID,24.5,266,hhjnkmemklq
BUR,SAT,24.5,307,ihiqkrhgnki
ABQ,JAX,24.4,321,mjjqjnekmgk
AMA,DEN,24.4,240,kknmjlhkkji
RIC,SDF,24.4,271,okoohhbjlkm
ABQ,BDL,24.4,326,qloxhh9bgnm
SLC,SRQ,24.4,347,iffhhrkmnkq
ABQ,BOI,24.4,283,lokokkcihll
ECP,EWR,24.4,276,qponknebgki
BZN,CMH,24.4,278,Guqh9geiiak
COS,JAX,24.4,283,ukilgpefikn
SLC,SYR,24.4,362,urnlfjdhghl
CMH,TUL,24.3,304,kqoqlgcjihk
LAX,TVC,24.3,409,MDkiehcbddf
CLE,VPS,24.3,250,uxiled7gjpp
HNL,JAX,24.3,722,pfhhhpkimko
RIC,SNA,24.3,417,qjnjhjgjjml
AUS,LIH,24.3,504,xmjgfmdfmfs
GSO,SEA,24.3,348,spmnihbeelr
PBI,SEA,24.3,441,tmlgijfkilm
AUS,HSV,24.3,282,khlllmfjmkn
LIT,SFO,24.3,379,pmnnjlbfhlo
ABQ,GEG,24.3,280,qmksiicehmn
BZN,SAT,24.3,263,vplhdmeflfo
MYR,SLC,24.2,335,Aqmmdgachno
CLT,GEG,24.2,342,sslnhmbceln
CRP,MCO,24.2,294,ifisjnjiijp
GSP,SMF,24.2,339,qlmpkkcdhjp
CHA,PHL,24.2,302,lkppjkegikl
AMA,SAT,24.1,269,njmlikeohnk
HNL,MDW,24.1,396,mnkjikffomo
BDL,TYS,24.1,271,mmnkhecdlqt
DAB,RDU,24.1,143,pkfjnlejlll
FLL,TUS,24.0,368,cbchnqnqsnk
BNA,MAF,24.0,257,smmtjmahfgk
BOI,OMA,24.0,297,ppmnhodchio
BFI,FRD,23.9,200,ADtkbcbcdfl
SMF,XNA,23.9,305,qjlokkdeilo
DFW,HDN,23.9,314,97653GQGK44
AUS,DRO,23.9,270,nllidmkrneh
BHM,CHS,23.9,322,kklpjifkjml
FAT,TPA,23.9,300,nkhjjnfjkiq
IAH,ILM,23.9,300,njjlkkgkjjn
CID,PHL,23.9,279,jmjpjigfkkq
PDX,XNA,23.9,319,unnpjl9dgjm
HRL,PHX,23.8,229,khinmmflikn
DAB,HPN,23.8,135,eeilpqjrqq5
LEX,SFO,23.8,398,smpljfbgfqm
AGS,LGA,23.8,375,khgfbi9ab/g
FWA,MSP,23.8,303,jnpmindhhml
AUS,MTJ,23.8,293,smif8lmtA8c
MIA,PSP,23.8,419,bbafmjmtqEe
LGA,MFE,23.8,329,mjjlkqfflkm
DEN,GRB,23.8,255,NGhhegbbcdh
MEM,TYS,23.8,238,cdBHyc9dehf
BNA,BTV,23.8,277,noowjhbefho
AUS,ILM,23.8,298,nmjnkjdhhoo
BGR,DFW,23.8,339,xtvwccaacen
FSD,MSP,23.8,282,ljlljnijkki
CRP,IAH,23.8,267,kkmpilijhli
DEN,MFE,23.8,264,fdhjivmksij
MKE,ORF,23.7,255,vurlihcdegl
ECP,OMA,23.7,278,ukihdc9eptv
ATW,CLT,23.7,308,rmlqjkcehjn
RDM,SNA,23.7,260,onnlhjjihjk
FAT,IND,23.7,330,snlweiadglp
IAH,TVC,23.7,352,REnjbf9d9ai
BRO,IAH,23.7,260,kmmlhifmjln
MDW,TYS,23.7,84,CEuBw31276o
BHM,SNA,23.7,399,mmjmmlgijli
MHT,SRQ,23.6,245,fighhnhrmpm
GEG,IAD,23.6,359,xqlhflbdimo
ATL,HDN,23.6,465,53454DA/I23
ILM,SFO,23.6,401,tlnnijecgmm
PHX,TVC,23.6,359,wqokgjhiedm
BZN,MSY,23.6,290,vkkhbmeqjhn
LGA,SJU,23.6,229,erd6dfnqqEg
OMA,PSP,23.6,319,87aflqnCCjg
IAH,KOA,23.6,587,whdgemhgphu
FAR,SEA,23.6,350,tymjiidedim
DEN,EYW,23.6,320,gdbhloqlpon
ALB,USA,23.6,63,000iHLilcsx
DAL,RIC,23.5,268,llnklmdfjjq
ILG,MYR,23.5,69,BG10001nBEC
JAC,MSP,23.5,380,wtrh8lgnn7f
BOS,CHO,23.5,249,kmomjidglnn
OMA,ORF,23.5,286,Bqlkfkbcfhq
LGA,SBN,23.5,337,ghpwogceenq
PHX,RAP,23.5,298,lnnlhdjihpo
OKC,PNS,23.5,269,wookee9ellq
ANC,MSY,23.5,454,voigejehkjs
BOS,SBN,23.5,261,iiitphdfjon
DEN,STT,23.5,505,k86cjnjlBow
AUS,CAE,23.5,298,okikklfkinm
ECP,SAT,23.4,264,zojhffbells
PWM,SLC,23.4,366,tvvxdc9ddfm
MHT,PHX,23.4,305,lmptggbkeri
CVG,STL,23.4,287,llrlggfhnll
DCA,FAT,23.4,359,onlihkcfono
BOS,LIH,23.4,659,kqgicmknjok
CID,MSP,23.4,275,ilopjkgiklh
EWR,TUL,23.3,318,ompnlofdiii
BHM,IND,23.3,309,jkonnfdkkmk
HVN,SAV,23.3,81,yv00ch2jsHy
JFK,MEM,23.3,269,97oyETa766m
DSM,MSY,23.3,279,mfgtljijkio
DFW,GRB,23.3,324,skrliheiilj
OKC,ORF,23.3,308,spjjincdikp
SFO,TVC,23.3,418,UImhbc8b9cg
ORD,RST,23.3,318,ljmnlghiinm
SGF,SMF,23.3,324,rpopkhcddko
PDX,SYR,23.3,363,zzmngka9chm
MCI,SYR,23.2,294,qpnojhcdill
ITH,JFK,23.2,247,korslhehghi
BTV,SLC,23.2,390,oroneffjikk
GEG,JFK,23.2,345,rmlqjrceegn
GSP,PBI,23.2,319,ijkkliilknl
CVG,MDW,23.2,208,jrpkgfbdppp
AUS,FCA,23.2,351,EBrg9jddhaj
IAH,MDT,23.2,341,ihmnkkglkkl
ATL,HSV,23.2,279,jkonlkfjikk
FAT,PHL,23.2,359,oqooglcbglp
JAX,LIT,23.1,292,hhjpkhfhomq
ECP,LAX,23.1,379,rjjjkleehrn
HSV,RDU,23.1,269,plklllcikmk
HPN,SRQ,23.1,195,9869nstAxw7
CRP,DAL,23.1,223,pqnmjialglk
MCO,MLI,23.1,284,egkmiiktmjk
CHS,OKC,23.1,327,njmshibgnln
ONT,XNA,23.1,299,kklqklffjkn
BNA,JAC,23.1,369,Bspjajhgj9l
CVG,MEM,23.1,303,lkrqiidijik
AGS,LAS,23.1,394,llmjjjilimk
RDU,VPS,23.1,250,ponogfaglom
MDT,SAT,23.1,286,kfgmimeonmm
ABQ,CVG,23.1,307,rnmvih9diin
BWI,MSN,23.1,270,lorohjcdhmo
FAT,STL,23.0,322,wnnlgjadgkp
COS,SJC,23.0,254,sokkimgghil
AVL,SAN,23.0,331,rllqggdiiko
GSO,MCI,23.0,269,nmnqkiajgnk
DEN,SBN,23.0,289,omlmjnffiio
ERI,TPA,23.0,157,754rtspwts7
JAX,TUL,23.0,293,plmljlehjkm
CMI,DFW,23.0,318,ijjnnjfjlnl
SAT,SYR,23.0,317,okilkoffhkq
MEM,SJC,23.0,355,kknlmnedilp
MSY,PBI,23.0,316,hglnkjilnni
PDX,PNS,23.0,356,tnmkilbegmn
COS,DEN,22.9,193,qvpngqadegj
BNA,CAE,22.9,288,jklnjjenkml
SRQ,TOL,22.9,89,0000hDwBECh
OMA,SAV,22.8,286,vhmljdbfkpp
BHM,PDX,22.8,378,wkjniiddhmn
ATL,FAR,22.8,349,oljohlckimm
JAC,PHX,22.8,326,nmmiblknpen
BDL,MEM,22.8,307,ikpppmbdikn
LAS,MHT,22.8,316,hknokgdggzk
DEN,FWA,22.8,279,rormiieflfl
ECP,SEA,22.8,382,rrljfibcftr
BTV,LAS,22.8,374,imppgafhixk
DAL,GEG,22.8,267,wnkhfkbimoi
MWA,ORD,22.8,91,siklosigffh
CVG,OKC,22.8,299,mnnpjfchhnn
ORF,SNA,22.8,404,onkkhkfklhm
CLT,COS,22.8,266,snlmlmdhfhl
MCI,MDT,22.7,283,kjlimjemimp
DSM,MSP,22.7,293,knnqkkghhij
BWI,DSM,22.7,281,uronik9chho
IAD,ORF,22.7,278,omnjjlcjjll
BOS,RDM,22.7,400,usqlfmacgkj
PDX,ROC,22.7,333,uukmhmabfjq
FCA,SNA,22.6,329,rrokhnhhffi
LAX,PRC,22.6,181,lmjklphikjh
EWN,MCO,22.6,125,kkhjljkllkl
CMH,MSN,22.6,279,kmotmeciflo
BZN,JAC,22.6,641,JQJa027732I
CVG,TUS,22.6,334,fdhojngoopl
LAN,RSW,22.6,156,333movxyyq8
HGR,MYR,22.5,45,//Av100000e
CLT,SHV,22.5,331,khkrnqbfhlm
PSP,RNO,22.5,271,fcekkinsprj
OKC,RNO,22.5,298,toomfhdhijl
CVG,RNO,22.5,349,qpojbffgolo
BDL,OKC,22.5,337,mnprimcefio
BHM,OKC,22.5,313,fepiDlbjgkm
EYW,STL,22.4,308,mffkmhprnhh
IND,TUL,22.4,283,nhoqkgeihon
DAY,SAN,22.4,340,onnmjiijggl
MSP,SBA,22.4,352,nmkljjfilnj
BHM,ONT,22.4,344,ojgnlqdgjjn
HNL,TUL,22.4,505,rhjigmhfnhu
BLV,FLL,22.4,69,Bz10000rHAF
LAX,VPS,22.4,362,qmlhhjdhknp
ORD,SBP,22.4,349,llnnmmbejln
MCO,TVC,22.3,322,inojhhkqkkg
OAK,RDU,22.3,272,plhljncgnjm
FLL,HTS,22.3,66,vi2ljrkjyp3
BHM,RSW,22.3,326,lfiloijlmlj
PBI,TYS,22.3,300,lljlkmfihmo
EWR,LIT,22.3,313,mnkjjofglmj
CLT,TYS,22.3,334,jjmpiifkknl
GSP,MKE,22.3,286,noqqihbeglo
GRR,TUS,22.3,321,gggohjjqrmi
CMH,OGG,22.3,515,nhfdciqmqkr
HSV,SFO,22.3,374,snlmikdhkik
BUR,COS,22.3,250,oolmiogifik
BZN,CLE,22.3,277,yxyhafejg9j
LGA,SAF,22.3,410,nnlojigekmk
GSO,MSP,22.2,315,opmoiigjfjj
FAT,GEG,22.2,271,upkoilffghj
MDT,SLC,22.2,360,onolfhehkmo
ORD,TLH,22.2,358,lnlplkcijlk
CLT,PIA,22.2,269,qimpnlafkjm
ELP,OKC,22.2,275,klllkiekjnn
BNA,STT,22.2,387,ld7hgmjmwpp
IDA,PHX,22.2,314,efhgkkissln
BGR,CLT,22.2,310,DCDy98458co
COS,IND,22.2,265,ppnogjdifkm
ATL,OAJ,22.2,289,urlnkhegeik
GSO,SLC,22.2,346,npnmjjgiekj
BZN,HOU,22.2,245,Duqmchchhci
DEN,LFT,22.2,295,tkmjhrfldji
DEN,MHT,22.2,293,wuqveh9cchk
ROC,SAT,22.1,280,vqkpjkcghgk
BNA,LBB,22.1,296,mjjphlcljmo
MKE,RIC,22.1,275,trmqeiaehio
AVL,IAH,22.1,289,likojihhjom
SEA,VPS,22.1,369,rrklfkdfdoq
DAB,DTW,22.1,265,kkgigiironl
ANC,SNA,22.1,387,xujjeighhfl
DCA,OAK,22.1,305,lmnkloedhln
BUR,DTW,22.1,324,hmhmiwefkin
CAE,TPA,22.1,322,ihkkkljlmmm
MEM,SAV,22.1,290,nknpmgcgnlk
ELP,IAD,22.1,412,mllihnhfjno
JFK,SBA,22.1,411,klljmnefmkl
DCA,SHV,22.0,307,ohklkkiikkm
SAV,SNA,22.0,452,mfkkjhdisul
JFK,STL,22.0,258,barAAF8467y
OMA,RNO,22.0,289,rokndgbcitr
DAY,PHX,22.0,338,kiljjljojjj
ICT,PHL,22.0,306,plmpmlcfhin
BIL,IAH,22.0,350,pmikhiiihoo
DEN,TLH,22.0,401,plhllmhikjk
MIA,SGF,21.9,318,ikhikkoojin
RSW,TUL,21.9,341,idflqmhnnjn
IND,STT,21.9,383,nc9gcnnswlj
CVG,DAL,21.9,263,ookmikeikkk
BIL,ORD,21.9,278,DEwscd88aci
FCA,MCO,21.9,386,xrpeemgjkdh
OGG,OMA,21.9,505,kbcbeotttgp
FSD,LGA,21.9,321,mmmlhqcdimo
BTV,IAH,21.9,351,rmoucleiffl
ABQ,OKC,21.9,270,omlnifbhlrm
IAH,SHV,21.9,269,kmomljenjji
IND,SYR,21.9,289,nnlokjcfgpl
IAG,SFB,21.8,76,GI10000yDDm
COS,MSY,21.8,269,skimkogifki
JAN,TPA,21.8,324,jjlnjkhmill
SAV,SYR,21.8,245,oninhhdikpk
CMH,PSP,21.8,361,a9dkjlltBni
LFT,MCO,21.8,303,gdjmkjqufkl
BUR,BWI,21.8,330,jlikjxffikl
AUS,BTV,21.8,335,spovihbfggj
CHO,DEN,21.8,331,mknnlmdfiml
BDL,ONT,21.8,356,qpmnhnfcfll
BZN,FLL,21.8,363,nlhdanllBhg
CLE,ECP,21.8,270,vriief8foqo
DCA,SGF,21.7,303,nnpkkhcinik
GEG,OMA,21.7,284,tppnki9cfln
MKE,OGG,21.7,458,fidghjrrykf
GEG,OKC,21.7,298,upkleidfmkm
OMA,SJC,21.7,277,pomlikdelio
LAS,LFT,21.7,341,lhnlknjgikm
CAE,DTW,21.7,290,mkkoiifkjmm
PIT,TYS,21.6,272,lpppkfdfjll
LBB,LGA,21.6,364,gifjlOechfm
ABQ,TYS,21.6,312,olnlffbhmoq
BDL,BHM,21.6,318,momsmjafhkk
MSN,ORD,21.6,233,pnpokibgfkl
LAX,SBN,21.6,351,jjgokohkkim
CID,PDX,21.6,319,nolmnjbfjio
CLE,PVD,21.6,252,orupgfccjin
BDL,OMA,21.6,311,smotilbagjl
CVG,XNA,21.6,316,lprmhhcjink
FWA,PHX,21.6,348,kkmmhknohhj
CHS,SWF,21.6,110,koknildhmkn
AGS,BOS,21.6,312,mgjkdidfiLh
AVL,DTW,21.5,266,oqqrifcgfjn
EWR,ICT,21.5,293,qolljphgggj
ECP,SAN,21.5,353,qijikkdhlpn
AOO,CLT,21.5,90,qhhkpqidhkk
BNA,MEM,21.5,237,iprqifafkpl
ROC,SAV,21.5,230,lkimgfdhsrm
BWI,OGG,21.5,541,rqhkjkefjln
CLT,FAT,21.5,343,rkpkjmdggko
JAX,MSN,21.5,282,kqhkjidmlln
BOI,OKC,21.5,302,pmkljndfiiq
ALB,CVG,21.5,297,rqqqlgbegik
LAS,ROA,21.5,368,ihmolijikmm
MDT,SFO,21.5,387,ooknkjdihjm
PNS,PVD,21.5,249,mljokjeijol
DEN,XWA,21.5,315,onkmkkfjiik
BZN,CVG,21.4,274,Gvrf8edjgcn
FAI,PDX,21.4,346,xrmhgjfjjfi
CLE,PSP,21.4,375,badkknlvxog
IAD,KOA,21.4,605,ungghrhgijm
JAX,XNA,21.4,300,nkimlkfjjlm
SAV,TPA,21.4,294,jikoiihmmmk
ABQ,OMA,21.4,249,olluigcghko
HNL,SDF,21.4,589,rimjglfhinp
AUS,CHA,21.4,294,jhkpjlggkmp
ATL,TVC,21.4,324,Kzojcfaeabn
BDL,MSN,21.4,290,qrlmmkcffil
DSM,IND,21.4,260,nkpphhejgnm
PHX,SOW,21.4,76,tlkllqichfl
MSP,PIE,21.4,174,0000001//T0
ASE,ATL,21.3,601,pihd9tpGv83
GSO,PBI,21.3,268,okiphigkjpi
ATL,MAF,21.3,309,tnksilbegkj
CVG,MKE,21.3,275,lortfgehfll
BIL,MCO,21.3,349,njfhjmkpjmj
FLL,RSW,21.3,339,97abksqEAkd
LAX,SGU,21.3,220,nlgnnjjkkih
CHA,TPA,21.3,338,mhkokkiliim
BOI,LGB,21.3,206,liimoninghj
ECP,TUL,21.3,273,Eponc969jhz
EWR,HSV,21.3,269,mmmjjoggkil
OGG,ONT,21.3,341,zqnlihfdgik
PIT,STT,21.3,338,of7afjputqk
LGA,SGF,21.3,322,pmmkkmegjmi
PHX,SMX,21.3,167,000bzxrIDr4
BUR,MFR,21.2,148,KPAmab978aa
OKC,SJU,21.2,342,pidhlnikojl
PNS,RIC,21.2,279,nlkniiafnnq
ROC,STL,21.2,280,lonrjidhhjl
OAK,OMA,21.2,236,wljolncagjm
CID,TPA,21.2,275,hihhhojmpnm
SFO,SRQ,21.2,407,ihgjmminnnk
ATL,MLU,21.2,309,kjkpjjfnjmk
PSP,TPA,21.2,414,a8eklnmsvpj
AZA,PDX,21.2,74,Lb00000vGKH
OGG,TPA,21.1,639,ogghilhmmlr
BID,WST,21.1,68,tGhgfgedggq
CHA,SEA,21.1,366,qnrmggadgmt
DTW,HVN,21.1,59,rBppxk100gz
AMA,PHX,21.1,296,igimilhmomm
EWR,MTJ,21.1,449,bba63tiW+65
IAH,MYR,21.1,282,qnjkjhbhmlp
PBI,SNA,21.1,488,hhghnplnnli
BDL,GRR,21.1,299,oonphjbhijn
EUG,MSP,21.1,312,rspjqhccfjj
ANC,BWI,21.1,452,PCmfai89bbr
DFW,FAI,21.1,437,sokihlhhofk
CMH,LGB,21.1,236,lijknofikoh
BOS,PWM,21.1,274,MAxEa94579j
GEG,HOU,21.1,283,qnhhilejnjm
GRB,PHX,21.1,374,kjjufhjlpjf
BUR,OKC,21.1,277,qoklkmchjin
LEX,RDU,21.1,294,mmmojjejimk
MCO,OGS,21.1,98,007adegORJd
COS,SFO,21.0,293,plomllchkji
BOS,SGF,21.0,321,pvqqiia9cmo
IAD,JAC,21.0,467,qAmb8mlpn8i
FAR,RSW,21.0,362,989djmtBzmf
KOA,MCI,21.0,474,pigdjioktfm
COS,PHL,21.0,340,nnooilffgho
OAJ,SAN,21.0,364,pmjgeigkqpk
OGG,RDU,21.0,553,lkggjohhmks
CAK,VPS,21.0,111,msxt2323qyC
ALB,GSP,21.0,275,ppplhibgjip
ILG,PBI,21.0,102,1111xDyDKp0
FAI,MSP,21.0,385,TMjeag9a9bj
MCI,MSN,21.0,312,joknhhemllm
CHO,SFO,20.9,437,jinpjjefkon
GRR,HOU,20.9,234,wsmkijegiif
DTW,LIH,20.9,650,kfgfgpmqtji
STL,TYS,20.9,283,kksnmfdhkmm
HRL,LAX,20.9,222,pkkqlpfjgfh
CID,RDU,20.9,250,pljokmehhim
BOI,JFK,20.9,355,qkknipdchis
ITO,LAX,20.9,406,lkkoipgijil
ELP,HRL,20.9,236,mllmkmfmiil
BOI,CMH,20.9,324,rpopljccghm
ELP,HSV,20.9,374,kljegjilnrn
CLE,DTW,20.9,282,nnoojhdjijl
OMA,SDF,20.9,283,ljntheckioo
CHA,SLC,20.9,362,mnnmjjeljkj
AVL,PDX,20.9,344,rssphfabhjo
BDL,SJC,20.9,373,ptmmkmacgjo
ATL,LBB,20.9,327,kjlnlnfjjjl
BNA,FCA,20.9,344,IAtgbcehccg
CRW,EWR,20.9,151,rhjjktdekll
BNA,SHV,20.9,227,Lrfjigafeep
BTV,SAN,20.8,381,polqijekhjg
GRB,LAS,20.8,355,dglhjhgmurl
FAT,JFK,20.8,339,olknnpdbilm
ONT,RIC,20.8,363,pkknlncfjjn
DCA,LAN,20.8,255,jklooicmill
MYR,SAN,20.8,347,rlmkkkcihnl
GSO,STL,20.8,256,qlopjhehhmj
LEX,MSY,20.8,303,ihktmjgklkk
OKC,SDF,20.8,296,liqsiebjgoo
ANC,PIT,20.8,437,PHoe9e77bas
IAH,SBN,20.8,311,lksnjlelifj
ALB,ORF,20.8,245,pxpoiibfdij
JAX,LEX,20.8,290,lkimmgflklp
FAT,OKC,20.7,302,rllmloeegim
IND,XNA,20.7,290,lrnojfdjhnj
BOS,FCA,20.7,400,FQyf9b9daah
HPN,LAX,20.7,351,pqmljoeiihh
ABQ,TUS,20.7,260,iikkhijlpml
ANC,CDV,20.7,211,qtuoldcdggk
CVG,GSP,20.7,299,lmpohgcmllj
FAR,LAX,20.7,313,qnhmfielikp
CLE,SJC,20.7,320,prjiiiadnpo
JAX,RNO,20.7,370,nijgikhlskk
GRR,GSP,20.7,301,romohfchjio
ISP,ORF,20.7,120,xtklgibbhml
ATL,AVL,20.7,262,mlopkkehgjk
PIE,XNA,20.7,60,/C000000tCJ
BOI,PUW,20.7,164,39gtvBfploa
BOI,MDW,20.7,219,Jzxwdf98aa9
HYA,JFK,20.7,183,Z/Om1200111
ANC,RNO,20.6,393,yuojhhdfegl
LFT,MAF,20.6,377,mlnkjjikkjj
KOA,RNO,20.6,408,higqijlmsjg
CLE,MSN,20.6,267,nnsogicdglq
IAH,LRD,20.6,261,jkpojmglihj
COS,PIT,20.6,278,vrrlki9bfjl
LGA,SBA,20.6,396,jlpmkkfcfor
JFK,SJC,20.6,365,pqkkigeieit
DCA,FAR,20.6,327,kollhjefmpm
PDX,SGF,20.6,314,stpqghcddjm
ICT,PDX,20.6,284,vqnpikbedil
HNL,MEM,20.6,616,qfkojldeoft
MEM,PNS,20.6,177,dgkrflfjmor
BOS,MVY,20.5,231,SYCi774578d
ELP,OAK,20.5,269,pkjmkqefhho
DTW,MFE,20.5,312,jjklkpfjmjk
OKC,PBI,20.5,359,kignmkhoklk
EYW,IAH,20.5,314,ohadgnddrvx
PVU,SBD,20.5,89,gkhqoomhkfj
DEN,PRC,20.5,215,fgfinohknnq
BUR,CMH,20.5,297,nnonlregjff
AVL,MDW,20.5,62,EGyKw11121k
MEM,MKE,20.4,288,qoonlhajejn
SAV,SJU,20.4,338,lfhkjnrklkh
FSD,PDX,20.4,302,wsmmhnebdil
PSP,RDU,20.4,384,d9cjlnotvmh
SAT,SRQ,20.4,253,njklilkgjmm
JAN,RDU,20.4,309,mmkqmmdjiii
DEN,MOT,20.4,258,qqmmklgeghj
FAR,IAH,20.4,309,mojlhlgjflq
DSM,HNL,20.4,534,ngcdhromqil
ALB,SMF,20.4,363,ztmrgjaabhn
GRR,ONT,20.4,328,slknmpdefgo
PGD,STC,20.4,153,0000kKEI/20
FSD,PGD,20.4,136,0000iHFNSf0
BOS,TLH,20.3,388,llmlklehklk
PHL,SBA,20.3,388,ppmlloddiki
BTR,LAX,20.3,324,jlfjjmfmkoo
CHA,SAN,20.3,343,khkpljfkkkm
DFW,FLG,20.3,324,eefpjmfgoou
ICT,SAT,20.3,281,jjpmhkeminl
AVL,TPA,20.3,298,okknjhimjjj
CAE,SAN,20.3,354,nkmohifikmk
OKC,TUS,20.3,292,jhloklgillm
LIT,SFB,20.3,69,Wb0FEK2000m
ALB,PIT,20.3,282,norpigceljm
GRR,HNL,20.2,592,kfglkpnoinf
DSM,HOU,20.2,164,Xvfhgiceddc
MCI,STT,20.2,410,je7adnqpzno
BOI,PIT,20.2,324,qrrnkjb9gho
JAN,MDW,20.2,277,rqkojkcggil
BOI,RNO,20.2,283,mnnohkhjlii
HNL,RIC,20.2,731,mjjggljhqkp
ATW,SAV,20.2,181,shcfa67avKC
BNA,MHT,20.2,261,jnrDgg8dglm
ATL,GSP,20.2,280,jkppkjfjlil
BZN,JAX,20.2,337,thmebkfkues
IAH,RAP,20.2,320,yplkhhdhgfq
BOI,EUG,20.2,238,kinlkpfkhlk
ITO,SEA,20.2,390,okpngjjlgij
FLL,SJC,20.1,349,jefiovjmiof
MKE,PVD,20.1,239,yxrrhg9adfj
AUS,JAN,20.1,273,kipqjggnfml
CLE,TUL,20.1,302,nmtnjhddjjn
LIT,ONT,20.1,309,oljnoleiihn
BUF,IND,20.1,277,pouohhaggio
OAK,OKC,20.1,293,nllokqbehjp
LEX,PBI,20.1,329,jjekmhjnkrk
ILM,MHT,20.1,113,yHusuu55644
CLE,STT,20.1,408,lb7dhmmrxsj
BDL,PNS,20.1,289,knitikcfksi
CVG,PWM,20.1,287,Cyxvec6aadj
OKC,SAV,20.0,297,tijlljafgpr
LGB,LIH,20.0,382,smjmmgfhhkm
BOS,MSO,20.0,381,Aynldj9cbgn
ATL,FAY,20.0,291,mmnokndijgl
MSN,TUS,20.0,295,gdgijokssli
IAD,VPS,20.0,194,zzEI9769acc
DTW,ICT,20.0,319,omlpikceikp
JAX,TUS,20.0,341,keejlnklmmp
EYW,GRR,20.0,347,999eiutyvod
ATL,EVV,20.0,322,mkmojiikikk
BNA,ILG,20.0,64,KBrqytk0011
CID,SAT,20.0,241,jfhjmliskll
DTW,JAN,20.0,341,tqipjidfgim
BLV,LAS,20.0,97,Jr00000qEGF
AGS,BWI,20.0,275,nsoehkghjlm
ALB,CMH,20.0,286,lpptigcghjm
KOA,PHL,20.0,572,opdgeppnkhi
IAH,ROA,20.0,342,milrkjfjhll
FAT,MSY,20.0,313,ldjqmjdklmp
LNK,MCO,20.0,175,53665qyAwyx
ICT,SMF,19.9,300,rkmmklbeijq
BNA,LIT,19.9,287,fgikgcbitAu
CLT,MLI,19.9,278,oilrlobegln
ATL,EUG,19.9,372,qkknijhdjmm
BWI,HSV,19.9,303,qoohfjdjknk
DAY,IAH,19.9,288,kllmimgjhmm
BTR,PHX,19.9,317,phhhnljinng
GTF,SLC,19.9,271,kljnlkgljmk
AUS,EGE,19.9,336,mledbpuvy9b
EWR,SBN,19.9,323,hjvysgcefig
ICT,SNA,19.9,316,nhlmnmgghko
OAK,TPA,19.9,278,iihlkngmkol
PNS,XNA,19.9,163,cblmimcinuu
HRL,ORD,19.9,222,trmkahcculk
CHA,PGD,19.9,36,000Cwwmsxz0
ILM,IND,19.8,260,xnjqigfeehp
BHM,ORF,19.8,292,qplplichgjk
BNA,PIA,19.8,102,utvyuy86576
CMH,COS,19.8,269,yqpnjkccgem
BUR,MSY,19.8,306,gghpolhjmqh
KOA,OAK,19.8,343,omnjmjjjhkg
GRB,LAX,19.8,366,nonlmodihgk
OKC,TYS,19.8,304,ngjBgibgikp
LAX,STT,19.8,516,xiabjmjmjrl
BNA,SBA,19.8,360,oknpjkbeimn
BTR,DEN,19.7,285,vlnkklejfkg
EUG,ONT,19.7,241,qpqnoleeggf
IND,MDT,19.7,283,mmmohgeikln
GSO,IAD,19.7,231,lnolhgdkolk
ANC,OKC,19.7,437,Axmfchbeiip
GSP,SNA,19.7,417,qmklejflkll
LIH,MCI,19.7,485,mhkgheoopdr
ELP,PIT,19.7,325,lljqmngeiil
CMH,STT,19.7,379,rd8aiklrDki
BOS,HDN,19.7,314,98975gv/O56
AVL,MSY,19.7,299,rijtlfchhnk
FAT,HOU,19.7,280,vfenooejjik
KOA,MCO,19.7,517,pijijjijnip
BWI,FAT,19.7,334,tmmkhl9clkr
FLL,ICT,19.6,318,lhhkmnkknji
CHO,LAX,19.6,394,ilinjlekkom
ELP,JAX,19.6,314,lgfloqghkip
PSP,SAT,19.6,338,fdgkjmimupk
LGB,OMA,19.6,236,qnjpllegiij
SEA,TVC,19.6,370,IPrjbd798cj
ANC,TUS,19.6,423,qlhjilkjlhm
MKE,PSP,19.6,322,dbdhhknuAni
GRB,MSP,19.6,294,klppmkhjgki
LGA,MAF,19.5,358,lljglEechim
PWM,SAT,19.5,337,yrsvhh8dddj
ABQ,TUL,19.5,264,ommqledgjkn
DAY,LGA,19.5,263,NKjhfe9bdce
BDL,BZN,19.5,315,tBtibecjefm
COS,TUS,19.5,249,hllkikjlkml
FAR,SAN,19.5,309,pnglhmjijkl
COS,ORF,19.5,311,vrphghcdhko
BWI,PSP,19.5,381,c8flmmnqtph
BWI,EYW,19.5,304,ljhgjnlmmkj
SGF,TPA,19.5,311,gjmkjigoiql
PVD,SMF,19.5,301,rqppgmbcejn
DAL,MYR,19.5,229,Asmpfe69gju
MYR,SEA,19.5,373,Bxrkce8bdjo
AZA,XNA,19.5,70,0000kH4vIKw
PHL,SGF,19.4,320,noppglbfglo
LAX,SBP,19.4,224,llkrkdhmikk
JFK,TUS,19.4,402,ikhmlsijiik
PSP,STS,19.4,215,1128yruBBxa
DCA,LGB,19.4,258,ihfifwfhlrp
HSV,MIA,19.4,330,jecklnmmnln
ATW,PHX,19.4,347,iginjkioqjj
LBB,SLC,19.4,254,lioixmdfhjk
MAF,TPA,19.4,275,umhllqdgiek
CLT,ICT,19.4,308,rjlmjleejln
BNA,EUG,19.4,318,qojnjkbdjnn
CLE,OGG,19.4,582,rhfheklnnkm
CHS,HNL,19.4,631,qkhjgoffhqq
LGB,MSY,19.4,254,ogipolgkglj
MFE,PHX,19.4,302,fijilofomoj
BTV,MIA,19.4,351,fhgkhlnvole
BOS,EUG,19.4,385,poopflbdgno
AUS,RDM,19.4,328,piknjkfimkk
ECP,RDU,19.4,274,slllfe8hopr
MEM,PVD,19.3,290,qopsiiaeiil
DCA,SBA,19.3,398,lnokglfflml
BOS,PVD,19.3,0,xqrtjg89ego
LAS,PVU,19.3,81,01100010X//
CAE,SFO,19.3,376,nmmlilgihnk
EUG,HNL,19.3,400,jmlhhpiinim
CMH,GEG,19.3,297,twnnhhbdehn
MTJ,ORD,19.3,317,nmkc6nhAD7f
ASE,BOS,19.3,485,nnkeajqAxa6
BFL,IAH,19.3,348,olijpjklhgl
BZN,GRR,19.3,264,Ayojaiflebi
BUR,DCA,19.3,317,lpokjrddjkj
MFR,MSP,19.3,294,utonficbhio
CLT,SAV,19.3,355,jjnoiggjlok
MSP,RDM,19.3,317,rurmeidefhm
MCO,PSC,19.2,392,liehiokrgkp
CID,CLT,19.2,381,ijlrohefnll
FSD,TPA,19.2,302,gjlkhmiokpj
BIL,LAX,19.2,259,tqimjmeekkg
AVP,DFW,19.2,355,njlnkkhklhl
MKE,OMA,19.2,279,lprnihiggim
ATW,MSP,19.2,275,kipokmhjhjj
CAE,IND,19.2,267,olmmhifhinn
FAI,SFO,19.2,351,jipdmtgsu9b
STL,STT,19.2,422,qc7behoutmt
OAK,PHL,19.2,274,tsoljocceji
MDW,PSP,19.2,261,jlhejuhlshg
CLT,GPT,19.2,311,kggnjnhlqkj
CMH,ILM,19.2,240,tsmpjhbhfhk
CHA,MSP,19.2,324,mlnoikgfhmn
BOS,BUR,19.1,303,vwnlllabeii
BIL,SAN,19.1,279,qnllklefnih
MIA,VPS,19.1,274,dbddcisoruv
MRY,ORD,19.1,395,jmpojmffhjo
EYW,IAD,19.1,318,67457zAGHu6
MSP,TVF,19.1,127,ijjjmqjjkkj
LIH,RNO,19.1,423,ffgqinhkwjk
MFE,MIA,19.0,291,hihjkljjool
FAI,SLC,19.0,333,GEjecjbfifg
ATL,MHT,19.0,260,nqomiiclfim
FAT,RDU,19.0,342,tmkmemaejnr
AUS,CHO,19.0,318,igiqolekkjo
CVG,PNS,19.0,264,sqpoddaekks
PHX,SBN,19.0,354,hhihgjjqpqk
ORF,VPS,19.0,270,nmmlegdijns
LAX,SHV,19.0,311,rkglmnfjijl
ORF,TUS,19.0,364,kmjkhmeilon
PIT,PSP,19.0,368,ccenjkktwnh
BUR,SNA,19.0,0,ihilhngpnni
ABQ,ORF,19.0,333,vnnlgmadjio
ACV,SAN,18.9,288,nmlnnmhejgj
ANC,CVG,18.9,443,TBjcafaaecs
COS,DTW,18.9,288,vxumggcbcen
ICT,RDU,18.9,297,pikmloeehlo
FCA,LGA,18.9,405,P/sd799a97d
ABQ,ANC,18.9,406,Cvlieh9cgip
AVL,SLC,18.9,356,imjnghermmk
COS,PNS,18.9,256,uljljjfhjim
ANC,MIA,18.9,500,pqifinnkjfj
MKE,OKC,18.9,273,upooijffeik
ATL,MSO,18.9,363,zmohdjdhghq
BNA,CAK,18.9,111,BE765865vDA
HNL,SNA,18.9,377,nrklkniggkg
GEG,LGB,18.9,211,klhilngqhkl
BOI,MKE,18.9,300,vrrnhiafdik
CAK,DAB,18.9,107,12gmrsnvyx3
BDL,BOS,18.8,366,soqvjgacgil
ONT,PSC,18.8,219,spkomggeifm
AUS,SGF,18.8,293,mlmqkkcghlo
BUR,RDU,18.8,320,knjklrdhhll
ATL,RAP,18.8,373,zswmeg8abhs
FAI,ORD,18.8,416,GEqcdhabfbn
HRL,MCI,18.8,207,ihfkdnktmgr
BTV,JAX,18.8,273,nkjoejiomlg
GRR,MYR,18.8,170,QJfg996dgij
BZN,SJC,18.8,229,yvnichejfdp
PHX,ROA,18.8,343,iehmkoglomm
MCO,SBA,18.8,393,hhijlljnmnk
GPT,ORF,18.7,297,klkigkhmlkp
COS,HSV,18.7,344,inodficljss
CAE,SEA,18.7,392,rlskggeghjq
ANC,ONT,18.7,380,Aqlifjcedir
DCA,GNV,18.7,295,jjknilflmjn
MFR,ORD,18.7,308,truoiibbehl
DAL,GSP,18.7,279,iknlkkcgmnp
BTV,PBI,18.7,345,iifjfmmrsjg
ASE,FLL,18.7,552,spd9bvnxy94
HOU,ROC,18.7,238,nkeklicitnl
PHL,TLH,18.7,342,mklnllehkoj
AUS,ICT,18.7,287,lhnpmiejklm
BUF,RIC,18.7,222,lqoqjkeeggn
ABQ,OGG,18.7,463,qfjgipkhlfr
MAF,SLC,18.6,332,olmnjkejmii
FWA,IAH,18.6,286,pnkmiifhljm
BUR,PIT,18.6,328,nnmolpdfkhg
AUS,SBP,18.6,276,migookfhinm
LEX,MIA,18.6,339,efemlhmslpl
JAC,MCO,18.6,421,voqicmfjlan
BZN,MKE,18.6,252,swrkfigjfbj
EWR,LIH,18.6,620,oHjhenfddhm
MCI,MHT,18.6,269,ssruhgbdail
GSO,PDX,18.6,362,sslnfibefoo
MKE,TYS,18.6,242,mpmphfbdios
CKB,PIE,18.6,58,Li00000tEFJ
GEG,PIT,18.6,318,yuqjficeeil
EGE,SFO,18.6,402,7a977xBPDb9
LAX,ROA,18.6,364,nlkqmlfggin
DEN,HDN,18.6,200,jkjgdqrxobc
CMH,ELP,18.6,321,hmllkpfemhp
BUF,GSP,18.6,265,nrpsji8eekn
HRL,MAF,18.5,182,mnlljjhmhim
CRP,MSY,18.5,265,jikpilhnilk
SJU,VQS,18.5,188,ef8ahnoyxoh
LIT,PIT,18.5,306,nlorjjcfgjo
CHA,SFO,18.5,405,qimqjgeeimo
FSD,SLC,18.5,295,ommqilffgmj
CHS,PNS,18.5,270,mkknijejiom
GNV,LGA,18.5,320,kpknjnffklj
CLT,MOB,18.5,319,klfnikfmnll
PIT,RIC,18.5,267,lklojjghkll
FWA,LAX,18.5,338,nkhmjoiihjo
PIE,TRI,18.5,42,Mi00000tBBO
ILM,PBI,18.5,250,fbciqCpjkjh
ONT,SNA,18.5,42,igfhlqglpoj
GRR,ORF,18.5,254,sqoqiibdhhn
CLE,PWM,18.5,289,tyzufe89cdk
LGB,OKC,18.5,242,njiomkeiglp
MDT,PBI,18.5,283,fgfimokoqkk
IAD,ITH,18.5,245,hgmwkgajqni
PDX,PVD,18.5,316,uxsoegb8hil
RSW,TYS,18.4,324,ililkigomoj
BOI,CVG,18.4,318,qlpphjbdilo
MCI,ROC,18.4,298,nqmsko9dfim
ALS,DEN,18.4,118,lolkimhikgm
JAC,TPA,18.4,402,xtseamifj9n
BOS,FSD,18.4,327,pqrrkj89dlp
ELP,ORF,18.4,343,pihkjtcgmjm
GJT,SEA,18.4,275,rqnmijcfdmm
CLT,MSL,18.4,79,ofelqrjfkjl
CHO,MCO,18.4,258,igjkknknkkk
ABQ,SJU,18.4,350,ojedkojmrik
CLT,OGG,18.4,708,tgbgfpjikqp
PIT,SDF,18.4,272,qplmfeehikr
JAN,SAT,18.4,285,ojkokkhkkhk
MCO,MSO,18.3,354,rieffjipoql
HOU,PWM,18.3,268,xxsvge6aefj
CLT,ERI,18.3,254,mjkjmpeijkl
AGS,PHL,18.3,302,nmkjefbfgJl
PBI,SMF,18.3,424,lggjlnhmomi
COS,EWR,18.3,321,pooljkghfkl
RDU,SGF,18.3,281,omomnieffml
SFO,SGF,18.3,360,sopoijbejji
BTV,FLL,18.3,323,kfhkhnmxnid
JAX,SJC,18.3,417,mikjlnjiijn
BOI,SBA,18.3,236,pnmlljdijhm
ONT,SAV,18.2,363,siholkbhhno
ANC,CLT,18.2,555,WIpbaf76abo
EWR,TVC,18.2,329,/Zieac7768c
HTS,MYR,18.2,56,//23221112o
IAH,LIH,18.2,570,ynflckdgkht
BHM,MKE,18.2,294,omBnigcfegm
GRR,PNS,18.2,269,cffifjdttyl
BOI,CLE,18.2,328,vrsngibahhn
IAD,PHL,18.2,278,lhpoghbfooq
LAS,TLH,18.2,470,iikpjijpkki
DCA,JAC,18.2,408,CUwb6bcke6f
ORF,SYR,18.2,206,AImjdgbddej
CLE,TYS,18.2,279,psonhhcggkn
LIT,SNA,18.2,348,oijljjogljl
SAN,VPS,18.2,350,mjjlihclonn
OMA,TYS,18.2,281,plprheadhor
MDT,STL,18.2,285,mlmmlheiinl
BUR,TPA,18.1,321,okkjmughghj
CHS,MSN,18.1,255,oljnjidhjlq
DCA,GPT,18.1,287,knkigifllon
MBS,ORD,18.1,234,pnomklfjhhi
ATL,LIH,18.1,592,ohjlhlfhfps
SJC,TUL,18.1,307,omikkldgjlq
HSV,MSP,18.1,346,pollimgigjm
CVG,GEG,18.1,307,voqlhkcffhm
BLV,JAX,18.1,51,Vm000000IMN
MFE,SEA,18.1,294,llmjkpigijk
GRR,SJC,18.1,335,zupmhjafdfj
CVG,ECP,18.1,275,yuqkc95emmr
CHO,DFW,18.0,332,lilnjiejkoo
MHT,ORF,18.0,228,nqlkiihiijl
OMA,RIC,18.0,308,snolhj9cgos
LBB,SAN,18.0,295,qmllkjfhjjm
OMA,PBI,18.0,339,hkinjnkpnei
MKE,MYR,18.0,251,vsmkdd7bpnq
AUS,FSD,18.0,289,njlrmmffhlj
GSP,MEM,18.0,304,kklomjeillk
PBI,PDX,18.0,448,lmjkjnhjohi
BTR,LAS,18.0,335,ngjmkljgknk
GNV,MIA,18.0,321,ehmmngkqnlh
ANC,IND,18.0,449,IBqhbf7abet
BNA,KOA,18.0,490,uimogkggnen
CAE,MSP,18.0,324,knpmkhghhkl
ORF,SAV,17.9,262,ljokihgimmo
BUR,EWR,17.9,309,qslnjiedjkj
DFW,STS,17.9,431,Ezrru8586ao
GPT,SAN,17.9,298,klilklhkjjp
IAH,XWA,17.9,482,nlpliheiimm
RAP,SEA,17.9,328,uxrmggbbdhq
BOS,JAN,17.9,372,olpqkibbjnl
BGR,RDU,17.9,237,yEwrcd6979w
ILM,SEA,17.9,388,ssplembefio
RIC,TUS,17.9,368,gghmjmflpmp
BUF,SJC,17.9,304,FBtqfh79abk
CHS,ONT,17.9,342,mjmlmlcfjom
PVD,SDF,17.9,278,wovtgeaagfo
ATL,TRI,17.9,278,lpnmjmfjijg
RDU,TYS,17.8,299,imlnkhdjmmn
CID,SRQ,17.8,147,54464qSVI98
ECP,ORF,17.8,277,mllnmecfisn
FAR,TPA,17.8,323,njeimlekjsm
MCO,MFR,17.8,354,knkiijljkml
BUR,MSP,17.8,331,qqkogiccllo
DSM,VPS,17.8,185,ZBegc75bady
LAX,RAP,17.8,275,wsqlieacfdu
ABQ,RIC,17.8,339,linvinbdgmp
KOA,STL,17.8,511,regfenonqhm
DFW,GUC,17.8,377,455a6DEOP46
EYW,MCI,17.8,330,lfedkoorkll
ORF,RNO,17.8,385,ntkngjjhgli
OAK,PIT,17.8,259,rrlklobehhm
IAH,SRQ,17.8,290,877789bBPJu
IAH,SBA,17.8,391,ojklojehkjm
FAT,TUL,17.8,283,oihnjpfehmp
BGR,DEN,17.8,320,CACtbb67agj
ATW,LAX,17.7,340,oikkpjhjjjk
HOU,ORD,17.7,205,Cwuwde8ahdf
BTV,PDX,17.7,370,yxtqej9aagj
FSD,SAT,17.7,277,jijnijfvimi
FLL,SGF,17.7,306,ljgjjmnkklj
MSY,STT,17.7,339,tcbfighmmqw
FAT,OGG,17.7,401,tjinmhjcjin
BZN,RNO,17.7,255,ooliimgmihk
ATL,MTJ,17.7,430,fcca7qo/y57
OAK,SFO,17.7,133,hhmmimglkmo
MDW,PBI,17.7,241,mrknihfhmjj
LEX,RSW,17.7,352,heejkjpsjqj
BWI,CHA,17.7,281,mhnoljfhlnj
ACY,SFB,17.7,66,00000qstFJP
ORD,PSC,17.6,329,npsokjceghm
MDT,RSW,17.6,291,decjlkpvqlj
PDT,PDX,17.6,89,klmkknghjkm
COS,LGB,17.6,213,mlnpjqigffk
CAE,STL,17.6,267,olonlgfgjil
ANC,OMA,17.6,422,PDjkdd789dt
BZN,RSW,17.6,387,mgebdolryik
GSO,MEM,17.6,280,plmqlibihog
LBB,TPA,17.6,292,nfhjjogikrn
COS,FLL,17.6,318,hedlmonoljm
CLE,ILM,17.6,241,tzsmfi9cegl
MCO,PIA,17.6,288,kheilikmrko
MYR,SFO,17.6,394,sommijaefnq
FAY,SAT,17.5,289,onhjelkijom
ATL,FAI,17.5,454,srpeglcglho
DTW,TVC,17.5,304,CCpkfjcdbbi
LBB,SEA,17.5,339,Brohfl9cdjr
ROA,SFO,17.5,395,lqinkmafliq
IND,LIT,17.5,286,lmopgediknn
ILM,SLC,17.5,393,nlikgleqlho
SAT,SGF,17.5,288,nmoonifhhkh
JAC,RDU,17.5,382,yzve5heli8o
CAE,SLC,17.5,387,ppklhihliij
BOS,SBP,17.5,371,tnpqhjbcglm
ICT,SFO,17.5,326,tljmkiahkln
ALB,SNA,17.5,395,vsmmikdedil
IAH,LFT,17.4,284,kklojjhkjkk
ABQ,ALB,17.4,328,rrnsik8dfim
COS,MKE,17.4,231,ownlilbeeio
DAL,GRR,17.4,245,qrnqelehigj
LAX,MOB,17.4,353,ojklkljkglj
BIS,ORD,17.4,277,wsqtji8achm
MDW,PWM,17.4,220,QNJz7a64344
MEM,OMA,17.4,287,nknnlicmjjk
CHS,LIT,17.4,299,okomghcglop
DAY,JAX,17.4,272,jjhlkkhllmn
FAT,MKE,17.4,313,srlkgmcffkp
CAE,MCI,17.3,293,jonnihemiml
AGS,PHX,17.3,402,jfhjhkfjnBk
CLE,DSM,17.3,276,tnoofibejkn
ATL,HRL,17.3,228,nlkkindijlo
BDL,RNO,17.3,388,ttpjcjefhhn
PVD,TYS,17.3,271,ntomjfa8ins
LGB,MEM,17.3,234,ohnkqoehihm
GSO,RSW,17.3,283,iiejghnpppk
COS,RSW,17.3,309,lifjmmjnmjl
BOS,DAY,17.3,279,qurigfcdjmm
DSM,PIT,17.3,275,moptjhbegkl
BNA,HRL,17.2,197,wmlnimcjfhj
LAX,MAF,17.2,302,pijpjlchkkn
ABQ,GRR,17.2,294,snouij8egkl
LEX,SEA,17.2,369,wprmedadcmu
LEX,SLC,17.2,357,nolmlgglikj
OGG,SAT,17.2,550,vlimghifndq
ONT,SJU,17.2,383,opeefljiono
AUS,HDN,17.2,304,gd977sLEC76
BTR,MCO,17.2,294,lghjlhnpjnj
IAD,SBA,17.2,433,jkrikldgjom
AGS,ORD,17.2,360,kjjlhg8ffQj
CLT,FCA,17.2,347,SGsb7beh9cf
CLE,LIT,17.2,284,ppoljjajkjj
SBN,TPA,17.2,310,ggfmhmvklmj
CID,EWR,17.2,312,inoojnfdijn
ILM,MCI,17.2,266,xmnqjn9befp
CHS,SAV,17.2,425,fehshe8evzp
DAY,RDU,17.2,245,npmnkjfighl
PHX,SAF,17.2,299,efgnknhpoml
MYR,OMA,17.2,265,Spllcc5adpn
MDT,PDX,17.2,358,nptrfjbegkk
BWI,ICT,17.1,281,qmmnnq9ahkm
BHM,CVG,17.1,303,kllriheliml
PWM,SAV,17.1,293,plonicagmtl
MSO,SMF,17.1,297,sojqhhdfimm
GSO,JAX,17.1,276,kllomjhmijj
IAH,PSC,17.1,349,olhlmkhjhll
RAP,SLC,17.1,304,pwvffhbhfes
MKE,VPS,17.1,257,fogscc8gyxm
JAN,MIA,17.1,316,pjihjgijkor
COS,OKC,17.1,237,lpnmhihiikm
ORD,SHV,17.1,321,pmrnhkcghml
CRP,PHX,17.1,305,kfknkhfjnnp
FAT,MIA,17.1,369,nhijlliknmj
DFW,GTR,17.1,231,hjlplheqioh
JFK,PHL,17.1,304,pjkmmm9clkr
BNA,CRP,17.1,269,olkqkldhkkj
ACV,DEN,17.1,283,unnlejdfjhq
MYR,SAT,17.1,295,vrmjei9ckno
DFW,GRI,17.1,222,ljkllmdjlkm
JAN,SEA,17.1,397,xspieidcdht
IDA,MCO,17.0,373,ihgfhkqqpio
LGB,PIT,17.0,238,rnnlkofcgkj
HVN,TYS,17.0,71,BPCvDk40000
AMA,BNA,17.0,291,ljlpgjaoimn
FCA,PHL,17.0,363,LTAd9a78a9h
PGA,PHX,17.0,106,Ammnlgbciin
PDX,PWM,17.0,391,EEzvca558gi
HSV,ORF,17.0,285,romlgjcgknk
GRR,OKC,17.0,305,pmvkkfdfhio
MSN,SRQ,17.0,305,efcgjllwtoi
SMF,SRQ,17.0,347,mjiiklhinkp
CAE,PIT,17.0,260,jnlrihfjhnn
BZN,ONT,17.0,227,Bpmqhggcedl
AUS,ROA,17.0,303,ohinplehhll
ATL,MFR,17.0,352,sjlmiidegpq
CVG,ILM,17.0,257,qrnrkgbegmk
MYR,SDF,16.9,215,Lprngb7afhm
COS,OAK,16.9,238,snkjkohehmh
MAF,MFE,16.9,216,gntxjghgije
LEX,MSP,16.9,317,loqlfieihnn
SJC,XNA,16.9,364,lhkojnfjnin
GRB,ORD,16.9,229,nnnnmlegfim
CVG,OGG,16.9,649,peegeklollt
DEN,SUN,16.9,296,sonigjhprbd
SDF,TUS,16.9,319,hhkpjqemnkh
ABQ,RSW,16.9,327,kfhllqflnll
CRW,IAH,16.8,344,mpqomidihih
BNA,TLH,16.8,333,hklnlhenmll
RIC,SAV,16.8,272,ioonjfcikpl
ANC,FLL,16.8,481,qniegplijfo
PHL,TVC,16.8,294,/Sjfb86888k
ROA,SLC,16.8,346,lnknmnejhjk
PWM,RIC,16.8,256,twuqhfadegk
OKC,PSP,16.8,341,bafkgmjzwqf
DFW,MHK,16.8,322,hiirljemjok
CLE,XNA,16.8,298,qmoqhfdhjkm
CMH,XNA,16.8,309,pnpojfbjikk
AVL,MCI,16.8,275,plqvlgacgjn
HRL,STL,16.8,213,smhkhlgkrgf
DAL,TYS,16.8,256,43444223+//
LIT,VPS,16.8,180,/Jgc8669aby
ABQ,SDF,16.8,303,jnqukhaegno
JAN,PHL,16.7,327,pmmmhkedjmn
PIT,XNA,16.7,287,ojoqkgeiglm
HPN,PHX,16.7,337,lmokiogimkf
MSP,PSC,16.7,383,wtpqhmaaegk
DCA,HHH,16.7,289,uqfji72dpzv
MDT,RDU,16.7,263,lkmokkeiklj
ATW,IAH,16.7,316,mikkijgkoln
PSP,RDM,16.7,271,9adhmmmvAoe
DAB,LAS,16.7,382,ehkojmkmlll
AVP,MYR,16.7,105,EAsrlo5344r
ONT,TUS,16.7,265,jjknmjfmlkk
FSD,RSW,16.7,337,gdcghfnAwlj
ILM,STL,16.7,261,uqongjadekn
ALB,PHL,16.7,354,nnrrjhegjhj
AUS,HPN,16.7,306,mlmnlnegmji
DFW,TUP,16.7,129,rfgjsnmjjfi
IAH,MFR,16.7,324,qmlmiifikil
CRP,HOU,16.7,228,lotphgejjhj
AEX,ATL,16.7,293,lmkpnkdgjkl
PNS,TUL,16.7,266,wpmnccackkw
BUF,SNA,16.7,404,pqrsehdgiji
CAE,MSY,16.7,308,pidukfglkmk
DAB,DCA,16.6,255,ijggjkipokq
LIH,STL,16.6,554,pikifhniogs
BUR,SDF,16.6,333,hgjlkreejxl
IAD,OKC,16.6,343,klnkkibgklv
DFW,ROW,16.6,339,trjihkdgjll
SEA,SRQ,16.6,370,oojlfmejimn
DSM,SJC,16.6,328,ponmikdfihp
DAL,FAT,16.6,256,phdlkqhikkn
MSN,PBI,16.6,314,hhfkonjkplk
ELP,TUL,16.6,265,kjnoljeiglq
DTW,GRR,16.6,256,xqklklcdhjj
GRB,IAH,16.6,334,plkkjijjjim
ATW,EWR,16.6,216,/Dfede889bf
FLL,PSP,16.5,481,99ajppoxpse
HDN,LAX,16.5,265,a8668BC+x65
BOI,JAX,16.5,357,rhihkmejmko
EWR,JAN,16.5,326,plklnohighi
DFW,LCH,16.5,302,iionlkhilmk
GEG,MKE,16.5,298,wwooihcdfek
HVN,VRB,16.5,100,im00prstxw7
BLI,BUR,16.5,118,7534464ALTO
CVG,PSP,16.5,370,a9ejinmtyqg
HRL,TPA,16.5,196,mkmpjqfkgih
LGB,MKE,16.5,261,tolinpfggif
MSN,SJC,16.5,364,onlorieedhp
BGR,BNA,16.5,270,vrvygb59chq
GSP,SYR,16.5,254,rpspiiahfhi
IAD,PBG,16.5,103,Eleimnhghfh
LGB,RDU,16.5,253,mifjnshfipk
ILM,MSY,16.5,314,mfhmllhlknm
BNA,RAP,16.5,296,wssnffadchp
PHX,SHV,16.5,305,ifimonhkhnn
GSP,PWM,16.5,265,tsDuid78dbo
CID,MIA,16.5,307,dfgjlkrukik
BDL,HNL,16.4,663,jleghnghlvq
ANC,CLE,16.4,438,KGtf9d77acu
RDU,TLH,16.4,318,hkmlniemnni
CHS,TUL,16.4,290,nimqjfadrlq
ANC,BZN,16.4,354,Czmhfk9cgen
FAR,PDX,16.4,334,utrmfeaddkq
ONT,PNS,16.4,320,rjeilpeijkp
JAC,SLC,16.4,328,oqoicjmribi
HRL,IND,16.4,203,lhcnlofmtjh
GSO,SNA,16.4,358,qokogjhkfmi
CVG,GSO,16.4,288,omnohgdijok
ALB,RIC,16.4,257,lplnhgfhmjp
IAH,MLI,16.4,283,jkimklglkol
FAR,LGA,16.4,350,smmnkp9eeip
SGF,SNA,16.4,349,mkoqhkhdgnm
RIC,VPS,16.4,263,rqkkfd9djuu
GUC,IAH,16.4,379,rhg65vyDz46
BHM,OMA,16.4,297,mjopkkegijn
FAT,IAD,16.4,352,onplkkachno
ELP,RNO,16.3,276,noflijgjhrm
MAZ,SJU,16.3,75,ljjlkmjjkkk
RSW,XNA,16.3,316,kfglkmhmmko
MOB,ORF,16.3,297,mjhlmignmlj
PHL,SBN,16.3,296,mkkqljdkhni
LGB,TUL,16.3,224,wlfpllefgil
ILM,SAT,16.3,271,rkkjjmdhjml
MAF,SAN,16.3,285,tljkkledohl
BGR,IAH,16.3,339,xwxCa9aaadm
EUG,PSP,16.3,273,caciolmuwmh
CRP,SAN,16.3,315,qlhkiiimgnl
JAN,SAN,16.3,360,jknokifllgl
BDL,EYW,16.3,337,efcgkknsktn
GUF,XNA,16.3,57,UDtzs00000x
EUG,MCI,16.3,292,upmpkjbcfin
MHT,USA,16.3,71,GMFGiq40000
AGS,LAX,16.3,437,oihjileiiAi
BDL,EWN,16.3,112,kqjnnjcegmq
CLE,ELP,16.3,330,omjkiodejmp
ICT,MSY,16.3,272,gggsmjhmnok
RSW,SAV,16.3,301,gfhilhgpssk
CHA,MIA,16.3,335,edemlmjmlot
HOU,RSW,16.3,225,mkhhmojjngl
HPN,LGA,16.2,209,nklompbcjkn
LAX,TLH,16.2,454,gmfnkoejjql
CLE,GEG,16.2,311,vvpnejcbifl
FCA,TPA,16.2,402,Euodcghhibm
ELP,OMA,16.2,267,mrjjkqdehio
ABQ,PVD,16.2,294,rlryej9dekn
DCA,LBB,16.2,332,ojinnmadolp
GRR,OMA,16.2,274,qnwudjbcffn
HNL,LNY,16.2,106,ooklkkikfhm
MSP,XWA,16.2,244,knnkmmdhhnk
GSO,MKE,16.2,267,rpoojgaggln
DSM,SJU,16.2,368,gg9djssqqjk
FSD,RDU,16.2,287,qknmloaghjn
FLL,TTN,16.2,83,1110111bI/S
GRB,SAN,16.2,347,opknijhekli
COS,MIA,16.2,317,gjgmlojhmml
CLE,IND,16.2,301,klpmggcnmln
GRR,RIC,16.2,277,qsppkibdfhl
EGE,FLL,16.1,399,ifa99AryEcb
RNO,TUL,16.1,309,qomkigcdjtm
BOS,FAR,16.1,341,notrjh9bgjq
CLE,GSO,16.1,257,ooqqjeajkki
CHS,DSM,16.1,272,rqioifagfqp
FCA,SMF,16.1,313,vtrlhicgdgl
ATL,RDM,16.1,385,qkmjimhgkjk
BTR,ORD,16.1,309,lhjkmqeiiom
LAX,LBB,16.1,286,rijlijhijkp
ELP,RIC,16.1,348,nlgiknihjlq
SMF,VPS,16.1,333,wllmgkbelmj
ORD,OWB,16.1,77,ylijpvieedd
EWR,SGF,16.1,331,nopjipcehjo
FAT,MDW,16.1,244,zojhljdegni
CHS,MDT,16.0,260,mkjnljflimj
MDT,MIA,16.0,315,dfhfmirrqlj
DAY,OKC,16.0,280,klnfgjimlrk
BTR,RDU,16.0,295,jhgknofmjmm
FAR,SLC,16.0,320,qnlmiidlimi
LBB,ORD,16.0,322,stqpigdeghi
MBL,ORD,16.0,67,Nwhfjof8dci
FSD,SMF,16.0,292,skopihcihgo
CHO,PHX,16.0,356,gjkknkfmlok
IAD,OMA,16.0,333,lllnmfbbkly
CHO,TPA,16.0,295,lhkmlnhkkki
GJT,IAH,16.0,305,kgkmngekipq
DTW,FCA,16.0,354,GKzi7b9dbbh
ROA,TPA,16.0,304,jillmeklkln
MSY,PSP,16.0,348,addlknhntuk
AUS,TVC,16.0,325,NClnec9bbck
ATL,PSC,16.0,372,pknhmjghjlm
MAF,PIT,15.9,408,mnnnkkgijhj
DAY,MIA,15.9,277,igjkphlokil
BHM,PVD,15.9,317,ttjrli9cdnl
ANC,SJC,15.9,364,qjgkhmgvihi
GEG,SBA,15.9,244,tnlmjkdhhjl
MCI,SBA,15.9,286,klmoiidilnm
CHO,IAH,15.9,308,kihmnldikno
FWA,ORD,15.9,216,pmknjkefjkm
HSV,SMF,15.9,325,pknmjjeflkn
DAB,LGA,15.9,253,rrqnngencgc
LAS,TVC,15.9,355,mhpqhgfhlnm
LGA,SHV,15.9,342,nnjnnrbgijk
SMF,SYR,15.9,389,tsnnhjccfhr
COS,RIC,15.9,315,tnnlhifggjp
ANC,CMH,15.8,444,QEmdbe88bat
CLE,COS,15.8,276,xqskfj9efho
CHA,RDU,15.8,292,mlkmkjdkjmm
MDW,ROC,15.8,236,qnlmjhcdlmp
ECP,SDF,15.8,273,srrre87cior
MCO,VPS,15.8,295,mkkljkflijq
BOS,MFE,15.8,301,glinltiffko
AUS,MHT,15.8,293,rkpxjiadelk
CMH,FAT,15.8,315,rnqnhiacfmr
AUS,STT,15.8,397,xg79imeitkx
BTR,SAN,15.8,282,ifihmmknlnl
CHS,RDU,15.8,308,jlnpjfckoml
BOS,GNV,15.8,333,nklnmmgihkj
DEN,EGE,15.8,305,hifacyqAv9b
LAS,TRI,15.8,398,fhlojgjlpmm
GJT,SAN,15.8,239,qlllljfgfip
DSM,TUS,15.8,297,dfhjkkltojo
ATW,BOS,15.8,296,psongjcdepl
HHH,ORD,15.8,278,ogda8946hL/
BWI,CID,15.8,261,lpntjmfdfkj
CHS,XNA,15.7,292,ojkoihdiimr
MHT,STL,15.7,273,qtrygh8cehk
DAL,ROC,15.7,259,ljgmkrghgkp
ORF,ROC,15.7,230,ptqlikcbfjp
DTW,IMT,15.7,155,mmjsnldmfgj
JAX,TPA,15.7,409,ffeljlirrqi
AUS,DAY,15.7,289,klioklglilk
ICT,ONT,15.7,296,olhnnmedjkn
IAH,MRY,15.7,453,sollhlihekj
FSD,PHL,15.7,317,plpmmkcclkj
AGS,DEN,15.7,379,kmljildhgsq
MCO,RDM,15.7,385,hiijplmlnhj
PNS,SJU,15.7,346,njdeopiilol
PNS,SDF,15.7,271,pmprcd9fiqt
LAX,SBA,15.7,244,jlkkjlhknmi
PHL,ROA,15.7,333,jjpskebilmm
DAY,FLL,15.7,286,effjqorpmif
BUF,OMA,15.7,278,utBrig89cfj
ATL,TTN,15.7,90,TQWiu110132
EGE,MCO,15.7,384,a8b7bsKDG8a
PIA,VPS,15.6,84,/O22111213E
EWR,TLH,15.6,382,gjkompehmmk
ATW,SAN,15.6,318,rkpmiihiiij
MIA,RSW,15.6,364,a99cjqpDBkf
BUF,MEM,15.6,288,poqsohachii
ATW,LGA,15.6,297,opmonmccejm
CAE,OKC,15.6,356,omjpfhgnhmj
BIL,SDY,15.6,45,lnmknjekikl
PHX,TLH,15.6,415,gfelmnkqmkl
RSW,TVC,15.6,372,rmihfcksmlh
DEN,RDD,15.6,254,unf6nmihjmp
ANC,EUG,15.6,342,Bxmigihcefj
CAK,ORF,15.6,114,Exhhgjbfdgn
DTW,JAC,15.6,404,Bxyg7dikh8h
DTW,SBA,15.6,375,mnkolleffln
SBA,STL,15.6,321,mkmnijeijjp
EWR,LEX,15.6,319,jlpmkheflmn
LEX,MCI,15.6,317,lmmmmlbhinl
GRB,TPA,15.6,318,kfciifnxrli
CMH,LIT,15.6,286,lllpkidjjml
GJT,ORD,15.6,285,nnpojhabios
IND,KOA,15.6,501,ngiockmkpil
CPR,PHX,15.6,285,gfefmqjprli
CVG,ELP,15.6,326,mhklkoghmkm
FSD,SFO,15.5,333,ronpjjdeell
ALB,SJC,15.5,354,Dtkohm7dcen
LAX,MTJ,15.5,262,hlha9upBB88
ROC,SMF,15.5,322,uokkllbefko
EGE,LGA,15.5,469,qtkcbhdDoch
ICT,RSW,15.5,322,mddijonntij
CHA,SMF,15.5,343,oqqmkjbcfkp
OGG,RDM,15.5,431,gjekmlkkyif
BOS,OAK,15.5,297,mqumkjcaeol
OKC,PVD,15.5,311,uomwhiabfhp
HSV,TUS,15.5,366,kikgipjkmnk
ALB,SDF,15.5,288,wArpff8cckj
DFW,GLH,15.5,101,ngfmjoemmkn
CHA,PBI,15.4,318,jgjsmlhmkji
DCA,STX,15.4,382,pmccjqhnmlm
SBN,SFO,15.4,380,ljonjjdkikp
GRR,PSP,15.4,367,a8cklomBxkd
ITO,SAN,15.4,352,tjjmilijihk
FAI,MCO,15.4,454,qmjhfpkhkgn
BUR,FCA,15.4,236,/Ree9g9c7bc
JAX,MHT,15.4,280,noinmkcgkmk
CHA,ONT,15.4,329,pnkllnbehjq
DAL,HDN,15.4,262,oda99CszG57
BUR,CLE,15.4,310,pljoktfhgig
IND,ROC,15.4,295,lomnikagknm
BDL,DSM,15.4,314,ppolhibfkkp
GRR,RNO,15.4,343,ynqiefdkekl
BNA,RDM,15.4,345,ukqmkicdgmk
STX,TPA,15.4,270,lkbijqlqmjh
MEM,SRQ,15.4,310,ijkinjiilno
MDT,MSY,15.3,290,hfhnmkhkool
BUF,TUS,15.3,320,qkmoljekkih
DEN,GNV,15.3,399,lklljnfhohn
ELP,SDF,15.3,322,ojkmgjegnmp
AUS,SBN,15.3,291,mjlmnmbhkkn
LGA,MOB,15.3,315,spmlkmfjfie
BUF,MKE,15.3,251,puqnhgbfdip
CPR,DEN,15.3,228,ljmlgkkjkml
GSP,OKC,15.3,317,komnljcijjo
DEN,PAE,15.3,99,JJzuov80000
CAE,SFB,15.3,35,pdhuotdnsh0
HSV,SNA,15.3,384,pmigihikllo
MIA,MYR,15.3,295,ijjlmkmmikl
FWA,SAN,15.3,319,okkokmehgkl
EYW,RIC,15.3,311,ehddmijpyrj
ONT,SGF,15.3,322,pnmllldhglj
PSC,SMF,15.3,281,ljkmkjjkijo
DRO,ORD,15.3,300,tlppgkgeihj
CLT,SBY,15.3,328,onnqggdgjnm
HSV,JAX,15.3,317,mihkkkhmnlj
ABQ,BUF,15.2,289,xrxski5b9gk
MSP,SGF,15.2,350,pmsojhehelj
BUF,HNL,15.2,606,mnjmglglhqg
GSP,JAX,15.2,288,komkjhgjjln
ICT,JAX,15.2,313,oijqnobilii
CVG,TUL,15.2,297,mmpqihdhgmn
HHH,PIT,15.2,273,Aytlb87delr
DTW,TLH,15.2,352,oniogjfjinl
ALB,MKE,15.2,276,wwqnfg9bckm
IAH,PIA,15.2,284,lkkklmhilll
BTV,PIT,15.2,257,loqpihgkggk
BNA,MFE,15.2,239,ljjjkrgjglm
CID,SNA,15.2,325,lnnmjkgljfk
BNA,TYS,15.2,290,lklpgd6cqvs
DEN,SCE,15.2,356,pmijnnddjln
BIL,BNA,15.2,366,mkkiigCfego
EUG,TUS,15.2,265,mjfhjogonlj
DSM,PSP,15.2,344,999ginqEBjd
ATW,SLC,15.2,338,pllkhlgkgnl
CRW,DFW,15.2,317,llnonjdgjkk
DCA,OGG,15.2,601,gndcgupqqhg
MCO,SRQ,15.2,156,9bahkojwBre
EGE,TPA,15.2,413,aab99wtBNdc
BUF,OKC,15.2,304,vqvqig9bcfo
ATW,TPA,15.2,297,gfggfgltunm
MSP,ROA,15.2,331,krommnagfkk
GFK,MSP,15.2,263,ijmokihmgnl
LFT,PHX,15.1,308,kgkimmklojj
DAY,SLC,15.1,303,koplghkkmij
SAN,TVC,15.1,358,HApiagbhdgf
BZN,TUS,15.1,258,jhhjgmiquii
RAP,SAN,15.1,293,uqqjffdhhho
RIC,STT,15.1,366,jfbbgmmnrrp
CLT,TVC,15.1,320,SJxn98577aj
BUR,BZN,15.1,237,toomjjghhfi
GRR,MEM,15.1,295,nmmpnhdjijj
RNO,SDF,15.1,344,ulpnfgddgno
BNA,BTR,15.1,291,lnlplldjjmg
GSO,PIT,15.1,242,onotiichiij
ORF,SJC,15.1,348,skjnkodggin
DAL,PWM,15.0,281,upnAgidbgei
JFK,RDM,15.0,384,nppnmodghgh
GEG,JAX,15.0,386,lmikhngjlkm
DTW,EUG,15.0,346,spkkjibfgqn
BIL,SMF,15.0,262,omlokjfgijl
AUS,MRY,15.0,320,rnjmjjehjlk
JAX,SGF,15.0,287,qiimkkfjhnm
DTW,FSD,15.0,316,oooonhgfghl
FSD,IND,15.0,297,mlmrjiifkki
RAP,TPA,15.0,309,troiegfhfjq
EYW,MKE,15.0,293,bechlkpqvqi
EYW,MSY,15.0,277,qljjjjghlnl
RSW,TUS,15.0,390,ba9ioonurrh
BNA,CHO,15.0,272,igmokidnjql
PBI,PNS,15.0,315,ljhhhginmnr
PBI,TUL,15.0,342,kgflomilnhn
HNS,JNU,15.0,233,Cxokb86cgpt
COS,VPS,15.0,292,pkqnljcfjim
SJU,TUS,15.0,355,ifdggsmnrjn
ELP,MKE,15.0,309,pmjnitdcfjp
RDU,SBN,15.0,273,ojkplj9mjho
BNA,DAB,15.0,322,nmjmjhdmjko
ORF,TYS,15.0,259,opnmildggkm
ALB,TUS,14.9,348,qhinmkiohjh
PWM,SDF,14.9,287,yuEwea6acck
DAY,SFO,14.9,389,oinmgmgkjkj
DTW,MQT,14.9,230,knrnkpflcgi
BZN,CHS,14.9,335,ynjhbehilnn
LAS,MOB,14.9,346,rilmkliiijj
CMH,GSO,14.9,255,mlnphhdlijn
BLI,SAN,14.9,212,/Bafebadcjd
BNA,MFR,14.9,312,qjmrhk9ffpp
HRL,MSY,14.9,209,llmokjokegi
DCA,GRB,14.9,303,qqqkjkcfiii
LBB,MCI,14.9,286,ijlxkhcklkk
GJT,MSP,14.9,261,qnnrggcbjlq
GSP,ONT,14.9,376,llmqombhijj
CLT,FSD,14.9,310,ljiqrmbfihp
AVP,LAS,14.9,379,jinnighkmln
CVG,STT,14.9,440,oc97fppovlq
BZN,RIC,14.9,340,vvqdbighhgo
SHV,TPA,14.9,285,olimknghhho
DTW,SGF,14.9,331,knppjgcfinn
AGS,EWR,14.9,301,jgklgmfhjFe
ALB,TYS,14.8,272,poijjfaeirv
ICT,IND,14.8,289,okonggdjlok
CLE,OAK,14.8,275,spmifiaelnq
ABQ,PNS,14.8,291,qjimjlbfkks
EUG,STL,14.8,303,wslngkaafnn
RNO,SBA,14.8,260,lqnjlifhini
GEG,MDW,14.8,219,HFAhaia8baf
EUG,LGB,14.8,181,xqmkngkmafd
BWI,SBA,14.8,356,mllolldfjlk
EWR,SBP,14.8,422,milnklbemnp
PAE,SEA,14.8,608,xofjlqegkfh
MSN,SAV,14.8,263,jhgniffksnp
CHA,SAT,14.8,325,jjinhihinnp
FLL,MAF,14.8,299,rnjlowfffch
IAH,MSO,14.8,356,Eohjhlcghij
MKE,SDF,14.8,270,knotggdiiln
SNA,SYR,14.8,419,otklhjdflhn
BHM,HNL,14.7,615,ohihmtecmhs
BUR,TUL,14.7,303,mhimpsddlkl
GNV,ORD,14.7,337,lkjllnchjpm
AVL,SAT,14.7,308,nnhtkjahlmk
FAT,TUS,14.7,263,figljnjhnno
JAN,MCI,14.7,303,okrlikekkji
ABQ,MEM,14.7,295,hjltjldijnn
COS,ELP,14.7,241,mnkjjiijmmj
MSN,SJU,14.7,345,bcabfpvrznk
LGA,MGM,14.7,274,nhjnmoegjkn
AMA,ATL,14.7,310,lijpmkehkkn
HSV,PBI,14.7,292,niglkmimlmi
AUS,MSO,14.7,299,Grjifibghgk
PSC,SAT,14.7,279,qkjikleklkj
SDF,SJC,14.7,387,lioogjdgktl
BOS,EGE,14.7,423,dhca9ovIwbf
ITO,PDX,14.7,395,kkmkhmnjjli
LGA,LGB,14.6,244,iohningckui
GSP,SJU,14.6,369,lfckoknlnnj
CAE,CMH,14.6,259,llnojfdliln
BFL,SFO,14.6,209,lnltspdhfbh
BDL,CAE,14.6,264,nmooihenjhk
ANC,LIH,14.6,405,cb9eilGwsgg
MGM,SAT,14.6,297,oiiehkhklrp
IAH,IDA,14.6,345,nkjhhokkjgq
LIT,RIC,14.6,301,lljnjnehhok
ATW,PHL,14.6,314,moolugcegjl
BOS,RAP,14.6,364,yKwlac67bgr
SAV,TUL,14.6,289,qjnpigadjjw
IAH,MEI,14.6,171,ifgqpjdipok
ABQ,BHM,14.6,296,pimtkn9hijl
GJT,MCO,14.6,326,kjjhjmipnjh
CHA,PIT,14.6,287,ploqlgchfnk
BTV,MSY,14.6,312,kfhwjjggkqi
MKE,PWM,14.6,287,xCBufe79a9i
MEM,OKC,14.6,321,jmnwhfclijl
BOS,STX,14.6,356,ie6bhmtDoqe
MCO,SCE,14.6,305,eeillhlmltm
HNL,PSC,14.6,402,hmhfhlpmloj
AVP,DEN,14.6,321,qmmmmmchihk
MSP,PGD,14.6,186,00000xdM/E0
DAB,PHL,14.5,288,lmhgfjemlps
FSD,SNA,14.5,312,lllpgiililk
EUG,SAT,14.5,306,rmklinedjmm
PHL,SYR,14.5,376,jmpshibhjln
BUR,MIA,14.5,280,wrgedlglnle
GRB,RSW,14.5,364,bccihhqxyni
CLT,EVV,14.5,325,njjnmjboklk
CLT,ILM,14.5,371,nllpijeihnl
BHM,BZN,14.5,340,wmrg9igipar
EWR,FCA,14.5,419,AWze8d8cbbe
MOB,PHX,14.5,329,khdmklmlkom
BOI,GRR,14.5,325,zrnnfkbfdfm
AGS,SAT,14.5,327,lljiinhjgpl
ATL,BIL,14.5,374,xnrjgkecjgl
ABQ,KOA,14.5,418,phiifrkiljn
CRP,LGA,14.5,360,rihlivcgkkk
ELP,MEM,14.5,311,jkjomlfhhht
ONT,RSW,14.5,380,mfgipngqkkj
MAF,SAT,14.5,314,okppighhgmj
MAF,SEA,14.5,335,Etmhgjadefn
CAE,MIA,14.5,351,gfgjkginlpu
FLL,OAK,14.5,264,jffdpCmkhlg
HRL,SAN,14.5,241,qigmnsfekik
BWI,CAE,14.4,306,qllnggeljko
EUG,IND,14.4,333,pkmzfh9bnoj
HSV,RIC,14.4,283,olmiikflmik
EGE,PHX,14.4,326,47779zxNMd8
GRR,TYS,14.4,281,orpqgfcdfmp
EUG,PHL,14.4,370,umqlklbbfmm
ORF,TUL,14.4,307,upmjkkadkhp
CHA,PDX,14.4,314,ouqoihdegik
ORF,SRQ,14.4,290,jgfnnjekmnp
JAC,JFK,14.4,472,pwsjfldhfap
DLH,PHX,14.4,324,khkijkmmiok
KOA,RDU,14.3,516,pihgenkkolm
JFK,PVD,14.3,121,qpvozq9dd8a
HOB,IAH,14.3,243,olmmjkemjkh
FLL,HDN,14.3,312,97754ow/T64
MOB,ORD,14.3,290,mklokkghinj
BOS,SAF,14.3,434,mmiugjdbjnq
DEN,MOB,14.3,310,vnnmhkfkbjj
CLT,PAH,14.3,101,PljoAtli000
ACK,EWR,14.3,307,//G0000011n
BOI,CHS,14.3,330,qhnhjgcilqq
LBB,MIA,14.3,428,ihbce/jegfj
BOI,RSW,14.3,386,lddfjxmmokj
PBI,SAV,14.3,305,khijjhenosk
BDL,VPS,14.3,289,hoingeaifDq
AVL,HOU,14.3,174,+Dcfac77b7C
GEG,RSW,14.3,355,ofefgpkpooi
PIE,PSM,14.3,75,RJ0000000T/
OGG,OKC,14.3,543,pggigiikphu
OMA,PVD,14.3,298,vsqtgi9bchm
HNL,PNS,14.3,638,liihknhhmmq
TUL,TUS,14.3,298,hfhpokgnmlm
ORF,STT,14.3,391,og5bnsrojqh
BHM,SJU,14.3,385,tibkikjhomm
MFE,SFO,14.3,312,rjhjilgkkml
TPA,TVC,14.3,334,pxridjdljie
MEM,TUS,14.2,326,gehkoskiklm
DAY,MSP,14.2,283,hisqiieggpn
ECP,SMF,14.2,318,qkjjhgacltv
BGR,PHX,14.2,355,vqtobfdheim
GJT,PDX,14.2,259,oqrqhjbegkk
BOS,LGB,14.2,241,Guhpnoa8egc
CHS,COS,14.2,293,rmlmkibgenr
DFW,YUM,14.2,350,hehkloljnkp
BIS,IAH,14.2,356,mlkmjiejjlp
FAT,OMA,14.2,302,qlmljlchgiq
MDT,SAV,14.2,263,lkmokhijili
LRD,ORD,14.2,307,pmlmknhjfhj
LAS,XWA,14.2,220,77uLNv7bda7
FAR,SAT,14.2,298,ljjjkkhtgmi
IAH,STX,14.2,392,umcikqhiign
MKE,TUL,14.2,281,rnpqkideekl
ATL,LAL,14.2,43,0000000J/UQ
BUR,ELP,14.1,252,qmlvjjecjii
MSN,PVD,14.1,278,rpoxlgbadhn
GEG,TUL,14.1,298,tpmqiicbgkn
MFE,MSP,14.1,285,lomddfmwkfn
BUF,TYS,14.1,271,sqsrhfaefin
MAF,TUL,14.1,332,kkophlgiikl
OAK,TUL,14.1,289,tkjqlpbdffq
PHX,TRI,14.1,357,gfhrhkhnokn
ATL,CRP,14.1,299,kgollmejlkn
FLL,JAN,14.1,313,nhjjjkmkijm
BHM,GRR,14.1,299,plmvkffjhih
ABQ,FAT,14.1,268,nkluiicelko
BUF,ONT,14.1,316,ysrthg8deek
BTR,LGA,14.1,297,kjllmmhjhll
DAB,PHX,14.1,391,dbhikolspnk
COS,RNO,14.1,269,qnklffeihro
GRB,LGA,14.1,334,qmplomdbfll
MEM,OAK,14.1,340,vmilmmbajln
ELP,MFE,14.1,324,fhllikimmmp
MIA,ROA,14.1,304,nhiiqilljhl
EUG,OGG,14.0,399,pkffjllnmjj
CEC,OAK,14.0,177,mnjlikgjmkl
BHM,TUL,14.0,307,ghqoqedijrj
BGR,LAX,14.0,383,FFrrdb8aafj
MSN,RIC,14.0,278,nqmmnlbddmn
FWA,TPA,14.0,304,jmhhfhkpmpk
CVG,MSN,14.0,287,mmprohegiig
OTH,SFO,14.0,247,pqmomfacgmp
BFI,ESD,14.0,201,BHtkda89chn
CID,RSW,14.0,309,hddhgjortpk
BOS,FWA,14.0,293,pqrrfiebjgm
ELP,SAV,14.0,314,thhijrchjkr
CVG,DSM,14.0,287,qnpqhedigkk
BNA,TUP,14.0,70,oggnpqkkfgi
DAL,OGG,14.0,363,wmihemd9nkw
CRP,ORD,14.0,345,oloohjdkkji
LGA,RAP,14.0,324,Aztkfg89aho
BKW,CLT,14.0,48,Lkclrso8daa
LBB,MSY,14.0,270,ggjqmodohml
CID,DTW,14.0,297,jmmpofhihkm
ATW,AUS,14.0,274,llkmlidejpp
DEN,TRI,14.0,315,plpljnejhii
HNL,MFR,14.0,415,njikglmjphi
ILM,MKE,14.0,211,qvnonjacggk
AUS,FAR,14.0,290,mmllgleigoo
LFT,ORD,14.0,324,pmmllhcggqn
SJU,TYS,13.9,388,fbbfjsokwkp
MFE,SLC,13.9,275,jnikhseiqmf
HSV,ONT,13.9,353,skiklpcikfn
HVN,ORF,13.9,71,xvikij2fjoj
IDA,ORD,13.9,335,ovtqfhffeek
GRR,PIT,13.9,289,ooqqhhdjhhk
MFE,SAN,13.9,295,hhknkniohll
BHM,BUF,13.9,293,tqspkjbchej
HVN,RIC,13.9,69,nkimhlcfklv
LIT,MDW,13.9,203,vqnmjncfffj
OKC,SRQ,13.9,328,sjjjkkehjkq
CRP,DCA,13.9,343,mghkhobiqnq
LGA,MSO,13.9,382,JDngbf9eadp
DCA,MLI,13.9,248,lknnjidijlo
ROA,SAN,13.9,361,npjmilejkjj
BOS,GRB,13.9,316,oqorjgcdfok
EWR,RDM,13.9,437,otrmgn9ckjk
PNS,SNA,13.9,378,rkmjgkggkpj
ABQ,VPS,13.9,272,tmjlffefilu
BTR,BWI,13.9,250,nhehkqjjlmn
MAF,OKC,13.9,357,ikmnigiminm
ROP,SPN,13.8,156,npmlhkjkmbi
FAI,HNL,13.8,491,aediiswtrgg
DSM,SAV,13.8,274,oinolgcfmnl
EVV,ORD,13.8,332,mqnkikghkjk
MDW,OGG,13.8,429,okhelmjimjn
BNA,PSC,13.8,339,qkkmnjcellm
DCA,LFT,13.8,321,mgkijjqmhkl
ABE,DFW,13.8,338,knknlpchjkk
DAB,ORD,13.8,330,kglhjkfkooo
GRB,SEA,13.8,345,tznoihbcbho
JAN,MSP,13.8,363,oqlnjgejfnl
GEG,MFR,13.8,245,oqnlkhdjhkk
BNA,MSO,13.8,353,vpknehkfedr
GRR,GSO,13.8,249,qmmnigcgino
CID,SMF,13.8,313,plnlhjgegon
HSV,MCI,13.8,308,oljojidmkjm
DCA,MFE,13.8,317,mihhjohknkm
MCO,SAV,13.8,301,iilmkhhomlj
GST,JNU,13.8,185,//j6453456h
ALB,CLE,13.8,292,msusehceghl
LAX,SCE,13.8,402,gmesknhfipm
BNA,RFD,13.8,46,XQFF111101m
GPT,MSP,13.8,259,ecAGwgcicec
HSV,PIT,13.8,276,qnpohediijo
OGG,PIT,13.8,618,pkhlfjijlln
AUS,MFR,13.8,284,plkplncehio
PBI,XNA,13.8,317,jijmklhjmnj
BIL,BOI,13.8,316,llmpgjhmhjl
ELP,FAT,13.8,297,nkhnknciklm
IAD,MEM,13.8,341,mkjnlgcilmr
BOS,MFR,13.8,363,upsqgh9aeko
CAE,CLE,13.7,270,mplpgidkjll
FCA,STL,13.7,314,KGzhada99ai
AGS,DTW,13.7,352,omjjhkbdgFj
AUS,FWA,13.7,288,mljmnkfhjkn
BUR,HNL,13.7,297,ebba8b98a9/
BTV,STL,13.7,285,sruwfibcedl
DAY,ORF,13.7,251,oppnhebmjjm
ALB,LGA,13.7,268,tvpAieadcdj
AUS,EYW,13.7,300,vhefjlnhimo
ATW,RDU,13.7,272,plnrmlcgggl
BGR,IND,13.7,262,Hvyz9c588dp
HNL,RDM,13.7,443,gkclirnmqii
SJU,TUL,13.7,335,qjbgkpkknin
DSM,ONT,13.7,316,oukkkoedfin
CHS,TUS,13.7,361,gdilmnelpon
SAF,SFO,13.7,317,ngjninfjolj
HVN,IAD,13.7,56,EVutCj60000
MSO,PHL,13.7,352,JAnjdiaabgl
BHM,COS,13.7,302,onimiqahjkn
ATW,SEA,13.7,350,sxomhfbdfkm
HSV,PDX,13.7,348,rookllcehgo
ABQ,CHS,13.7,352,mhjpikbgipr
AUS,BTR,13.7,263,gkmsmjgiipj
LIT,ORF,13.7,301,qqmqijceifn
CHS,LEX,13.7,318,nlrsge8hjmo
LGA,OGG,13.7,572,cDd8gkpyko9
HDN,SAN,13.7,246,bb985qCYA88
SJC,TYS,13.6,376,tnqohhbdikl
JAN,SFO,13.6,398,sinnkichhml
HOU,MYR,13.6,276,zmnmfi7ehmp
LIT,PBI,13.6,328,kjhmilhlmmk
CLE,HSV,13.6,278,mropggdljhk
FLL,TLH,13.6,324,hlllfkjpkkl
IND,MHT,13.6,271,prpwfh9cehr
BWI,KOA,13.6,546,yshggjgehml
IAH,PIB,13.6,191,jmkmlifhmjo
LGB,TPA,13.6,258,oggpmoinkjf
JAN,SLC,13.6,378,mnjijphhnil
AVL,STL,13.6,256,pmqqljcddlm
BIL,SNA,13.6,270,rmkljkhhkhk
BNA,TVC,13.6,293,Exrkfdaf8hn
EUG,IAH,13.6,360,rlnnlhgkifi
BUR,CLT,13.6,335,polnhleicml
DAB,PIT,13.6,293,omhihefnmrk
FWA,LGA,13.6,292,mjopkieeikr
HNH,JNU,13.6,186,vAplgb8beno
CKB,CLT,13.6,78,Ijijulignc1
CRW,LAS,13.6,382,hhmlkfinpkn
EUG,GEG,13.6,245,oljnjhglhll
BNA,GUF,13.6,38,0000iw1pERP
EYW,HVN,13.6,109,0000jBEMMs0
AZA,LSE,13.6,98,0000000V/NO
LIH,ONT,13.5,394,toqnhfchjhm
JAC,STL,13.5,349,Izyf7dded8m
BZN,HNL,13.5,448,ggfdgrlqujl
LEX,SMF,13.5,348,smnqhhadipm
CLT,EGE,13.5,405,98753OnSL75
RIC,SJC,13.5,374,qlhoplbejnj
ROA,SEA,13.5,393,sulnij9belq
BDL,BUR,13.5,368,qqonnmcefhi
MEM,VPS,13.5,223,/Fhj8869bdi
CGI,ORD,13.5,93,Lljjsmfcace
JAC,MIA,13.5,478,pole9qiqsbi
ATW,DCA,13.5,279,qkjlllbflmo
DRO,LAS,13.5,271,gjjphlgmloj
BTV,IND,13.5,272,rnsuhkegeei
GNV,LAX,13.5,412,kifkkoemiqm
ABQ,MSN,13.5,284,rqlqhgcgflm
ECP,RIC,13.5,277,tnnjih8empo
BTV,MCI,13.5,305,sopzhdbdbjn
DAB,EWR,13.5,260,pooklffjkmg
IAH,RDM,13.5,365,qlkmejdklml
IAD,MKE,13.5,277,rtqliedegio
LAX,LFT,13.5,357,kiiollhkfnm
BOI,MFR,13.5,255,mnhmgojjhjl
PSM,RSW,13.5,145,00000BFPJH2
COS,SDF,13.4,285,wnpkhhafekp
EUG,EWR,13.4,372,mklsgkcdlmp
BNA,LFT,13.4,305,hjlslkhjhkj
BNA,LIH,13.4,513,qhkqdjgdnhs
DTW,MOB,13.4,290,nnkikjhkkmh
CLT,STX,13.4,387,hb9bhxkrBkh
ILG,ILM,13.4,54,OYSP1000010
MCO,MOT,13.4,337,mffgjjmrgno
BHM,MSY,13.4,333,iijskhfoknh
GRR,PVD,13.4,283,rrsqfibafkn
SEA,SGU,13.4,320,klirkgeminl
BZN,MDW,13.4,231,RSH9a88b78a
FAR,RDU,13.4,307,wklopj9hcin
LIT,MCI,13.4,297,olmoeihilnk
GPT,PHX,13.4,317,nkmjjlmjjhi
JAN,JAX,13.4,327,jkkokiikikm
BHM,SJC,13.4,409,nnhnmldiimk
GSO,SMF,13.4,352,ookkghbgisp
FSD,MIA,13.4,337,ihekhhttngi
FAR,PHL,13.4,301,wsnkkjbcbhr
HNL,ICT,13.4,526,shdghninnfs
LIT,RSW,13.4,331,kfgmnlihoqj
RSW,SJC,13.4,410,jgehmmgqmqk
GSP,MHT,13.4,270,lmtlln9dgkp
EYW,SDF,13.4,310,ldfmkonpjki
ASE,PHX,13.3,358,becbarxMEa3
MDT,MEM,13.3,296,lkknpjekjlh
COS,PBI,13.3,287,toknmldghgi
MHT,SLC,13.3,284,nsqqbbakeos
CLE,CMH,13.3,343,oropki8eikl
BUR,CVG,13.3,338,kmpkgmdcknq
LNY,OGG,13.3,73,gjmlmikmgln
MSN,ORF,13.3,257,qslkgkadelw
ASE,SAN,13.3,337,gmhlblxysc5
MDT,SMF,13.3,349,kokmiidgjqp
ABQ,PSP,13.3,279,hcfpkiirqnk
LGA,MTJ,13.3,389,uyrd9cjvk9f
DCA,RAP,13.3,339,vrqhdeafkkr
CMH,ICT,13.3,300,omppjgffiio
SAT,SBA,13.3,315,mkjljmehhms
PWM,TYS,13.3,280,uoqtha8fdnp
LGB,MSP,13.3,268,oshlghgipkk
RNO,RSW,13.3,389,kffffnhqtrj
EWR,GNV,13.3,288,hihjorjmmih
AVL,BWI,13.3,254,omuqjgcihhk
HNL,PSP,13.3,446,hijjhjnklth
PNS,SYR,13.3,267,ppikgicjkql
BOI,DSM,13.3,317,tnqpgjceehp
BDL,HSV,13.3,278,ojiljnfiijo
PVD,SNA,13.3,393,nspogjejfgj
BNA,GRB,13.3,300,jjjrkidjjlr
FWA,SAT,13.3,282,omkjljekjmm
BOI,TUL,13.3,310,qkjljlfgmgr
JAC,LAS,13.3,335,losmgigkfho
AVP,PHX,13.2,374,lflpmndlljj
ATW,ORD,13.2,218,qlmljmfgijj
ABQ,LIH,13.2,457,rhmhkkhfmjn
CHA,MCI,13.2,308,onmogjbjiln
EAT,SEA,13.2,193,lk0joxqplhe
RIC,TUL,13.2,317,okhrklbfhmp
COS,OMA,13.2,236,loomflhfglo
GJT,LAX,13.2,244,lknhkkfijnn
SAN,SBN,13.2,334,pkjllphlejj
MEM,RNO,13.2,345,omlkkgfmkhn
MFR,OGG,13.2,374,lmkillinnif
GSP,OMA,13.2,305,mopoli9gkjo
ILG,JAX,13.2,57,Y/31IA90111
CLE,ICT,13.2,288,kmonllcfilm
GRB,SFO,13.2,399,wqloljcgfek
DAY,MCI,13.2,285,lnorkifjfij
BUR,JAX,13.2,338,hghhkrhkook
MFR,ONT,13.2,245,mqnlhgfhjkn
BWI,JAC,13.2,430,tyzf7egmh8n
BWI,HRL,13.2,236,qkdjjobeizm
BTR,SAT,13.2,274,gknoiggklol
ACV,LAS,13.2,218,gekififbuzr
GRB,SLC,13.2,364,ooonjgehgko
BUR,GRR,13.2,316,qrmjntcfegh
RIC,XNA,13.2,290,tkknkhcgilo
MCO,SGU,13.2,366,mhkiijpmjjl
CLT,RAP,13.2,341,Gxwm9b499fy
BDL,TUL,13.2,327,nomrioddhil
GSP,ROC,13.1,272,poppimcfijj
CID,MSY,13.1,279,gfjmkkjjono
FAT,FLL,13.1,361,mgggllnjmoi
AMA,SAN,13.1,285,rmjrgjfhhjn
MOB,SAN,13.1,332,onknjkjiglg
ABQ,PBI,13.1,384,hhhonofgomn
AGS,IAH,13.1,361,ieljjmeglzl
MHT,SAN,13.1,316,opopflajeph
ECP,FLL,13.1,330,njjjkllkjjk
DAB,DFW,13.1,348,lfkfikgqnpm
DRO,SAT,13.1,268,lhhlgtmkofg
BGR,JFK,13.1,255,wzjkfneceii
SDF,TUL,13.1,295,mjnqhgfggrn
MCO,SBP,13.1,376,hggjmklojmn
BFL,BNA,13.1,313,qjnsnqagjgf
EUG,TPA,13.1,332,mifjkngllmn
PHL,RAP,13.1,328,yBBldc589eu
BDL,LEX,13.1,294,klprkicdhlp
DEN,SUX,13.1,181,hhfiknhinlu
AVL,BDL,13.1,294,nprsggafiio
ORD,SUN,13.1,344,nke97rvFy77
CHS,SJC,13.1,383,lhllhjciluo
RDU,SAV,13.1,282,njnplgbilml
FLL,ROA,13.1,304,iifinlnkolj
BDL,BOI,13.1,380,trrmilaeejk
BOS,FAI,13.0,480,BDmgblbdgam
BOI,SDF,13.0,346,pqnpikaehmk
BUF,PNS,13.0,268,sonlhibdhno
ABQ,PWM,13.0,329,vsuAde9abgl
IND,MKE,13.0,274,koqoghgigkm
BZN,MEM,13.0,288,zoshblgejfk
IDA,SAN,13.0,303,pmljijjiiio
BDL,STT,13.0,360,hhcefknuoui
KOA,OMA,13.0,452,lfeedkuungn
EYW,PVD,13.0,280,hgcnikjllpr
DAL,PBI,13.0,292,jjiljphgngr
IAH,TRI,13.0,302,likkijgmipo
PDX,RAP,13.0,290,vsrnik89cir
LEX,PDX,13.0,373,spopiicbijn
DTW,FAR,13.0,339,pmjmngefflr
AGS,AUS,13.0,336,khijhmdgiFk
CVG,SYR,13.0,310,mpmmkkeijim
ITH,SFO,13.0,455,gnepgmejnmr
BWI,EUG,13.0,329,xrmlfo98jkk
SBP,SLC,13.0,264,ijhoikkmljm
CPR,IAH,13.0,387,ojilhkhmhnl
AGS,TPA,13.0,321,jmmjijjjiri
DRO,SAN,13.0,254,ooomljegjik
IDA,SMF,12.9,283,npnmjkgjegm
ABQ,BZN,12.9,237,vkvmdlbjgfl
BTV,CVG,12.9,286,woqrfebgggn
GPT,SAT,12.9,243,lolghljhlmm
BWI,SGF,12.9,292,ponnklbgili
TUS,VPS,12.9,336,iilfgikknqn
MKE,ROC,12.9,232,qornjfdeijm
EYW,PHX,12.9,371,mcbjhommqmn
RIC,SYR,12.9,250,mmmokjhgimj
CHS,JAX,12.9,326,8afhgm9szEj
MYR,TTN,12.9,75,O/NR0100011
DAY,MSY,12.9,274,jjfqolgdpll
SJU,SNA,12.9,508,igdcirmmwni
BOI,COS,12.9,256,qmqnijdeiio
BOI,SBP,12.9,261,mkipnlhfhlm
DCA,FCA,12.9,382,HMve8eca8dj
BTR,PHL,12.9,308,hkjkjrehnmm
SEA,TLH,12.9,464,ppknkfehehv
SFO,TLH,12.9,467,flhringikom
ANC,MFR,12.9,340,Bylhfibaign
BHM,SRQ,12.9,291,ffgmjgilmtq
BZN,OMA,12.9,240,wprnfgdhdik
PHX,STT,12.8,508,kcbdjnliuuo
COS,SAV,12.8,280,umnoij8ffjr
CHO,PBI,12.8,312,gdeljplopll
DCA,SBN,12.8,311,fgqBtdbhhki
COS,TUL,12.8,242,trolgfeegko
RDU,SBA,12.8,362,mkjmlkdjlko
ANC,GRR,12.8,463,PCtfbe88c9q
AVL,JAX,12.8,298,pnkrihehfln
DSM,RIC,12.8,292,qqrlgicfgip
IND,MSN,12.8,292,kjooogcnhmk
DSM,RNO,12.8,307,wsqmeeacjjo
JNU,PDX,12.8,342,Dxngfeabfiq
BRO,MCO,12.8,269,pmhjgeiddjJ
MYR,PWM,12.8,262,iknlefaguwl
MCI,OKC,12.8,317,gnqogigllkj
GEG,PNS,12.8,343,lnlkiibgkor
DSM,PBI,12.8,349,gjhfjllopml
HOU,PSP,12.8,262,hgfshlkmnmk
CLT,FAR,12.8,314,omkqhifgfkq
BTR,SFO,12.8,351,loljmldglml
KOA,LGB,12.8,385,tkllpnhdhhh
BIS,PHX,12.8,336,lqopllffkfh
DRO,SEA,12.8,311,quopfjceejm
BNA,SBP,12.8,344,mkgnmkdlhmo
ATW,SFO,12.8,369,skojjmfihik
MSN,PNS,12.8,258,hifheggrzri
ORD,SAF,12.8,328,jkmqctddygg
DAY,RSW,12.8,292,gefjmhprnnj
BOI,ELP,12.8,303,pkjlkkhhiio
ANC,RDM,12.7,352,Evojdhbegfk
AVL,IND,12.7,259,mooojicgiml
PBI,RSW,12.7,364,865agpsPFk9
SYR,TYS,12.7,276,pqppif9fglp
BWI,TLH,12.7,342,nsjmmicihjl
BOS,BTR,12.7,310,mjmtlidckok
PWM,SMF,12.7,372,ztxxec99bfj
AMA,SEA,12.7,351,Gtthfgaaegm
MYR,RSW,12.7,269,ighmjjfooqk
SBN,SEA,12.7,344,qronhmbccmn
FAT,MEM,12.7,361,pllqjoagijl
FAT,PIT,12.7,316,smrrgh9chjp
AVL,SMF,12.7,337,mologfifkmn
ABQ,SAV,12.7,336,ufjpkiaflqn
ISP,JAX,12.7,251,smkijqceflo
IAH,TLH,12.7,347,lhjohglrimi
KOA,ONT,12.7,355,xnlilifdjil
DAY,PBI,12.7,278,lijlklilkjm
PNS,RSW,12.7,293,ikhmkhjnmkn
JAC,MSY,12.7,359,Bmqlahfleen
GEG,GRR,12.7,342,Ctrkfgadefn
ABQ,ROC,12.7,280,vomqfibgihm
MLI,PHX,12.7,322,jmmhglnmhjm
ANC,BIL,12.7,403,Eyoighbaebp
HNL,HSV,12.7,726,mihijjilhnt
PBI,TUS,12.7,400,bddfqpmrqmk
GRB,PHL,12.7,338,mpklDjbbfij
AUS,MLI,12.7,250,jiojkmhifmp
ATL,MKL,12.7,108,jjhkhoepohm
SEA,YKM,12.6,183,ihjilynllgd
BZN,PBI,12.6,467,okgbenjozhi
MTJ,SFO,12.6,300,hlhb9AiKs7b
AUS,GRB,12.6,288,roiojhdiijn
GNV,LAS,12.6,445,iejsnlioihk
FAR,MIA,12.6,346,ffdgilvxnle
PSP,SAN,12.6,302,767gkpnuHve
BIS,TPA,12.6,293,nieifphijpr
RAP,SFO,12.6,313,zvuici9daiq
PHX,RST,12.6,335,jhspjlmnehf
GNV,SFO,12.6,435,lkimlkgiknm
ORD,STX,12.6,410,kc88brmwJmd
SRQ,TUL,12.6,301,ljchmldkmmu
GSP,SDF,12.6,291,lmpplfajljl
KOA,TPA,12.6,548,qfjgllhllmm
EUG,MSY,12.6,311,ijhnindklrl
AVL,CLE,12.6,246,rquqhdaghfn
CHA,JAX,12.6,318,kimpligjimm
BDL,ELP,12.6,354,ilipmpffknj
SBA,TUS,12.6,265,ihojmgfnolk
AGS,MCO,12.6,331,jlllkjilioi
BZN,DAL,12.6,284,Dsmjbmdchhm
BET,VAK,12.6,385,niimihfimlr
BOS,MSS,12.5,117,momqmgbiimk
HOU,OGG,12.5,407,vmgiehgfokr
OMA,PWM,12.5,311,EzECaa5679k
BUF,GSO,12.5,216,ttqoggbfgfn
IND,MFE,12.5,262,jhkjjqdjmkq
ALB,ONT,12.5,330,Gnjkfhbefiq
BFL,ORD,12.5,349,rmrkljdgelk
FAI,GAL,12.5,233,hkrnegglokn
HDN,MSP,12.5,298,fbbc6qGIC89
DAB,DEN,12.5,376,liijjpllkgm
JNU,SLC,12.5,384,PWnc8978agg
COS,ECP,12.5,261,lkmiikeiljt
EUG,PDX,12.5,156,tknojgcginl
HOU,PBI,12.5,272,kmnihlgepmk
IAD,LIH,12.5,677,yteifmhgigm
HNL,RSW,12.5,732,ieffismmlnn
AGS,MSP,12.5,388,milhgicgiHk
BWI,LEX,12.5,278,olllkjbfjnq
HNL,MSN,12.5,589,ghfghosppii
DSM,SDF,12.5,272,lkuseecihno
DEN,DLH,12.5,303,qroojiecgil
LGA,ORH,12.5,142,klooqffjihl
ORF,XNA,12.5,271,qolnkfedhit
FLL,RFD,12.5,69,0000111C/L/
CHO,MSY,12.4,301,fegqpkglmqj
FWA,SFO,12.4,351,rtkmhkcgekn
CLT,LFT,12.4,314,hhjrpofihlk
MDT,MSN,12.4,326,jovrkhfgakj
BZN,SDF,12.4,280,Enwgaeffggo
FAI,JNU,12.4,367,rqmbdfflopl
CVG,JAC,12.4,365,FBCg6bggb7n
AMA,LGA,12.4,357,jklgpEddgik
SJC,SJU,12.4,349,Etn8cjfgjne
PSG,SEA,12.4,294,DDfeefaehgq
COS,CVG,12.4,289,qormghfddjs
FCA,MCI,12.4,288,LFvecgba7ak
BNA,MTJ,12.4,281,qfjhamfyydd
BUF,LGB,12.4,206,ouotoocfcec
GNV,PHL,12.4,346,fjhllmfknmo
BNA,HDN,12.4,305,e7997CvGQ66
BNA,GNV,12.4,331,gkmmoieiokl
IND,STL,12.4,279,mlpphgcjlml
DRO,LAX,12.4,259,spkkgnifghk
TPA,TRI,12.4,299,oikmlmikkhh
DTW,LGB,12.4,311,vphkjmechjn
LAX,LGB,12.4,41,kkfonofklil
MYR,SMF,12.3,336,Bnoohg8chjn
MSP,TLH,12.3,389,mmjjkhhqmkh
BOS,MTJ,12.3,376,nqmfbigBpbg
BUF,CVG,12.3,284,mpqqihbfkjm
RNO,TYS,12.3,355,qmjlhhgikko
CHS,HSV,12.3,317,mnllmjcinkj
ILG,RDU,12.3,47,VHxEG201111
EYW,LAX,12.3,439,mfdijpmogmm
PHL,STX,12.3,374,nh7egnnttlh
ABE,PHX,12.3,348,jikolmhjnhk
FAT,ORF,12.3,373,rnjhhqcdiqn
GUF,MCI,12.3,59,/t0000000WX
LEX,SNA,12.3,394,pmmojjgiflj
EWR,MRY,12.3,540,mnpoklbegln
LIH,PHL,12.3,639,lpiffohmlkm
FWA,SLC,12.3,308,rqlifghijjn
RAP,STL,12.3,283,rrumedcfgko
RAP,SMF,12.3,283,yvqmfg9bffp
BGR,DTW,12.3,302,CJzva969aai
TUL,TYS,12.3,293,lkktifcikno
ECP,MIA,12.3,327,nkkliigflmp
SAV,TUS,12.3,349,lcgljjhpnpl
LGA,MLI,12.3,278,mnopjkeedkp
GNV,PHX,12.3,409,eegnlphmmol
SAV,XNA,12.3,272,skmpmhdjfhm
AGS,SEA,12.3,412,ssphcifhenn
CLE,LGB,12.3,251,nljnlogklhf
DRO,SFO,12.3,295,qtlnggdfhlm
GSP,SJC,12.3,374,nqkighdjinr
ABQ,SBA,12.3,266,poonimcfkji
CHO,SAN,12.3,389,mniollbjljl
FAR,SFO,12.3,355,xpklejfgekm
DAL,EUG,12.2,238,mhjhiochksq
CVG,FAT,12.2,342,opopgg9ceov
DEN,GPT,12.2,300,ppjogmgigkj
MOB,SFO,12.2,376,onkhlkfljlj
BOI,ORF,12.2,368,tnpkhnaehhp
LEX,SAV,12.2,274,ppnmnfdggml
DAB,MSP,12.2,304,hhemijjxrif
AMA,SLC,12.2,278,jikmnlgkhml
BDL,XNA,12.2,310,mmprimbchln
KOA,MKE,12.2,442,dlafelttsli
EWR,FSD,12.2,334,rlomkmcegio
TUS,TYS,12.2,343,iiknkkcknpk
DSM,ORF,12.2,272,ztlogiabehp
CRP,LAX,12.2,363,ojkikmfhlmk
SLC,TVC,12.2,338,HCrjcedfbcg
AUS,TLH,12.2,378,ihkmlhhkjnp
IAD,PNS,12.2,351,ollkikegkmo
BOS,SHV,12.2,343,popvhhddgil
DAB,IND,12.2,304,qiongejijnk
HNL,LIT,12.2,598,nnilgnefmjr
BTV,CMH,12.2,278,qqrrheegigj
FLL,GRB,12.2,336,ifekjjssuhe
ATL,IDA,12.2,401,qpnififijjp
MDT,PNS,12.2,266,onljildjnhl
ACY,PGD,12.2,63,0000000D//P
BZN,OKC,12.1,264,wtrodgefgei
EWR,MFE,12.1,346,jnnoiwjfhfg
EUG,RDU,12.1,347,toijhodcjmo
CRP,MCI,12.1,299,nlhmkkfjphk
ALB,MEM,12.1,321,snnrml9eehl
IDA,LAX,12.1,305,likmjilhkjp
ECP,SFO,12.1,420,pllqhgchkpj
DAY,SEA,12.1,348,prAjgecbdlq
CLT,GRB,12.1,321,lkkoukegfjl
DAY,SRQ,12.1,299,oigjhihqlmm
MFE,MSY,12.1,247,hmsqkiekjii
LIT,SAV,12.1,295,mfpjifegrmp
ABQ,EUG,12.1,268,rrnpkiaciim
ROC,SNA,12.1,417,onnmjlekhgl
BDL,COS,12.1,315,xtnpfkabehn
BET,KWN,12.1,246,qqkiofdimil
DRO,MCO,12.1,336,kglhglkrogm
FCA,RDU,12.1,357,CBwibdeegai
CAE,SDF,12.1,282,njkkgggnpjn
MOB,PHL,12.1,293,okkljnhjkii
CAK,ILM,12.1,130,6798urknnsE
CHS,RNO,12.1,385,qnmhgjjlili
ILM,PDX,12.1,357,yppjjkebghk
FAI,IAH,12.1,480,oqifesfkndn
HDN,SFO,12.1,325,ce888BwQx78
FSD,GRR,12.1,268,prpsoheffef
GSO,ONT,12.1,336,pnmpjlafflq
MSN,PSP,12.1,354,998flnuzAjf
MDT,OKC,12.1,296,mlknkleiflq
EUG,KOA,12.1,392,jhfhgjrqvhi
CID,JAX,12.1,270,lffmililkoo
FWA,PHL,12.1,310,npnmhggiikl
DLH,MCO,12.1,321,hbilmfjntsh
LWS,SLC,12.1,261,lkemnohlllf
PNS,TUS,12.1,320,ghjkmnfnphn
AZA,SNA,12.1,37,0000000w/V/
EUG,OKC,12.0,280,qkzlfjbchiq
BHM,TUS,12.0,347,ifglmmhmnpk
ALB,ILM,12.0,252,nssqgicedin
ITO,SMF,12.0,353,nmmliljiijj
BOI,MEM,12.0,351,oonjlnddhjo
PIA,RDU,12.0,251,kllroneghil
GPT,LAX,12.0,343,kjiikijmhql
DCA,MSO,12.0,370,Fvlhdfbfjjj
CLE,FAT,12.0,341,oqnkihccjks
FCA,IND,12.0,305,KEBi999cb9k
COS,GEG,12.0,278,qpmljjdgfip
AGS,MIA,12.0,348,jhmkjhihgDf
OKC,OMA,12.0,306,kmrnhefhmmm
DAY,PDX,12.0,345,pmnlmidegom
FAI,SAN,12.0,363,jmkgkpjpsbf
BGR,MSP,12.0,308,nvEsec7abeu
LIH,MCO,12.0,553,mjjiljihnhs
CHO,MSP,12.0,314,lnrollbgekm
LIH,OMA,12.0,485,mcegdmuqqhm
BHM,PWM,12.0,331,Atwzcg99acl
BHM,OAK,12.0,323,oigmpqdeimm
CVG,LIT,12.0,303,mnnrgebjlpl
ICT,PIT,12.0,298,oonuihbehho
CHS,EYW,12.0,332,jfggjgjjpwn
SYR,TUS,12.0,359,onljjniiilj
DAY,VPS,12.0,265,hsledfepqqm
BGR,STL,12.0,270,EzJub9677bk
OGS,RDU,12.0,41,00gnrudknvz
DFW,SCE,11.9,359,lkjmkjfljnm
BHM,ELP,11.9,318,mjhllqegkhq
BOS,MRY,11.9,422,oqorjkbcgin
AVP,LAX,11.9,382,lllomqefjhj
AGS,SAN,11.9,381,qhimkjcjjrm
JAX,PNS,11.9,286,mklkhjilkkn
BUF,SDF,11.9,279,tpvqefbefil
MIA,SBN,11.9,327,kmgijkomklh
CVG,OAK,11.9,323,pjhlkobejuk
GRB,RDU,11.9,301,opommjbgenk
MCO,MLU,11.9,319,hciligonjps
BUF,EYW,11.9,326,bbagknoAmvf
MAF,ORD,11.9,375,oprojidfjhk
JAN,MAF,11.9,311,mnknikgjimi
BHM,BUR,11.9,343,mkhhmweihlk
CHS,GEG,11.9,329,pjjlhjciloq
BUF,RNO,11.9,331,uupmedbffjo
FWA,MYR,11.9,108,/Ia7553657z
DFW,MLU,11.9,345,jlmmjjfkllm
OAK,SDF,11.9,308,shhrmibfhon
SAN,SBA,11.9,205,dfffacefgx+
GSO,SDF,11.9,273,llpthfeiimk
CVG,MDT,11.9,288,jiomgmfnill
RAP,RDU,11.9,294,Buplid7bdiq
EWR,RAP,11.9,339,CECjac779dr
CHS,STT,11.9,417,u86alklnjAr
BLI,SEA,11.9,178,otqplmeegeg
BHM,SAV,11.9,306,jormjfdlilk
DSM,PNS,11.9,272,rmnndhbiplk
ABI,DEN,11.9,296,ddcddfdeqDM
SAN,SUN,11.9,297,hkgccrpBwbc
BUR,DSM,11.9,265,qrhhljabdcL
GJT,SFO,11.8,276,nnpjffdigsq
ASE,PHL,11.8,483,mphe9orCx73
JAN,PIT,11.8,346,plimkjdijnm
ALB,BZN,11.8,323,sAzjcldgeah
JAC,PIT,11.8,363,BEBe7cfgd7n
DFW,STX,11.8,401,ufchcqfkqnn
FAT,JAX,11.8,374,qkhijnhgjjq
MOB,SEA,11.8,405,mknhhjehguq
HNL,TYS,11.8,771,ihemethennt
LAX,TRI,11.8,388,qmmlkldkfjn
FAI,FYU,11.8,199,rjjkikikmmg
GRR,PWM,11.8,297,zEAudc78a9l
MKL,ORD,11.8,126,omokhpafkjp
CAE,CVG,11.8,302,noomhheljkj
LBB,MSP,11.8,336,ykjnjhehghp
MSN,ONT,11.8,329,ppgmkndghln
GPT,PHL,11.8,308,nmhnkjdkilo
IAH,SBP,11.8,395,hhhslkekjnp
LIT,MKE,11.8,279,otroihbgcin
CDC,SLC,11.8,129,fmlojmgmkli
CMH,SYR,11.8,286,lkoskfdhjnj
DAL,PSP,11.8,263,dbenojgknru
DTW,SHV,11.8,298,uqjofkchglk
BDL,ECP,11.8,304,kkglgidhjwr
PBI,TLH,11.8,324,kkmohimnglh
ALB,OKC,11.8,331,smpvgm9bcjp
ALB,PNS,11.8,305,nmjogiffhqp
BDL,PSP,11.8,441,abeihrkvsrh
PHX,VEL,11.8,105,ndehqpknmlg
AZA,BMI,11.8,86,0000000O/PH
CHA,MSY,11.7,293,ekjomjgmipk
GJT,SLC,11.7,236,hlmmnlgjjjl
MEM,SYR,11.7,295,qolrkjcifik
BUR,ICT,11.7,303,mmiplndfnhm
LIT,SJC,11.7,352,piopkkaeojl
LFT,LGA,11.7,339,lokoknfhgmi
BNA,SGF,11.7,308,kmoqkheiokg
CHA,RSW,11.7,319,ohjkljeimis
ISP,RIC,11.7,99,yArrly4125s
AGS,BNA,11.7,312,jnmkhjeiiAe
CAE,MKE,11.7,264,lqkmilcegmr
IND,MDW,11.7,204,8uuojkghimi
MYR,PBI,11.7,283,hihnkgflrkp
IND,JAN,11.7,313,ploriibjgkn
MCO,MTJ,11.7,290,fcecdqssuml
AGS,FLL,11.7,297,ihlllmkmikj
MKG,ORD,11.7,89,lmihhohnklk
BDL,CID,11.7,295,rlqojjbdjjl
BJI,MSP,11.7,168,npllhogihil
MSY,SBA,11.7,345,eginhmelpvj
BRO,ORD,11.7,299,ojjfjmgmomi
SCE,SFO,11.7,438,jsjfkobijlr
SNA,SRQ,11.7,431,gghhjskpokj
BOS,MAF,11.7,326,qptDkj7bdei
DCA,MAF,11.7,330,mhlmkkcfklu
ANC,MSO,11.7,365,Fwkiifadffn
RIC,RNO,11.7,382,tsnichhjjhl
PBI,TPA,11.7,436,bb9gfonFyne
AVL,MKE,11.7,233,trspji8edhm
MDT,SNA,11.7,404,lokkfjhnjlj
GEG,TYS,11.7,346,tqoilhgbhgp
LEX,VPS,11.7,182,/tgi8748ade
PGD,TTN,11.7,55,0000000i///
BOS,MOB,11.6,353,snnlhkhfkjh
HPN,SFO,11.6,367,lroogieignj
MSO,TPA,11.6,347,xljffjeinlm
MEM,MYR,11.6,270,tqmsgb9bjls
ORD,TRI,11.6,290,nkqjhjhhjhr
CHO,LAS,11.6,401,idkpiikjlrk
EVV,LAS,11.6,423,ggllohiioko
DRO,MSP,11.6,262,rtppfidgfdo
AVP,FLL,11.6,267,gdghkknropj
BUF,VPS,11.6,259,gtiedb7emJt
IND,LIH,11.6,532,ochpckjrlhr
BGR,MIA,11.6,308,glkmhejsisg
CAE,MEM,11.6,338,mkkshlehjml
MLI,SEA,11.6,345,ttpnflcddgm
RDM,TUS,11.6,271,jfjkillqnji
AVL,PIT,11.6,254,nrsphgcfhlk
DTW,ROA,11.6,300,qmptjfdifgl
BWI,PHL,11.6,506,sllnni8bnjp
OKC,SYR,11.6,307,tpmqiiaffio
CHA,PWM,11.6,286,mluvjd9bfmr
GRR,STT,11.6,474,854ahpyJzod
CRP,ELP,11.6,272,nmhlhlhhojn
PDX,TVC,11.6,341,LOrlbb867ck
COS,GRR,11.6,285,ypnnijeeefl
ANC,FAT,11.6,398,Irjidjbccln
IND,SBA,11.6,340,ohlkmleelno
DAL,MHT,11.6,284,jjvAgi8hggn
ALB,HNL,11.6,625,mndfhojodtk
BGR,SFO,11.6,425,JFuqb977agi
BHM,GSO,11.5,322,lkjsjgemkoi
BIS,BNA,11.5,299,qluqmdkehfg
GPT,ORD,11.5,287,kpmmklhhhim
SAV,SJC,11.5,378,oijmhndhhqp
FLL,LBE,11.5,90,/XyC3421610
ECP,LIT,11.5,298,yspkdadbijs
BUR,MEM,11.5,306,mhgnqqefkjm
CRP,SEA,11.5,373,vqikfkdcglr
PVD,SJC,11.5,316,Auoldf9leij
RDU,SHV,11.5,293,lkjmlndjikn
LBB,STL,11.5,279,kjlnlmdjhmm
ITO,LGB,11.5,340,oghqjlmgnhk
CVG,ICT,11.5,288,mnmojhcjlmj
IAG,MYR,11.5,38,//GN1000000
CLT,MFE,11.5,330,ifjmlnjlmlk
ECP,PDX,11.5,351,qtmjgibfjkq
CAK,EYW,11.5,212,458gmluyyno
CLT,MYR,11.5,325,opplhgbhljo
LAS,MGM,11.5,376,higjkohjior
GSO,PVD,11.5,249,rslnhjachkp
MSN,PWM,11.5,293,uxCvfc979el
ADQ,SEA,11.5,496,uyogjheefhl
SDF,SYR,11.5,295,mnlrihdjgkp
BOS,LBB,11.5,366,nonspkacdjo
BNA,ROA,11.5,299,llpmlicnilj
HLN,SLC,11.5,276,ikjpjiinkkk
JAX,SBN,11.5,286,oignmhglmkm
FWA,SEA,11.5,343,sxomggadejp
BOI,MSN,11.5,329,ppsmkkedcin
BZN,GSP,11.4,336,rplecjmondk
ROA,SAT,11.4,314,ligullghjmj
AUS,GJT,11.4,262,lijmfrefhum
CHS,SRQ,11.4,307,hfejkilpoqk
EUG,JFK,11.4,381,njpnopebikj
CLT,ISP,11.4,229,qmjnjrcfemm
GRR,TUL,11.4,275,sooqjhcefjm
AVP,BNA,11.4,277,lkmojhajipo
GTF,MSP,11.4,332,Fypgeidbdek
BDL,GEG,11.4,361,xspllh9eifi
JAN,SMF,11.4,363,nplnlmddhkm
CAE,PDX,11.4,382,rknnkgfgglo
BUF,MSN,11.4,297,rlpihhcgfgz
EYW,FLL,11.4,134,7346izzxGr9
CVG,ROC,11.4,272,oklrlidiljj
GSO,OKC,11.4,286,ppmjkifgjhp
MHT,MIA,11.4,263,8dbfjmoEksj
RSW,SGF,11.4,330,hjkikkjrmlj
DAL,DSM,11.4,238,kpoplkhjffj
FLL,JAC,11.4,476,wshfbpjlnbh
EUG,IAD,11.4,395,somiho8emkm
MHT,MSP,11.4,278,sBqrdd9fbhn
AUS,RAP,11.4,285,wlorjfbehhn
ABQ,HSV,11.4,327,poohfjekmhn
GRR,OGG,11.4,614,bacfioqEpqd
BOS,SCE,11.4,310,hgosskdegsg
SLC,TLH,11.4,435,pjfhhofonjm
BIL,MCI,11.4,275,srnphhbemgl
SBA,TPA,11.4,371,lgijlnemnlm
MHT,SAT,11.4,302,ojnvimbchkl
BTV,CLE,11.4,268,psssgfcfggl
CRP,MSP,11.4,317,ffeigglBtlj
BNA,HPN,11.3,219,nlqrjlfejjg
DCA,MLB,11.3,289,jmigfolgmpn
EUG,OMA,11.3,276,tomnenaajjr
MSY,SGF,11.3,294,khjsnkflijl
ELP,JFK,11.3,349,oqjgmumdcii
GPT,SEA,11.3,323,kmmjgiigfnt
PHL,SHV,11.3,320,qjmhkneillj
ASE,IAD,11.3,543,Cofd9rltsb5
SAT,SBN,11.3,291,mljilogghmp
DCA,HRL,11.3,257,rifkgxdckis
DAY,SMF,11.3,330,rpmniigigij
SBN,SLC,11.3,326,ohilgmgmkln
PHX,PIA,11.3,335,jklngglomjk
CMH,CVG,11.3,503,pmlmlh9gllo
JFK,MFE,11.3,286,orhhnthfkeh
AUS,SAF,11.3,300,nlmnkknkhgg
EYW,PNS,11.3,300,rmkogijegll
CHA,SNA,11.3,405,jkkmkiiihju
DCA,PIA,11.3,249,mnklljdkmjm
DLH,LAS,11.3,347,ffjtkdkmnsg
DCA,PSC,11.3,428,mspffhdlmmj
DTW,FAI,11.3,425,LJqaed89cbo
BDL,LIT,11.3,327,qmkmlkbgjmm
BUF,BZN,11.3,277,xSyh8c8fa9l
BWI,LBB,11.3,287,miekkpbdplv
ICT,SAV,11.3,295,shgiikdfjow
HVN,MSY,11.3,117,691KUPl6879
AMA,MCI,11.3,252,kmiphndkkkl
PSP,TUL,11.3,334,caajplkuxoh
JAX,ROA,11.3,272,jljnkkejjmn
PIT,SGF,11.3,291,rpmqjjdfekk
HNL,PVD,11.3,572,fmjehnjmjop
EAU,RSW,11.3,221,021344a//j2
JAX,OAK,11.3,289,medloxkhijk
JFK,STX,11.3,323,tl8cmqhmloh
ACY,PIE,11.3,60,0000000xYQ/
CMH,DAB,11.2,314,qmijfgjkklp
FAR,STL,11.2,319,qlmrjjdggim
FAR,IND,11.2,311,rkoqijchejp
CHO,SEA,11.2,407,opooghdihll
PVU,SFB,11.2,106,/C000LI5000
HLN,PHX,11.2,309,cghkjngvpph
PHL,SAF,11.2,384,lpqpgmcbfjr
HNL,SBP,11.2,432,lgilkjnilmm
MFE,RDU,11.2,276,liinmmelfkq
HSV,MLB,11.2,354,fknmghlkwgi
MHT,PBI,11.2,283,inhgiijponi
LGA,PIA,11.2,261,rmpolkeehfk
ALB,BHM,11.2,301,sqlrjkbefhn
LAX,MGM,11.2,369,lmjkklfhjmp
BUF,ILM,11.2,243,srnpdgbfgkq
LAX,MLI,11.2,324,jigpmkgljjn
CRP,STL,11.2,257,oglllkfkmhm
PBI,SGF,11.2,313,llfhonciqln
MAF,MCI,11.2,288,hjnulpaeioi
MSY,SRQ,11.2,284,dfimjihklqv
CLE,HHH,11.2,266,Aoqof729goB
GRB,PDX,11.2,384,nrlnjmbkfik
CHO,MIA,11.2,302,gknjpojnikd
GEG,MEM,11.2,366,pkiDfmcafko
JNU,SGY,11.2,246,ICuh5448aoA
BOI,SGU,11.2,270,hmhmnkklmih
MDT,OMA,11.2,308,rkintkcdikk
DCA,FWA,11.2,269,jjkljifimpp
AGS,ATL,11.2,298,gffiiicfhZf
CMH,MHT,11.2,260,rurukgabdgk
PVD,TUS,11.2,346,mjnqgidhmmm
RIC,ROC,11.2,242,ilolojbhnoj
BTV,SAV,11.1,294,ojhoehchlxl
MYR,PDX,11.1,353,wvomdi8ediq
FAR,MCI,11.1,353,hkonigimlmj
BIL,BOS,11.1,386,xxqsif98bho
RDU,TVC,11.1,282,LBnlge6d8cm
BUR,TUS,11.1,268,gkknkigjpnk
JAN,STL,11.1,291,mlnpkihhjil
BIL,TPA,11.1,342,rmhikkginin
LEX,MYR,11.1,168,/tgga8699cd
FLL,LBB,11.1,388,giddiPkjkhg
CAK,LAX,11.1,236,/Maccfcdabb
FAY,TPA,11.1,277,nqlfgfjklip
HNL,SAV,11.1,709,qeijmmgignr
AUS,BGR,11.1,319,IFvs99798co
RAP,SAT,11.1,279,vnljkhbeilp
GSO,SRQ,11.1,275,jihoidglptk
DTW,RAP,11.1,300,xxAmdb7bcfs
JAC,MCI,11.1,295,DtDj8bdge9o
ATL,GJT,11.1,327,mkpojlcgiln
ABR,MSP,11.1,192,jjlninjiljl
MSN,OKC,11.1,309,qolohkdheol
BOI,RIC,11.1,376,umokgkbegis
COD,DEN,11.1,240,tumfiihhfhm
HDN,IAD,11.1,373,b9967vLLI54
CRW,DEN,11.1,325,uqnojfddflm
BGR,JAX,11.1,301,tuvt9a8gkeo
DSM,OGG,11.1,586,mebbenxurjg
BTR,SEA,11.1,321,lpmojjeifmm
PDX,VPS,11.1,350,tqjniibeglq
DFW,MHT,11.1,364,kllshhceirr
SEA,SHV,11.1,370,zqmjeiddejt
AUS,BIL,11.1,313,tikpmjchijm
BIS,DCA,11.1,357,phkkhjbfmqs
BIS,SEA,11.1,349,zvqjikaebhk
JAN,RIC,11.1,333,onmkjjdikio
EWR,SAF,11.1,464,moonfmdclkn
AVL,RSW,11.1,305,mmgkjiipjnh
DFW,SHV,11.0,367,kmkmgkfknkk
CHA,CLE,11.0,291,nprpkhahhim
CLT,KOA,11.0,693,pfffdvhkjuk
HPN,SAN,11.0,338,npgnjkfkimj
ABQ,LIT,11.0,296,nknogjbemls
CMH,KOA,11.0,557,qgdfbollrkr
MDT,MKE,11.0,304,pnpmlffgeko
ALB,MSN,11.0,295,qooqhhdeegr
EWR,MSO,11.0,405,tymkfj88jmn
BGR,PWM,11.0,0,SRKs432324j
JAN,ORF,11.0,316,qmnmjjagjiq
BWI,SHV,11.0,289,rikmlqaejkn
HNL,ROC,11.0,617,njfmdlgwjnh
BNA,ISP,11.0,258,wlqrjl87dmo
CLE,SDF,11.0,301,ooskhffhkkk
MSN,STL,11.0,298,hmnogjejiqm
GEG,SDF,11.0,345,vnupdi8eglm
HSV,STL,11.0,303,njlmlihikkl
RDM,SMF,11.0,289,onnphiijhih
BDL,DAY,11.0,290,jkopfhdkjon
SFO,SHV,11.0,359,sklkgjgiiml
ATW,SAT,11.0,282,njjklneiloj
AGS,MCI,11.0,333,pkkjjgcjium
ABQ,DSM,11.0,290,tnlthhbhfgq
ILG,SRQ,11.0,104,1000wI8f/T0
GTF,PHX,11.0,342,gmrjfjjlnmh
BGR,CVG,10.9,255,GyEB876789l
BTV,SAT,10.9,342,nrkxfkdefjk
FSD,STL,10.9,290,jorlhkeijmj
CVG,FCA,10.9,331,KMAe7dbd77j
ANC,JAX,10.9,593,Iyjdbk9afev
HSV,RSW,10.9,303,nflgrmgiklj
RSW,SRQ,10.9,226,965deomHGrd
BGR,PIT,10.9,250,vBAtdb99dck
ITH,LAX,10.9,440,jkjnhkhgnnm
ONT,PVD,10.9,308,tsqkkiaafmm
BMI,MCO,10.9,329,gjhfgkilwlq
GSP,RIC,10.9,295,nnoogicllik
FCA,IAD,10.9,391,HFtg9ffddbe
HSV,OKC,10.9,305,pmmgggflmol
PNS,PWM,10.9,322,rmutem9ddkl
EGE,PHL,10.9,386,ega99rvHCbb
CRP,TPA,10.9,317,jnginnjijmm
AMA,TPA,10.9,324,olfojlagknr
GSP,ORF,10.9,283,mjrpkhcikin
AUS,PSC,10.9,350,njpgkofekko
SFO,STT,10.9,630,rd77ltknmtk
ECP,MEM,10.9,327,prmqfebbipq
ROC,TYS,10.9,260,sspihg9hglo
BIH,SFO,10.9,187,rqf50stCG46
CHS,DAY,10.9,268,khsrhiemjik
ABQ,GSP,10.9,316,nioufibfklp
HDN,PHX,10.8,260,gedfgptCrec
IND,TLH,10.8,342,lllukkdihli
AUS,GNV,10.8,331,gdiyhmfjiqm
TYS,XNA,10.8,326,njlwhffoggl
MIA,SBA,10.8,368,iheglogoork
MCI,ROA,10.8,307,qjmrmk9hjjk
EGE,SAN,10.8,321,9bdcavDIvab
AMA,ORD,10.8,331,ppvohieegfk
FAI,JFK,10.8,412,pmgehqvxl89
ONT,PBI,10.8,392,liilprfiiil
FSD,ONT,10.8,280,olnrjkeggjl
ABE,LAX,10.8,362,mojmksdiigl
DAY,SNA,10.8,389,jnoollgmfkg
BTR,PIT,10.8,299,oljlpjfeklj
FAR,FLL,10.8,353,cccceoysyik
CHS,ICT,10.8,311,nijklifgnpn
ILM,SNA,10.8,371,ojjmiljihnj
MLI,SAN,10.8,305,kpmnikfhglo
IAD,MRY,10.8,443,nkkmjmfenjo
DAB,LAX,10.8,370,llqijjinfkl
HPN,MSY,10.8,236,ddjnknerppj
BOS,GJT,10.8,354,lkvyhf9beuk
BNA,FAI,10.8,419,xvmfdlagher
MSN,TYS,10.8,295,nknkhgbgjot
ICT,ORF,10.8,293,skjmkidgjir
AGS,MSY,10.8,291,jlhljkilnoj
MEM,PWM,10.8,331,ytqxif9bael
ASE,PBI,10.8,610,hf97bwwyQ84
GNV,RDU,10.8,311,kijmljhnipj
MDT,SDF,10.8,290,mjqlhjdplij
BWI,FSD,10.8,309,ropnkh8fhiq
BGR,CMH,10.8,246,DDDv8867aan
LYH,MCO,10.8,277,hfeolpngiqm
MSY,PGD,10.8,41,0000lBDEwJ7
COS,SBA,10.7,253,mlmiejgknkq
MLI,TPA,10.7,297,gmkjhimsmfl
BGR,LAS,10.7,352,hmovffbgmtj
BDL,JAC,10.7,416,yBve8fflj8i
CLE,CVG,10.7,294,orpnfjahiko
DFW,HPN,10.7,329,kmlhhwfllgg
BOI,FSD,10.7,302,vornmjbcdhk
TPA,VPS,10.7,333,jmmnehfnklo
LIT,PNS,10.7,273,srunceahhll
BZN,TYS,10.7,326,qrqicimgieo
RDD,SFO,10.7,193,srgamogkkkg
BHM,MSN,10.7,329,miIlffeidlk
ORD,SGU,10.7,345,lnspheajlml
FAI,SMF,10.7,362,rnkehmgomcl
CHS,JAN,10.7,316,lnmnljdijnj
EVV,PHX,10.7,389,ihipgoimohl
ICT,SJC,10.7,316,mikomldfjlo
FLL,OGG,10.7,621,qkijnlhklkg
BTR,IND,10.7,303,nilohickkmn
GJT,TPA,10.7,319,lheinolkmjl
BOS,DRO,10.7,364,zsqpbkbbdgp
CID,TUS,10.7,274,hffmjkitnoh
SAN,SHV,10.7,299,nnkmnngighj
CMH,HHH,10.7,267,Dowoba4beqr
MFE,PHL,10.7,322,ejnmkoekilo
LIT,OMA,10.7,282,mnpnfgdkjnl
GEG,SBP,10.7,267,nnjjhgfqhjq
ECP,MCO,10.7,355,jomlhjfjjnn
ABQ,CRP,10.7,241,qinjkhdmiip
ATW,MCI,10.7,342,lkknefhonlm
SEA,TRI,10.7,426,uqqjfgadfjv
CHS,TYS,10.7,331,qlmphfbgmol
CPX,SJU,10.6,129,woa9abdhxxs
KOA,RDM,10.6,424,dgbjnnrlwfk
DSM,TYS,10.6,279,trqnki9dhmi
IDA,MSP,10.6,340,rrqihfdgcgw
DCA,EUG,10.6,390,lmknjjehflt
HOU,MHT,10.6,301,pkkvjkchilh
MSN,SYR,10.6,311,jpqshgbfekt
MIA,SHV,10.6,291,qnljiiijfet
ABE,LAS,10.6,354,igqnejhllom
DCA,RIC,10.6,345,jgipjkagpro
ACV,PHX,10.6,291,mimfjnhsdpi
DEN,JNU,10.6,400,JJmdca87efs
COS,LIT,10.6,263,qnmljjakihp
BHM,RNO,10.6,383,mjkognhhoki
DSM,GEG,10.6,307,uvokjjabekl
ILM,SYR,10.6,254,krnohichfmp
ATY,DEN,10.6,162,Hggijqbecir
ABQ,DAY,10.6,302,knligidiqno
FWA,RDU,10.6,270,lommkjdjgjq
AMA,MSP,10.6,348,qpnmghcgiok
BUR,LIT,10.6,331,olljkreijkj
DFW,XWA,10.6,352,nnjnkifnlhk
AUS,PIA,10.6,259,mgooomfhhil
ALB,RNO,10.6,348,utojgeegfgr
BOI,TYS,10.6,357,smomjiaekjp
FAT,TYS,10.6,341,tlrnfj8ejjn
DRO,SNA,10.6,258,pqkmlghhfim
CMH,JAN,10.6,319,ookklgehhkq
JNU,PHX,10.6,392,stlffkchmho
CPR,LAS,10.6,292,feihgujmnql
SJU,XNA,10.6,399,mfbhmuninhm
DSM,MEM,10.6,282,kmnmkidlgmn
PHL,RDM,10.6,380,srpjgndejhk
LGB,SDF,10.6,281,rjlnglggfom
CMH,FSD,10.6,294,pmloifgfiir
CHS,ELP,10.6,328,qghklpfdlir
JFK,PNS,10.5,295,tqlkjldbejq
BHB,BOS,10.5,190,yCupdebdfcf
GRR,ILM,10.5,248,knnnlhdegmr
ASE,TPA,10.5,489,igeccvtuDc6
DTW,GPT,10.5,279,tnmlejdhimn
CLT,SBA,10.5,373,rhimincmjml
ABQ,HRL,10.5,203,yllwjkcdidh
BTR,SLC,10.5,341,qlmhkfhojhn
KOA,SAT,10.5,510,ukiggigipip
ILM,OMA,10.5,266,Fnjkkhacekp
GSO,OMA,10.5,271,tomqfk9ghnl
PNS,TYS,10.5,309,kjjlnibglqq
JAX,RSW,10.5,357,dfciijmusol
CLT,GSO,10.5,265,jhnqkjbjksk
MLI,SAT,10.5,276,khhokjirfll
GEG,ORF,10.5,360,wqodgpdchmj
GSO,SYR,10.5,250,ponpihchflm
BPT,DFW,10.5,313,mjjoklhmiki
DTW,RDM,10.5,354,xtoohh8ibhm
EGE,PBI,10.5,459,86526uBE/c7
ATL,ISP,10.5,251,wpljiqa99nr
HNL,SYR,10.5,746,oqhhfphnhjk
IDA,SLC,10.5,306,limmikkkkhm
GRB,JAX,10.5,306,ongkikdlnlk
BTR,MCI,10.5,284,lomolidjhnh
JNU,PSG,10.5,159,rpqjhecfljp
LBB,RDU,10.5,312,qjhljpdjjho
MFR,TPA,10.4,328,qmjijjhkikm
ALB,EYW,10.4,345,ac7cnqsypqh
OKC,PWM,10.4,352,BxsBfa77bel
MCI,PSC,10.4,309,klrphgdejmq
ATL,AVP,10.4,273,jmmokjfkill
EYW,SYR,10.4,335,d8adnntwvpd
BUR,IAH,10.4,299,kihgjjjpsof
LAX,MHT,10.4,329,srlnjfahdpk
BHM,XNA,10.4,327,nkmolgdkhlo
BTR,TPA,10.4,303,kipijkfklml
AVP,IAH,10.4,345,ijljlldmjnn
BTR,CMH,10.4,299,okkkklgiikm
BOS,SUN,10.4,478,onefalmDu9c
EYW,JAX,10.4,331,nkgljkjlgqj
BDL,CHA,10.4,329,qkqoglfciml
ASE,MSP,10.4,335,nmplairurb6
COS,FAT,10.4,274,pnplhhbjlkm
ELP,TYS,10.4,311,lijjlofjknm
ABE,TPA,10.4,279,kmmfiklqmjf
DAB,SYR,10.4,273,kikkhfgonnn
JAX,STT,10.4,396,rc9gknjdnrv
FLL,VPS,10.4,286,mkilnjgjlkk
CVG,GRR,10.4,290,ooqpfehlhjk
LIT,SJU,10.4,367,fmdjlljqkln
ORD,PIA,10.4,204,oknniieihlo
MHT,MSY,10.4,296,ggkxofbeiwk
ONT,RDM,10.4,236,oqljniegijm
DCA,MRY,10.4,414,kllklofbnjp
SHV,SLC,10.4,318,kmmijlikhsf
HRL,SEA,10.4,269,Dqmhhkaeghn
ALB,OMA,10.4,304,Brqqgic9bfn
GPT,RDU,10.4,279,lmlklkgmikj
ORD,SLN,10.4,158,rojkpibgikn
EGE,IAD,10.4,455,daa67wJFC9a
ANC,MKE,10.4,416,BHoechc9ddq
BTR,MSP,10.4,312,onplilhigik
CRW,DCA,10.4,345,kfjmkicqmmp
MRY,SAT,10.4,336,qnihlmfghln
BWI,RAP,10.4,304,Bxznfc66agq
ITO,OAK,10.4,341,nfnglnmkhog
AZA,TVC,10.4,115,/y000000E/2
LRD,MCO,10.4,278,Aqjggpeejfi
DTW,HRL,10.4,265,mififphlorh
MYR,OKC,10.4,290,Gmkhdf89dtu
MIA,OAK,10.3,272,jfdiksmjkrj
FAI,GEG,10.3,377,xspigjcfgik
GJT,SMF,10.3,251,rloojgdhhio
MSY,ROA,10.3,299,hegomngkkpm
OGG,TUS,10.3,489,nehkfhknrgt
BOS,TRI,10.3,330,mqnrehdgjml
MTJ,TPA,10.3,300,hdfgcomtDfh
DCA,MOB,10.3,311,kjigijkkrmm
MSN,RNO,10.3,347,osnkfegieqm
CMH,HSV,10.3,289,pkjmmighllh
AMA,DCA,10.3,336,mgkmimcdqrl
DCA,HYA,10.3,301,//631100001
BET,HPB,10.3,416,nknjjgegonn
ASE,MCO,10.3,465,eeccdBFsA85
ALB,BUR,10.3,331,zwpnmqac7ch
LBB,SNA,10.3,313,ojknjofhkhn
CLT,GSP,10.3,334,iimmmjdkmol
GEG,RIC,10.3,377,vqmkgjcefkp
BDL,BUF,10.3,250,jpslhjgfkim
COS,MEM,10.3,272,smonmlbehfn
CAE,SMF,10.3,378,oklhimfgmln
HNL,SBA,10.3,463,tihhhjhfslm
RIC,TYS,10.3,295,kppojjeghmj
CHO,FLL,10.3,271,kgihmkoknmg
LAX,PIA,10.3,330,njgjkphlkkj
CLE,JAC,10.3,376,AuBf5dhjk8k
SDF,STT,10.3,381,q98fbinuwqn
IAD,TUL,10.3,336,tnknlhbejmn
MEM,SDF,10.3,317,lmooghbinko
CMH,EUG,10.3,321,smonggbajms
ONT,SAN,10.3,352,lkjkijfnlpk
BTV,GSP,10.3,278,rmsmihihhek
IAH,SAF,10.3,294,mlikdpklikm
AVP,PBI,10.2,303,jfelmjmpoji
HDN,LGA,10.2,354,llcb9jyRn8a
MFE,TPA,10.2,265,ekpljkkmlji
CLT,MGM,10.2,325,ijlqkjjnimf
CLE,KOA,10.2,544,teecblpppkn
PVD,VPS,10.2,269,ilmklj8egzq
MAF,SMF,10.2,283,qlmmmlfighk
OAK,RNO,10.2,188,fihhktouhfi
MLI,RDU,10.2,262,qoknhmdkgil
PBI,SJC,10.2,418,kmklkngoihk
CID,CMH,10.2,268,lnkpjefkilo
MSP,SBP,10.2,355,lqpnjjdjghn
BFL,SAT,10.2,302,hhkjonghkmo
BZN,TUL,10.2,265,Dqnmgjcdhbm
ROA,RSW,10.2,305,ihfkimkqqkj
FWA,MIA,10.2,322,hhjkhnqpjjh
DTW,GNV,10.2,344,mmhmklgkill
ABQ,SVC,10.2,85,mmkqjhihikm
COS,GSP,10.2,277,wqjkmjdfcio
DTW,MSO,10.2,335,Fxohff6behq
FWA,RSW,10.2,340,idclimmrpqh
DAB,MCI,10.2,328,kikifkgkhtr
GRR,XNA,10.2,295,nnotmebfgko
CLE,SGF,10.2,297,prrogfeggkk
BTR,DTW,10.2,311,pokmipeehjm
GRR,MDT,10.2,302,mnkomeghimn
HDN,MCO,10.2,356,87998xwINab
DFW,MOT,10.2,299,tnimklehihk
AUS,BFL,10.2,299,kmgmonhkjgk
BDL,LGA,10.2,540,rlkplmacjlm
HRL,OMA,10.2,219,licfdpkwrkh
SEA,STT,10.2,499,kb6ciomqrAi
CAE,ONT,10.2,359,ononiickilj
IAH,SGU,10.2,304,jilkjmimiln
ILM,MEM,10.2,288,pjsqihchilj
EWR,STX,10.2,351,oh7efropujg
BNA,SGU,10.2,328,njomgjbhopj
LIT,SDF,10.2,303,klokgfaqomm
FCA,SAT,10.2,356,Cxmgfkcfgcl
KTN,SIT,10.2,173,hpqmnkbicon
IAD,RDM,10.1,390,sqllgkcdjko
IND,TYS,10.1,297,kjnojhckgqo
BOS,BQN,10.1,246,febgglqAqmf
JFK,MFR,10.1,359,pqtqllaafij
MBS,MCO,10.1,326,dgilqmltogf
FWA,PDX,10.1,342,wroniiefdfk
LIT,TUS,10.1,316,fhjjlphnkml
ILM,SDF,10.1,268,qmqpkeceglp
CHA,STL,10.1,300,onnokhggjij
DSM,GSP,10.1,287,qnnqkiedjgm
MSY,SBN,10.1,290,iiimmnekmln
GEG,ICT,10.1,274,zrlnhgcdghm
CAE,PVD,10.1,285,nlmrjkbhkkj
BUR,SAN,10.1,290,nmilijdjmqj
DSM,OKC,10.1,297,njqmigiijim
FCA,MSY,10.1,350,Iooeblfhgcm
JAC,JAX,10.1,425,Gsnfaghcn8q
FCA,ONT,10.1,266,ntqmjigcfhn
ABQ,SRQ,10.1,323,nfhomlfkrhi
ALB,OAK,10.1,309,Jzkpkk8b9dd
DEN,SHR,10.1,259,ipikophhemk
CHO,JAX,10.1,291,kgmkimfjkqk
CHO,CLT,10.1,355,ffktijflnpk
EYW,OMA,10.1,350,ddabkksApsh
SJC,SMF,10.1,330,nomojffjlki
SDF,XNA,10.1,310,ijolkkekmjn
BOI,PNS,10.1,354,oglnhnbijls
PIT,TLH,10.1,353,kijvikdjknj
LFT,SAN,10.1,314,ohgnhoemfon
BOI,ICT,10.1,310,nkommncgjjl
CPX,SIG,10.1,125,lkmglotucg8
AGS,JFK,10.0,302,kgnlkmgddFf
MCI,RAP,10.0,281,ppnqfdfgijo
MKE,SYR,10.0,291,ronmjhcdiiq
DRO,PDX,10.0,261,wrprdhaeeio
LGB,PHL,10.0,276,suqkmp8bhfj
BHM,MDT,10.0,321,lhjmphdmjol
SAN,TLH,10.0,418,kjdnoiiknjn
DAB,RIC,10.0,251,nmgliihnmjl
ALB,GRR,10.0,286,twquig8bdfl
HPN,LAS,10.0,362,nkjmgfiplni
FAR,SMF,10.0,321,srumihcgdhk
LBB,SMF,10.0,309,kmmljpfhfko
PSP,RSW,10.0,519,667finnAJpg
EWR,FAR,10.0,362,uokmhpdfhfn
SAT,SHV,10.0,256,kjlmjjfinoj
PDX,SBN,10.0,350,rtksfjccflo
RDM,TPA,10.0,356,okkhjnilkki
BOS,CRP,10.0,380,nmrnikbgfmm
MAF,MSP,10.0,339,stplhibihii
IAH,MOT,10.0,394,qnmnikgfgjk
CID,PIT,10.0,270,nlornheehhn
ELP,PNS,10.0,314,mjfllscdohs
ILM,PWM,10.0,250,nrumihebhjl
GSP,MDT,10.0,292,lnlthggkjjj
PBI,PSP,10.0,494,868ckovAAre
BUF,COS,10.0,239,Cytldh99ahm
FSD,MSY,10.0,294,mfkpljfhkpl
LWS,SEA,10.0,200,jjgmpvjjjeh
EWR,SHV,10.0,348,ppoklqdefgk
BUF,DAB,10.0,232,jigmjgeourf
BZN,OAK,10.0,246,Dytigfdfcbh
ELP,GEG,10.0,289,mnjlioffhom
JAC,SAT,10.0,361,stmiapfgnbn
MAF,SNA,10.0,317,uihkljiijho
AVL,GRR,9.9,252,tsooji9cdjp
DFW,MBS,9.9,310,mnjkkkfghnn
DCA,SAF,9.9,434,inqldlfiion
MIA,OGG,9.9,725,xpchglefnlp
PIA,SAN,9.9,318,nnmjjkgmiil
FLL,HRL,9.9,214,nljlpmdjlhj
ATL,DRO,9.9,302,ukkpdjghimj
EVV,VPS,9.9,100,//58222324x
FNT,PDX,9.9,137,//db6546789
MKE,XNA,9.9,265,nopshgbhglm
PNS,SJC,9.9,357,rgikjmfkmjm
MCO,MOB,9.9,366,jkknjmlmkkf
MLI,ORD,9.9,211,jmmqlljjhej
ATL,SBP,9.9,345,pllkiogiijl
MTJ,PHX,9.9,208,edekiptslil
BZN,OGG,9.9,437,fg8giqqmDgg
OKC,TUL,9.9,534,iimpmhdklmm
LEX,RIC,9.9,338,oilokjdimjm
DAL,ISP,9.9,266,ommonsbafin
BDL,OAK,9.9,306,rtkngj99glv
GSP,HNL,9.9,669,lhfnjljgins
OMA,SYR,9.9,290,wtmkfmcbejn
FSD,JAX,9.9,311,lfhqnhdmrim
MOB,MSP,9.9,354,jqjigfkopli
AUS,TRI,9.9,313,lhjlmkdmlol
ANC,TUL,9.9,508,EyidcfbbefC
SNA,SUN,9.9,373,nokjgjlolgg
LFT,SFO,9.9,367,pniokkekgjk
BUF,OAK,9.9,285,Htmiknb9cdk
ATL,BIS,9.9,349,rlnokhbehno
ABQ,SYR,9.9,335,soquhi9eghk
BET,KUK,9.9,161,ghkqnhfgphr
CLE,FSD,9.9,289,pommohbdlgo
PVD,XNA,9.9,322,vmnqliacgio
BIL,GEG,9.9,325,kjlnknjimhi
PBI,USA,9.9,58,000h//x0000
MSP,SAF,9.8,300,jkqljghjjri
DAB,ROC,9.8,258,fihkhiesuph
BMI,PHX,9.8,369,ehjnfflptll
BUR,IAD,9.8,357,oonmhndgjjk
CHA,RIC,9.8,297,ijppjgdijon
DTW,MLB,9.8,303,jhjfhoiqqkj
DTW,ELM,9.8,304,kkhpmibhlks
MOB,PIT,9.8,308,okjnjihkijn
BTV,ORF,9.8,265,urpldhfehin
BZN,ORF,9.8,317,Avqfadjhibo
LFT,TPA,9.8,298,okkmmjfkgmm
GSP,MSN,9.8,300,jrmomkbgeko
BFL,SEA,9.8,293,oqnpiohdcik
ECP,GRR,9.8,279,efggdebtzzl
IAD,LIT,9.8,345,ilmokjckjql
DSM,GRR,9.8,265,porsghfgbjn
ATW,MIA,9.8,318,gdgighuvrmf
BGR,MCI,9.8,285,BzBwea57bdj
ITO,PHX,9.8,482,mkjjhplfglo
ABI,LAS,9.8,392,hhkjluhiohj
MGM,PHL,9.8,290,mmkmkifjmjl
CHS,VPS,9.8,259,qokmkf9hlom
ANC,PSP,9.8,436,decmknlquoe
GNV,IND,9.8,343,ljlojkdjkmm
BUR,SAV,9.8,356,yijkihdgnnj
ACV,SEA,9.8,248,gfjgdfaa9IR
ICT,PBI,9.8,352,kghkmkfjmnq
MCI,MSO,9.8,291,ztkpgh9degp
BTV,RIC,9.8,276,smkthiekggm
CAK,DCA,9.8,238,lglyqnceijh
ICT,TUS,9.8,285,fhmonjimngl
PSM,RDU,9.8,88,00000ojwHNR
PBG,PGD,9.8,123,0000000M//a
MTJ,SAT,9.7,284,xjiferllpbh
ELP,GRR,9.7,336,ojfojqhfhko
JAX,PSP,9.7,454,9eegmnpttng
BZN,PSP,9.7,271,99bgkqjwBsd
CMH,SBA,9.7,331,olrmhjdhlim
BOS,PSC,9.7,396,psoqijbchin
MCO,MGM,9.7,344,mgijjlnllkl
CHA,MKE,9.7,282,vonojdbeikn
GSP,TUL,9.7,311,hllokldjilp
CHA,GRR,9.7,286,kqlsljfgiij
GNV,SEA,9.7,423,rolnekcgfkr
BWI,DAB,9.7,300,smglknehlgl
ASE,DCA,9.7,449,trie5nvuu94
AVL,PWM,9.7,259,uzwugc89bdn
DEN,VEL,9.7,86,Cgggjmihjik
COS,TYS,9.7,282,vlmoheeefon
DSM,IAD,9.7,345,qnonhi9bkkq
LBB,PDX,9.7,341,ooonkiefhjl
HSV,MSY,9.7,307,kjlnllfnjlf
ALB,AVL,9.7,261,uusrgeachgl
PIT,RAP,9.7,278,BCwod967bip
BNA,FAY,9.7,284,jtljgifjlkm
PIA,SFO,9.7,351,jnlogrfhgjn
ISP,MIA,9.7,269,/l9a9c9g9eb
BWI,FCA,9.7,401,DEAhbdacbam
PSP,SNA,9.7,364,65bflqmqLpg
AUS,IDA,9.7,357,rlhogjdhkjr
LAS,TWF,9.7,194,d8bb8d9dODI
EWR,GRB,9.7,363,iotmplbcenk
AGS,PIT,9.7,301,klmnggciksn
DSM,MDT,9.7,295,nkltkjddhko
BDL,ICT,9.7,339,ompngodbikn
ANC,CHS,9.6,488,Atihgjadhfs
DAY,SAV,9.6,269,rjlljhejinn
BNA,SDF,9.6,286,ehrqihailrp
JAC,SNA,9.6,369,trklipekdcm
BWI,GPT,9.6,306,pllmimclgin
CHS,CID,9.6,245,rpijgldgino
ABQ,ECP,9.6,294,xijkii9ellu
BUF,TUL,9.6,296,swtpnja8bfl
GSP,MDW,9.6,241,hpojlibfjor
BIL,DCA,9.6,370,qroigf9dltl
DFW,LYH,9.6,377,chkqliagkuv
BIL,SFO,9.6,313,Aolkhnaefkk
DAB,SAN,9.6,354,ilmlmoikiii
BTR,EWR,9.6,294,jlnijnfgoio
PNS,RNO,9.6,355,rlijelgiknn
CRP,OKC,9.6,279,olnnlgdjgmm
JFK,SUN,9.6,588,Bvkefsclna8
DCA,KOA,9.6,561,klgeervqode
SFO,VPS,9.6,406,qnjohidghon
HDN,TPA,9.6,373,b7887FAEN86
FAT,GRR,9.6,338,umrnjfafhgq
GSP,PNS,9.6,277,nlmnhdferkp
ISP,PHX,9.6,298,tppmenceiil
BTR,JAX,9.6,308,kkmjljjllhk
ICT,PIE,9.6,57,//10000000B
OGG,SNA,9.6,356,rEpfmge9emg
DAY,TUS,9.6,345,ilnhkpfijlo
ATL,SCE,9.6,293,ikmrmjdijll
IND,LBB,9.6,316,mlisjljhell
IDA,MCI,9.6,304,qoohkmegfio
LIT,RNO,9.6,331,otoihjeejin
MCI,MFR,9.6,294,poqnfkacgmr
CVG,MHT,9.6,256,wtonkgbcckj
GSO,PWM,9.6,272,stxqheabgfl
HSV,SFB,9.6,36,0000000yW//
BUF,CAE,9.5,240,toplffdiilk
ILM,SMF,9.5,361,rpjkflfgjkn
JAC,PDX,9.5,339,xAwkadekg8i
MCI,RDM,9.5,300,sqrjlkcdgjj
ANC,RSW,9.5,521,Fmicfleijhm
GJT,SAT,9.5,263,nklkipdgjom
CLT,OAK,9.5,294,rjgjlvecljk
LEX,OKC,9.5,321,nlqmkheiklj
CRP,TUL,9.5,297,llmkniejikn
BNA,IDA,9.5,353,qmmoilfidgr
FLL,TRI,9.5,323,higkmomnlih
ABI,PHX,9.5,397,hgekgihqpqp
MOB,RDU,9.5,303,qmjlkngilkf
MSY,OGG,9.5,594,rfejhihndqv
ABI,DFW,9.5,348,lhinjlglnjm
RAP,SFB,9.5,85,//00000000I
BHM,BNA,9.5,232,jkmpmgcjmpk
DTW,MFR,9.5,331,utrpekcdbhm
DEN,MGM,9.5,333,ikjidkglkun
BHM,JAC,9.5,422,Lntg5ljjd7m
SAT,STT,9.5,388,yhb9ehdhxpu
AUS,MOB,9.5,278,ijhqojglhmm
DAY,PNS,9.5,254,qipmjgckinl
CAE,GRR,9.5,273,rmlrijgfgjj
FWA,JAX,9.5,281,skknhjekkjk
BGR,MSY,9.5,339,sqruefbdeio
BOS,GPT,9.5,310,nlqogidfnmj
MLI,SRQ,9.5,165,5986456a//n
CVG,PIT,9.5,297,nmsqghcijik
CPR,DFW,9.5,312,romkkhdfjkn
FLL,FNT,9.5,149,2333256//s4
CRW,LAX,9.5,365,olppmkfegji
PHX,SCE,9.5,377,hjhnmkgplil
CLE,JAN,9.5,324,opqmjjcigim
IAD,PSC,9.5,451,lpmggkehloo
CMH,JAC,9.5,380,Hzwc7dim96n
SLC,TRI,9.5,396,kmnkdlilnim
BWI,MOB,9.5,290,qojigphjgnk
IAH,SCE,9.5,394,hjmkjlhinkp
CLE,FCA,9.5,334,JXAh897c77e
CMH,FCA,9.5,329,KLze8bbcaah
BOI,MSO,9.5,317,ijmkkqgjljk
ICT,PNS,9.5,286,rinnglbhiir
CRW,PHX,9.5,355,kgklkihnpkk
LWS,PDX,9.5,294,vyxA85327qA
CAE,ELP,9.5,341,mljifkjnlkm
BOS,MLI,9.5,295,rsuogm9bdkm
BZN,PNS,9.4,301,skkhemakpkp
PBI,ROA,9.4,307,nhhnmlgimin
IAD,RAP,9.4,330,Cwuhhh77bis
BHM,IAD,9.4,374,kqpnljdgjik
BDL,SGF,9.4,304,qqmthhfdigm
BDL,JFK,9.4,123,nmrwrodadcg
LEX,ORF,9.4,277,lnsnhiceinl
CLT,PHF,9.4,286,jkknjnijgll
BHM,SYR,9.4,296,omipnhfgjmk
GRB,MCI,9.4,331,okookfhkenk
MRY,PHL,9.4,426,ponnlldeein
ABQ,MHT,9.4,308,pnpAij8c9jq
GRR,IAD,9.4,331,qortig9efin
ELP,LIT,9.4,301,hkjkgldonkr
FAT,PSC,9.4,275,nrjpghgljhi
MHK,ORD,9.4,307,nijnpibgmnn
GPT,LGA,9.4,294,kjnmlpiggjl
DTW,MGM,9.4,320,pkjlinfiiko
CID,PNS,9.4,240,qmkkfeepmml
FAT,XNA,9.4,325,tmhoihbeklp
AMA,LAX,9.4,306,rjhoklfihln
EGE,RSW,9.4,422,bb78dxrAHge
EVV,IAH,9.4,347,khkpjkhpkjj
IAD,SBP,9.4,416,mgeqiodjlnp
CVN,DEN,9.4,126,olknlnckihn
SHV,VPS,9.4,126,/Eb7444558F
IAH,MBS,9.4,329,lmkokkgkhkl
CHS,SGF,9.4,283,rnklkjajhnn
KOA,MFR,9.4,371,oqfjiiinnhk
MKE,SBA,9.4,332,rpnpkmbdgkj
LIH,MKE,9.4,476,chhifkssnnl
EGE,MSP,9.4,352,ghff9Isrrbd
AGS,SFO,9.4,466,liikiiehkxo
PIA,SAT,9.4,289,fhioileyljj
BOS,HRL,9.4,262,pmktjmcfghm
RNO,SMF,9.4,315,rpijeigqjij
IND,RAP,9.4,271,wxqwcbab8gt
MHT,SAV,9.4,277,hkjnhhahlAm
GSO,TUS,9.4,325,jgghmojmlsg
ANC,PSC,9.4,348,ypmjhiecdmp
ATW,SNA,9.4,311,kiljiiefcfP
IAD,ILM,9.4,141,M/y8o755668
OGG,PSC,9.4,449,lkdclnpphoi
GEG,LIT,9.4,355,rnnlgkbeijr
BNA,SBN,9.4,281,lqlnjhdlkjl
CVN,DFW,9.4,142,gohknqehoim
BZN,SBA,9.4,252,oplndmgjoif
ONT,STS,9.4,154,23221122F//
PIE,TTN,9.4,57,0000000lXW/
BOI,FAI,9.3,362,zskifidcgft
FAI,STL,9.3,438,KFqabha9han
ELP,GSP,9.3,365,nkomipgigik
CVG,DAB,9.3,278,ponpjfclgjk
EUG,RNO,9.3,257,pkmoimgjjhj
PBI,RNO,9.3,447,ogcdgnjtung
MDT,TUS,9.3,340,ndllhlhkmpl
EUG,SBA,9.3,231,rrjioleiihh
BUR,TYS,9.3,346,kgnjiojioki
JAN,OKC,9.3,276,ilothiejilm
GRB,SAT,9.3,287,rhhmjmigkll
BUF,ECP,9.3,275,jrhgbg7gqHm
BTR,RIC,9.3,296,sgilnleiihq
ONT,ROC,9.3,299,wilnmneegfn
FAY,LAS,9.3,356,llulgliehmk
EWR,MOB,9.3,352,rnjlllfiikg
BUR,MSO,9.3,275,qmnkjpfjihg
BNA,EGE,9.3,371,edc96syICbc
CAK,PHX,9.3,335,ggkgiliooom
BUR,RSW,9.3,360,jecjmtjnlrf
JAN,MKE,9.3,290,txkqgf8hejm
FSD,PIT,9.3,281,mnjvpla8llj
GSP,RNO,9.3,387,rikjeielpnl
ROA,STL,9.3,307,ojmppibkihm
PBI,SBN,9.3,327,nlfgllimolj
BZN,MSN,9.3,289,swsgdflnfbi
BIL,LGA,9.3,351,pxvngheebij
MEM,ROC,9.3,302,nnonlkbclip
LIH,SAT,9.3,544,Bjjgghffhhu
AVL,PVD,9.3,259,rpqsfgaegkn
FAI,SJC,9.3,333,abgftDkttd9
CHO,RSW,9.3,307,ggehnjorpmh
ICT,SJU,9.3,349,klbdklnrljp
BOI,SAV,9.3,373,pijjfieinqr
DSM,FAT,9.3,336,xpjnih9hfiq
GSO,HOU,9.3,258,usmrnmabdke
PIT,SHV,9.3,321,lnqlhlbhlll
DFW,GTF,9.3,351,tkgjkjdgfqs
PIA,TUS,9.3,351,hjjjljpoikj
DAL,JAN,9.3,234,fmkmnojmhhj
CHS,ECP,9.3,289,qmmlgeagkps
MFE,PDX,9.3,264,nkijiojjljk
COS,SJU,9.2,337,mfdikppmlli
MSN,SDF,9.2,289,nnoojedifmp
DEN,EVV,9.2,340,uprkgodeegl
ABI,MCO,9.2,357,lgmhiojmljl
DFW,FAY,9.2,338,joloknhgflk
BTM,DEN,9.2,181,ookijqcegjt
MEM,MSN,9.2,310,oqlphkbfgko
BOI,SGF,9.2,334,sqoojhcbgkn
RNO,XNA,9.2,312,qmklhkigjin
BTR,CLE,9.2,305,zkmmhkdcmkg
BUR,CHS,9.2,364,pghnhmdgnql
ORD,SBN,9.2,259,lkrxofcidij
HRL,MIA,9.2,243,yqfijfhjiik
BIL,SAT,9.2,313,qjjhfmdklhu
IND,JAC,9.2,381,Hxxm6cdhe6l
BUF,XNA,9.2,275,xnsthl8bfgj
CRW,FLL,9.2,289,ggljlikmril
BRL,ORD,9.2,54,sgifmrkjijj
LGA,TRI,9.2,358,nlmpklehhkk
ATL,CHA,9.2,276,iinonldhklm
DLH,RSW,9.2,338,c7cikjjwwzf
ITO,SJC,9.2,345,qmjikrjgiih
BNA,MLB,9.2,324,ljjnlmdjmim
BHM,LGB,9.2,281,yjgjmsdefli
CID,ONT,9.2,295,jlfnmsfgjjo
BOI,GSP,9.2,368,pmpmjhgijil
PDX,SGU,9.2,321,nkimjhjhimo
GPT,IND,9.2,281,qnjkhggkiln
BTR,STL,9.2,283,ilonljeiljm
MSY,TVC,9.2,311,Cuimkigedfi
CWA,PHX,9.2,362,ljjljikpkki
ABQ,GSO,9.2,310,ogmriibfloo
AGS,IND,9.2,285,pkomlkcgfri
HTS,VPS,9.2,71,//521211122
BGR,SEA,9.2,409,vHDsbe658dm
DAL,MTJ,9.1,273,pa9fbIjmO68
ALB,VPS,9.1,283,ergqgg6lhEl
CHO,SLC,9.1,404,qmglilepkkh
DFW,SJT,9.1,360,iimlnmimhjj
ANC,LIT,9.1,527,Dvpfhi9efgm
RDM,SBA,9.1,243,qwnjjjdghhj
MAF,PDX,9.1,291,upqonibcegm
GEG,JNU,9.1,324,rtljfjdfglp
ABE,IAH,9.1,316,inhhkohjljp
EWR,MFR,9.1,395,ouookj9bhjm
SAN,TRI,9.1,367,kkkrhjgkigr
MCO,MRY,9.1,402,kmgknnnhfmk
CMI,SFO,9.1,382,mlhmkjdmjko
RAP,SNA,9.1,299,wtpjfkbbaht
BHM,BOI,9.1,378,pogopmadiln
CHS,JAC,9.1,431,zuoh9ifqedi
DSM,GSO,9.1,260,rokvmgbechp
BIS,LAX,9.1,310,okknmlhhfkl
MSO,STL,9.1,311,Fonkgibbfil
PNS,SAV,9.1,275,sllphgcikmm
EUG,PIT,9.1,327,sptkel9cjkn
LIH,TPA,9.1,572,nkliijjgniq
CID,HNL,9.1,611,lifedsmtngl
BWI,STX,9.1,371,rj8dltktmfg
BIS,SAN,9.1,297,qkilenghmnj
MAF,ONT,9.1,282,xqrkjmddgam
CHA,PVD,9.1,255,nqqqmkecehj
BIL,CLT,9.1,312,uorlkjagbgr
CRP,SLC,9.1,317,nkpidkgliln
CID,SAV,9.1,250,ninoihbimmq
MIA,TVC,9.1,332,pkkjgissjfd
ROC,TUS,9.1,364,jkhmllejsji
AGS,SLC,9.1,495,lhjhhljiiyj
BTV,MYR,9.1,259,ljjnhdclbEo
FCA,FLL,9.1,431,trieanmqiei
STL,TVC,9.1,298,Lzzpacb9ace
LFT,SEA,9.1,371,vqphimbhcho
GSP,XNA,9.1,345,lnjomfdjmkl
HRL,OKC,9.1,216,ukmpkhekdjm
GNV,MSP,9.1,396,ipoookcjjfj
OTZ,PHO,9.1,323,nnifnkdfomn
BWI,MSO,9.1,365,ywnifhacelp
CMH,TYS,9.1,290,opsqgeahgln
ONT,VPS,9.1,353,ulkkjkcgijp
BHM,DSM,9.1,311,nnkqlhdieln
ITO,SFO,9.1,439,iiojenirglm
LGA,STX,9.0,333,lldkdmowsfb
MLI,SLC,9.0,292,nnnnlheflho
JAX,SHV,9.0,291,lmlnlldjihp
MOB,SAT,9.0,284,nkknjgiljni
CHA,OMA,9.0,305,qknooibhekn
BUF,PWM,9.0,250,uGwnedd9dcj
GEG,MSN,9.0,327,qunmhjcedgs
BGR,PBI,9.0,336,pxxpdfccdjl
FLL,LGB,9.0,232,fhdgnskqmnh
EWR,MAF,9.0,339,qnppiphhffe
ASE,CLT,9.0,461,gddd6szPw94
ABQ,AVL,9.0,295,qnrrdiahikk
RIC,SGF,9.0,293,olmmhmdhhmm
ABQ,ELP,9.0,326,gjjohifkqol
FWA,MCI,9.0,311,rknqkeeihnj
BOI,XNA,9.0,323,nnmngkdgflr
CLT,EUG,9.0,383,pqkokmaeemn
DSM,ELP,9.0,285,qmflikhjljn
ICT,RIC,9.0,316,rkjljobfdqp
DFW,TBN,9.0,94,Dgdfkpnfiii
IAD,SCE,9.0,245,hjislkejhnm
SNA,VPS,9.0,398,lqkjjgdjkmq
BOS,HHH,9.0,282,ptedca6boLt
MYR,ONT,9.0,348,tkhmdl8bBjm
EUG,MIA,9.0,342,hlfekssoikg
LAS,LNK,9.0,248,8egbalhfdIQ
ORF,SHV,9.0,284,ungjlichmlm
MSP,MTJ,9.0,253,orojdghsnbi
CMX,ORD,9.0,221,twpnjhehfhe
MCI,TLH,9.0,364,lriijlcjiom
AVL,CMH,9.0,262,omnpmgaifmn
FAR,SNA,9.0,341,sonjihghken
BGR,CLE,9.0,253,tBGAa858bdl
JNU,LAS,9.0,383,njnoejdnknj
BOS,MGM,9.0,323,qplkihgjkkj
BUF,DSM,9.0,283,tvsvge89dgo
JAN,PBI,8.9,330,kienkjknlnk
CID,PBI,8.9,309,gfgmmiitqik
DSM,EYW,8.9,334,ccaemlvwsmh
HPN,SAT,8.9,329,ommnjlfcjlm
BTV,SJU,8.9,364,da7ddjCBtre
BET,OOK,8.9,303,rjolfdeimlo
LBB,ONT,8.9,305,ijnjnmfhhlp
CHO,DTW,8.9,272,mppqiggfhim
OGG,TUL,8.9,580,pgifihmlhhy
CHA,CHS,8.9,322,olnmkhcjmni
PHL,SBP,8.9,394,iognjocbkmw
IAD,ROA,8.9,246,ehnspkbhljp
PVU,SAN,8.9,68,//621331123
ATW,JAX,8.9,285,ojimfkenmkn
FAT,SGF,8.9,338,rlonnmcffki
ABQ,PSC,8.9,318,pmnlgjfeknn
FCA,PIT,8.9,350,KRCe8b7998i
BWI,FAR,8.9,328,omkmgkb9nrq
GRR,OAK,8.9,298,Errmloeaabe
ANC,LGA,8.9,525,hMvjejcbfdm
MGM,ORD,8.9,306,ojmjnggkkkl
ROC,SJC,8.9,377,uylplo7bcdn
FAY,MCO,8.9,274,mkjjkogllli
HSV,OMA,8.9,297,nommiidimil
AMA,PDX,8.9,360,rkphnmcclmk
DSM,OAK,8.9,314,voiihpbajlq
ALB,LEX,8.9,330,CHlnedbabfl
BTR,OKC,8.9,302,iiintggnjlk
OAK,SJC,8.9,36,lhkmlgennmm
IAH,MGM,8.9,306,eedihe986H/
CMH,MDT,8.9,300,lknqkjefkin
MLI,SFO,8.9,366,roomgkdiejo
PIA,SEA,8.9,340,srpkfkedeko
LBB,MDW,8.9,282,nnmnhoaaoln
HDN,SEA,8.9,272,c9ac8tBVv79
CMH,MFE,8.9,298,nkinliajnkp
LIT,OAK,8.9,316,tkhmlqcfgin
MFR,SAT,8.9,297,mijqljffjjq
BNA,GJT,8.9,299,noonhhcgiqk
MLI,PHL,8.9,285,kpolljegfmn
BUR,RIC,8.9,373,ogloilfhmll
EUG,MKE,8.9,309,uxnpiibbdjk
AMA,MSY,8.9,297,gejrikcwljl
KOA,PIT,8.9,564,niiekflnmnn
FAI,PHL,8.9,486,GDrdcl88bcq
LIH,RDM,8.9,425,ekfjignlChj
DEN,HOB,8.9,235,mlmmokhnjff
GSP,LIT,8.9,318,oiloijeikio
MCI,TVC,8.9,300,HFtr9e7aabj
CRP,MAF,8.9,330,mpmqhjekgkk
MYR,SJU,8.9,339,nidegnmxlme
AUS,FAI,8.9,422,rqneflfktbk
GRB,MIA,8.9,342,fidejftynog
PHX,SUN,8.8,295,febdewoyAee
JAN,PDX,8.8,391,vnonhncehji
DSM,MYR,8.8,249,Iwlmda79hlp
BWI,CRP,8.8,322,pmiklqdcjjp
CLT,LBB,8.8,349,lmiomnffhko
HSV,SJC,8.8,389,tnpligegghq
BTR,CVG,8.8,296,onmoimafkkl
MOB,SLC,8.8,369,kliikmhqjmh
COS,SRQ,8.8,298,neglhrioljk
MQT,ORD,8.8,267,pAophhbjcgi
DAY,OMA,8.8,278,lknohggliko
DEN,HPN,8.8,289,opmrggdmhji
LGA,LRD,8.8,302,srnklmbfigj
FAI,TPA,8.8,493,yum7bjgjpcp
DEN,JLN,8.8,200,ynmplkbdjeh
MSO,RDU,8.8,351,Ezhlej9ccho
ILM,SJU,8.8,373,789gltrttug
HHH,IND,8.8,280,ylnvgc79inq
CEZ,DEN,8.8,143,ilj7ileppor
DFW,FSM,8.8,348,mnnpgmhigjj
GSO,RDU,8.8,460,hjkqjianjtl
DAB,STL,8.8,303,tpljgmgkgik
DAL,OKC,8.8,226,9agc9cacCLI
CMH,TLH,8.8,340,hnlqjicimmm
GRR,MFE,8.8,291,khhnhpknkik
BNA,MLI,8.8,273,ikmlhigiloq
CLT,MSO,8.8,338,Doslcibdfhm
MGM,PHX,8.8,376,ifkjojjjlnn
MSN,MYR,8.8,241,mokuie8drok
GEG,XNA,8.8,318,tnklhkaeikr
ATW,SMF,8.8,337,tmrkjfafino
OAJ,TPA,8.8,265,iqpifiejknp
PVD,TUL,8.8,315,tpnqihb9fjs
ORF,SGF,8.8,278,tpmijjdhhjn
BGR,RIC,8.8,260,HGsqc9699fk
ASE,SEA,8.8,370,ptog6mlynb8
AZO,MCO,8.8,303,gelmiimsmlk
CAE,PBI,8.8,342,ilimgghnklr
MHT,SDF,8.8,271,xvsxhh9acdh
HDN,STL,8.7,283,kfb98pFCD76
CID,CLE,8.7,287,mplpkheejln
CLT,LIH,8.7,637,qgefgleknrs
CHO,MCI,8.7,295,oiiqkidjkmm
CRW,MSY,8.7,318,lekplhglmmk
CHA,CMH,8.7,290,kpnolfdilmj
DAY,ONT,8.7,358,snmohjfghlh
EWR,FWA,8.7,307,qupoii9ciho
MDT,XNA,8.7,315,jnplijchmok
PWM,SJU,8.7,337,aaachemGtzj
BTM,SLC,8.7,186,jmkljiglkko
FLL,PIA,8.7,284,gbdflpxsojg
RDM,RDU,8.7,362,pomigneekln
ALB,COS,8.7,287,ypsujka8cel
CMI,DCA,8.7,297,ijhoohikoli
LAS,STT,8.7,396,kifihlkiupi
AMA,MIA,8.7,373,njghgtikijp
EUG,FLL,8.7,328,kiiilqlnjle
ECP,PBI,8.7,331,gffogoipmom
MCI,SBN,8.7,281,kmjqijkkjji
ONT,SRQ,8.7,321,jgbhmvjplim
PDX,ROA,8.7,378,snmskkceego
GUP,PHX,8.7,99,klkijmjlkkk
BTV,BZN,8.7,353,uytkbleegdi
CAE,SYR,8.7,262,mnoqggfigll
HRL,SAT,8.7,206,nmmpligpife
MIA,TRI,8.7,332,jgilmkmlkim
CID,SJU,8.7,361,fd79dkyytln
PWM,TUS,8.7,398,sqsqegcdjkh
PSP,SDF,8.7,352,8bjlkmhostk
MFR,PHL,8.7,350,vspngfbdeln
CRP,IND,8.7,318,rijmhjakmno
BZN,SAV,8.7,359,zjkifjdjnli
BWI,MGM,8.7,299,jlhokrahlln
HRL,RDU,8.7,236,xijflqbfkio
SLC,STT,8.7,534,ia6dllnopvs
BZN,DSM,8.7,247,Arqieqeebej
CHO,SAT,8.7,312,ifjqllhhlpl
BTV,SMF,8.6,384,utsqihbadik
CAE,OMA,8.6,292,tplqdfhjell
COU,PHX,8.6,364,dbfhijkxpqp
BZN,PWM,8.6,358,tyFpdc89bcp
HDN,PHL,8.6,361,ebd9boyTtab
DSM,PWM,8.6,305,DswAcb888ar
MIA,SRQ,8.6,292,5366jqpDwws
BUR,ORF,8.6,357,mmmlitcjiii
DSM,ECP,8.6,281,mhjlkc9kloy
GSO,TUL,8.6,274,orjoihbhiml
AVL,BNA,8.6,303,rjnpekcmjil
GNV,SAN,8.6,420,iehpplgiqkl
IWD,ORD,8.6,121,xpolcpdhjgh
CVG,GRB,8.6,336,kmoDiechfil
COS,PSP,8.6,260,kggkiqjnqhk
BUF,BUR,8.6,305,ottpknaddig
ATW,CLE,8.6,281,mlrnkiehgjn
EWR,FAI,8.6,459,wDochoban8j
FLL,MFE,8.6,279,njfjjsmhpig
GPT,PIT,8.6,295,oklmnkijfhl
IAD,SGF,8.6,312,mkprijcdipm
EVV,TPA,8.6,322,oghghijqnnl
BNA,DRO,8.6,276,lkkrlkbihnn
BOI,LIT,8.6,338,mkmlglhhkko
EYW,MDT,8.6,322,dbcjnnrpnpj
EYW,MEM,8.6,334,vfgggkdlpno
DAY,EWR,8.6,287,lgrpjhfbmon
GSP,TUS,8.6,360,hdjoklhlnol
EYW,ROC,8.6,342,c9bdiknBzph
SAT,TLH,8.6,353,ikilplimjjj
AVL,MEM,8.6,286,npoqmgajhjj
IDA,SAT,8.6,323,phggglgkrlo
BIL,MSY,8.6,312,tjkgjnfflkn
MSO,MSY,8.6,308,rgeldldtmmm
MDT,TUL,8.6,311,njgpmlcfkmr
OGG,SBP,8.6,450,rehjiighnvk
EVV,RSW,8.6,360,ee9kmppsqji
COS,DAY,8.6,312,optedfffjoq
DCA,SBP,8.5,416,oimllmfeglq
TUS,XNA,8.5,286,jgjoqlmniif
MTJ,SEA,8.5,282,ovlfbmhqjfj
BHM,SDF,8.5,328,jjrpjidiknj
ASE,DTW,8.5,413,omlg9iwBs83
LIT,MAF,8.5,315,kkpmhlfiljk
LEX,ONT,8.5,395,nltolnagfkj
AUS,GUC,8.5,363,tnhe5otAu67
CVG,KOA,8.5,618,ocejfpomkjq
AVP,SAN,8.5,364,qoijmnfjilf
MSN,ROC,8.5,275,tlqpmibefim
FAT,SDF,8.5,344,sjpqgh9jhkp
CMH,RAP,8.5,274,ywAob997bgv
GNV,MCI,8.5,327,lkgnnjeomki
ASE,BNA,8.5,428,hlkgbkqCD85
LAS,MLB,8.5,420,mkojhljkhjm
BIL,ONT,8.5,265,qqljkicgiko
ILM,JAX,8.5,322,kglojghjnmn
JAC,MEM,8.5,371,Dpwp6idjj6k
AUS,SGU,8.5,296,eggolidnoro
FAY,PHX,8.5,369,kkikeliilpp
FAI,RDU,8.5,452,zzkacmbgkcr
MAF,MDW,8.5,293,tprkinceegl
BOS,LFT,8.5,352,mlqtijbcgmn
CMH,SGF,8.5,310,rpjuifdflhj
HRL,MKE,8.5,218,njfedihCukd
BET,EMK,8.5,434,pitjkfiikli
BWI,LIH,8.5,575,swkjgldbglm
MDT,TYS,8.5,303,mmpokiehijj
FAT,LIT,8.5,340,pmjmftbhdhu
ECP,TPA,8.5,352,mikkkgjlhrk
BWI,MAF,8.5,300,pjfnkscfohl
BUR,ONT,8.5,1409,kfglkpeiqqj
ATL,SGU,8.5,423,fhonljcgmqp
SBN,TYS,8.5,197,S/cab979baa
COS,OGG,8.5,401,nirmfkinneg
ICT,SDF,8.5,288,limqigdjirn
DCA,FAI,8.5,445,pmibdlktrih
CHA,IND,8.5,283,mnroelhgjij
MFR,STL,8.5,317,xrnmficaggr
IAD,MSO,8.5,393,Ctmkij89jhm
BNA,GPT,8.5,305,rkpqgmdhfli
GSP,HPN,8.5,198,MXeghda7bbd
ANC,IDA,8.5,396,zAkhcibcfgs
STL,TLH,8.5,333,iknlpiejglp
IAD,MSN,8.5,337,lputihddggm
CHS,SBN,8.5,278,omhrlkdhgjp
CMH,MAF,8.5,344,nplnjmbiihn
SLC,SUN,8.5,325,rmllfnkomde
CLE,MOB,8.5,276,smnndgimeni
LFT,SLC,8.5,361,pnljdmdrgkk
AZO,BOS,8.5,246,qmokiifgjim
MRY,SFO,8.5,223,mmkqkhdgjmn
PSC,TUS,8.5,285,eigijkuokmk
BDL,TLH,8.4,348,mlkmgkcnjnn
DFW,DLH,8.4,357,kllknghhlol
EAU,ORD,8.4,159,mmoomkdhfhn
LFT,PIT,8.4,316,okgnllbklnk
SAV,SGF,8.4,282,plnmmgdgiln
FSD,GEG,8.4,288,noonlocdjik
GRR,LIT,8.4,300,pmksikcfhjn
MHT,PIT,8.4,264,psswggadeji
EYW,LAS,8.4,406,iiejjojmnko
MCI,MFE,8.4,292,fghmlnkmnoi
GPT,STL,8.4,269,qoqkfedngko
ORF,RIC,8.4,575,piloikaimip
BUF,ELP,8.4,321,srqqiocccel
DEN,DIK,8.4,224,mknnjofefnn
SBN,SNA,8.4,381,oqirkleggil
PSP,RIC,8.4,423,a8ellmktymk
AVL,SNA,8.4,418,llpsigejkji
CMH,SHV,8.4,297,nnljhjankpi
KOA,OKC,8.4,494,segifjnklhs
IAD,OAK,8.4,298,rlklkofdhll
BIL,DTW,8.4,344,wromflbedkl
GRR,ICT,8.4,272,oplrihdhjfo
BWI,EWR,8.4,485,rlkjjg7bsos
COS,PVD,8.4,261,xyAtgga8bee
CLD,DEN,8.4,235,85737653c//
MGM,SEA,8.4,399,poklgifehnt
PPG,SEA,8.4,914,xllgdtgggmh
CHA,ORF,8.4,306,vloohh8cjmo
GSO,PNS,8.4,268,mnoqihalfjp
ECP,PVD,8.4,304,pomljeaeirq
DFW,GCK,8.4,307,mhhmlnfmklj
BLV,MYR,8.4,62,/J00000000X
ASE,LAS,8.4,379,gkjkfnttue6
KTN,PDX,8.4,369,SFmceg9cadi
LIT,SRQ,8.4,310,jjlhknfkpkm
CRP,EWR,8.4,344,kminkuijehh
BOI,SJU,8.4,464,hd7blmvxshj
ALB,GSO,8.4,266,qtntgnbgdfk
GSO,XNA,8.4,296,mpmqjjbhklj
CLE,EUG,8.4,340,spslkk9bfkn
CVG,HHH,8.4,294,zprp966agpB
IAD,IDA,8.4,429,qojffmeggor
ICT,MDW,8.4,208,eilbec88vCK
ORD,SUX,8.4,207,slmmhkcejln
HSV,IND,8.4,302,mommlffiljk
BMI,LAS,8.4,345,8diligcpvkB
RNO,SAV,8.4,373,ohjgllbjnqm
DEN,PIR,8.4,185,Hjimkmffbgk
BUF,HSV,8.4,263,srrmffbfjjn
PSC,TPA,8.4,365,kgigiuililp
MAF,STL,8.4,284,lmqojjdhmhk
DTW,LAL,8.4,72,0000000//Q0
GEG,SGU,8.3,266,hlllpoghohh
FAT,ICT,8.3,295,rmitgnafiio
MSY,RAP,8.3,281,rnjnffgbllt
LBB,VPS,8.3,340,Ovocad7dlfm
BFL,PDX,8.3,263,mmqqkihdeio
BIS,PDX,8.3,317,xtkmihccfin
ICT,RNO,8.3,305,ymlmifddhkr
CHO,STL,8.3,295,mioomkdiglm
FWA,SNA,8.3,366,roklkijkggk
BWI,GNV,8.3,332,poflmjaijno
CRW,MIA,8.3,301,llgmkfhmnll
EVV,LAX,8.3,402,njoieyddmkj
MLI,RSW,8.3,326,cfeghhnvwoj
MSO,PIT,8.3,324,Hqpphh7aegk
CVG,FSD,8.3,282,oomqkgagihq
CNY,DEN,8.3,106,Ediogfmdhok
AVL,OMA,8.3,262,pmpvfdbacow
MSO,OAK,8.3,188,/Gfb8a8979c
DRO,TPA,8.3,329,mlkphngiijl
CLD,SFO,8.3,255,011011009//
LBB,PHL,8.3,366,nlkmmqceikn
LBB,SFO,8.3,347,oojoknbhhkl
MSO,ONT,8.3,268,pqlkinhgjgj
AEX,DFW,8.3,363,jomkijhjjoi
CHS,FSD,8.3,290,tkkonf8empl
DTW,LBB,8.3,347,pmiqnobhhki
FWA,MSY,8.3,285,lgioiggkskm
CMH,GRR,8.3,298,moqolfgkfhj
COU,MCO,8.3,342,caddhikqoyx
ACK,PHL,8.3,326,//j83211114
DAB,SDF,8.3,296,ojjphfejjnq
DEN,MLU,8.3,306,lljifogmljn
MSN,OMA,8.3,300,lnpneijmfmj
AUS,FAY,8.3,306,mjmljkghimo
CLE,TLH,8.3,319,nqhlgkeilpj
DAB,MKE,8.3,315,ojeohgelrln
EUG,TUL,8.3,299,tovhll8chim
GUM,SAN,8.3,1646,qkkgjmhgkmo
AGS,STL,8.3,307,pqllfjdgisi
GEG,SAV,8.3,383,smildi9dfxu
OTZ,WLK,8.3,220,mhllmlhhmil
BHM,GEG,8.3,350,yljlfifgght
GUM,LAX,8.3,1401,qlhfgufhljo
PIT,SBA,8.3,359,pomoinbdjkl
MCO,OAJ,8.3,278,imkjghlkoph
HDN,RDU,8.3,319,97966qDZG96
FAT,PNS,8.3,385,ogggjodfluq
CRP,FLL,8.3,334,lhhplqijjik
DRO,LGA,8.3,382,mrpnfligggl
BLI,DEN,8.2,294,usqmemadiji
ELP,GSO,8.2,337,qjkllohhkih
ELP,VPS,8.2,322,vhjljudaihp
BOI,FAR,8.2,320,wnvmmgdbdhj
MOB,TPA,8.2,362,lhjlfilokln
BHM,EYW,8.2,354,qfmlhmhjiio
AIN,BRW,8.2,234,nnkkhofhkkj
EGE,JAX,8.2,400,db986uyGN8a
JAX,TVC,8.2,303,zxkledchihk
BOS,BTV,8.2,323,smBPcd8bcbg
DTW,ESC,8.2,154,ornqnoeicdg
MAF,RDU,8.2,318,smmmjqegfgj
CLE,GRB,8.2,299,mqtlfdendjq
LIT,TYS,8.2,318,llqqfeeinll
EYW,SAN,8.2,392,kidbkliinur
MSP,SHV,8.2,345,loomlkeehkm
EUG,HOU,8.2,285,Bshfkq7ckmf
BOS,CRW,8.2,314,kttnmgacgkn
IND,MSO,8.2,303,Hrpoeg8bcjm
ECP,SYR,8.2,278,pjhjghahort
BIS,RSW,8.2,347,hb6dhtowque
CHS,PSP,8.2,435,b8eegomrywi
DTW,MAF,8.2,344,uupnjkbcgfi
GEG,RDM,8.2,273,rqqifigiiki
FAT,RNO,8.2,269,nlmniimiiik
SAF,SAT,8.2,315,krklgojjjih
JAC,SMF,8.2,297,vtvgfbeledq
GEG,GSP,8.2,366,soqkkifbhkl
ICT,TYS,8.2,293,okolmhedhkt
GRB,STL,8.2,311,nkmrfcglfoo
MCI,SHV,8.2,287,nlkplkfmifk
HSV,SJU,8.2,421,pcbghsmpnlk
BFL,MAF,8.2,337,molnlnhhfjk
PHL,TRI,8.2,319,mnqmhfddonl
FAT,KOA,8.2,380,qhnhmkhejiq
DFW,OAJ,8.2,323,oojjjrcejhp
BIL,PHL,8.2,366,Bylnfd8abmr
BRD,MSP,8.2,120,vukgfndghhn
DCA,RDM,8.2,393,mrsmhlafkkh
MCI,MOB,8.2,274,vllpkjbgjkf
AGS,PBI,8.2,345,edjkhjjljEk
SAT,TVC,8.2,312,Eomnhgcedfn
IND,ROA,8.2,287,ljrtldakgnl
AKP,FAI,8.2,226,qmhmkkgkkik
DFW,FNT,8.2,275,ulliggilijm
SFO,TRI,8.2,401,kkomjnahkmo
JAC,RIC,8.2,434,uGxd9efhk8h
CRP,JAX,8.2,306,kklklniiiin
FLL,RAP,8.2,336,mkeiknqnhil
CRW,LGA,8.2,289,npssoebdhij
ICT,MKE,8.2,283,qkrskjbgiem
IND,SGF,8.2,312,joprigcogkj
BOS,PIA,8.2,292,osqqhicbgll
FAI,MCI,8.2,398,IDqfcd9deek
FWA,PBI,8.2,321,kigimlfopkk
MEM,PSP,8.2,379,c9dmlkksumm
MHT,OKC,8.2,303,qlttfi7ddlt
ELP,RSW,8.2,349,kgfmjtlkmki
LGA,SUN,8.1,523,jmfa2jwSw69
BZN,FAT,8.1,251,pujhhh9hjls
JFK,PSC,8.1,352,mpinipcbfpo
BOI,BUF,8.1,382,xqsrikabagk
BIS,BOS,8.1,340,uvsseka5eio
FAY,SEA,8.1,368,rsqhihgejkj
HPN,SEA,8.1,359,oomphkdghkm
HYA,LGA,8.1,273,//611000011
ORV,OTZ,8.1,208,jimiohfgoon
BGR,ORF,8.1,261,wywredadcfi
BIS,SLC,8.1,328,rmlkikfelnj
GTF,MCO,8.1,408,nglhhknriki
IRK,ORD,8.1,78,Ajhipshchak
ECP,MAF,8.1,290,Otlgc95adlx
AMA,SMF,8.1,329,onkihniehon
ANC,FCA,8.1,403,Hzlggebdddo
AGS,CMH,8.1,289,pqnlek9gguk
BOS,RKD,8.1,155,zCpigdcehdj
FSD,TUS,8.1,294,gehfhjmqxoh
ECP,LEX,8.1,303,sujrkc8egjq
ANC,ORF,8.1,562,ACoedibcfdr
SAT,SBP,8.1,325,liilkoejimq
ECP,TYS,8.1,320,njnjij9dpos
SBP,TPA,8.1,380,miclkohijpo
CLT,MAF,8.1,362,jgqplkdgikr
BET,PQS,8.1,281,ilpjifjfoln
DEN,GUC,8.1,237,qknkfmkoobf
CHO,IND,8.1,275,lgmqnjdhfsl
BTV,ILM,8.1,266,vognkichhmm
SAV,TYS,8.1,321,jknmhkbgmns
FCA,JAX,8.1,434,Bvzf7fhihai
GEG,IDA,8.1,335,hgklqrijkgk
HOU,ICT,8.1,223,jmmokkfljjj
PWM,TUL,8.1,334,FrBzdb679cm
BDL,SBA,8.1,434,pomskjddhil
DAY,MEM,8.1,298,mllnnkemjjg
CAE,SJU,8.1,389,qcdkgihmppp
KOA,TUS,8.1,454,kjkjejpnqhi
HSV,PVD,8.1,286,mutljmbbhgm
MFE,SJU,8.1,400,tseefngmgjn
EYW,SFO,8.1,429,if9ieqqlmtl
BGR,GSP,8.1,253,wuBqabaadho
BTR,MSY,8.1,784,hfmvmkemknd
EWR,SUN,8.1,549,soma7moBr9a
MDT,SGF,8.0,315,ipomhjihfri
FLL,SHV,8.0,297,mifjonfknlj
FSD,PSP,8.0,330,ab9ilkvzpoe
GRR,HSV,8.0,301,ookpkifdkho
IAD,RIC,8.0,286,jlprimdhjgn
DRO,PHL,8.0,333,uronhjfcfdq
FAR,MSY,8.0,320,mgfnlhkgomq
MSO,TUS,8.0,300,kgdgelnuqmk
DFW,HRO,8.0,127,rkknml9gkko
IND,MAF,8.0,308,Akmnhn9dhil
DAY,RIC,8.0,265,knmnnmbhklj
BOI,SYR,8.0,377,ywoqckacegl
ABI,IAH,8.0,293,cehhdebekHK
ECP,SNA,8.0,407,unghkkhcgqp
CID,CVG,8.0,289,fjpqhggkklp
IND,MOB,8.0,307,mhmtfjdmgln
ROC,SDF,8.0,287,mluqihailil
ALB,BOI,8.0,389,Bsmoemceado
ABQ,COS,8.0,273,mnnidkiknlj
BET,WTL,8.0,203,jfmplhehlks
EGE,RDU,8.0,370,a9b88tILB9a
CMH,GNV,8.0,334,jnmqllalmhh
EUG,LIH,8.0,402,nongggioklk
ATL,MBS,8.0,322,hnntojgjfhj
ABQ,XNA,8.0,286,mhmnkgchomp
BOI,CID,8.0,289,sqnphjbghhm
DCA,EGE,8.0,403,df977oOED88
HLN,LAS,8.0,289,eegjholmnpp
CLT,MRY,8.0,437,pqkmiighgoi
HDN,MSY,8.0,334,c8677vt/l63
DAL,SBA,8.0,279,fjgoloekomk
CID,ORF,8.0,252,rtnknlaceim
ATL,GRK,8.0,344,kjlplmcfjmo
ELP,PBI,8.0,363,kjcfksjnmnj
ATL,BFL,8.0,343,qijnlohlggj
RAP,RSW,8.0,325,mjjidkkqmlm
GEG,SGF,8.0,335,pqsqjiccein
HSV,SYR,8.0,291,okojgkgjrgk
ALB,CAE,8.0,276,mloojhfjhho
ECP,IAD,8.0,365,njhklhckjor
BTV,MSN,8.0,280,rrswgebeghj
CWA,DFW,8.0,341,qloiinikgji
FSD,IAD,8.0,335,ommonlbafls
SDF,STL,8.0,302,jspmggchmkm
DAL,LIH,8.0,414,Bjlgckcinjo
EWR,LBB,8.0,357,mokmjwcihfj
IDA,OAK,8.0,133,//865427585
FAI,SNA,8.0,377,igiflxpsrba
CHA,JFK,8.0,238,jjpqjsljhce
AMA,BOS,8.0,362,rjzugk8ddjk
DSM,PVD,8.0,306,pssqgf8chln
DEN,LCH,8.0,292,nkliioglhmk
ATL,PIA,8.0,257,jlinhmfjlln
AVP,SFO,8.0,395,rlmjmoaigjm
ATW,PIT,8.0,273,lpiDfj9fgjn
SAN,STT,8.0,500,ia6djjlmsxv
OME,SHH,8.0,268,kgmhjjfjslo
MFE,SNA,8.0,331,fbkzemiojmj
DFW,RST,8.0,295,mpikllgkiki
HNL,XNA,8.0,718,thgffodgrgw
CVG,EUG,8.0,330,vpkkkgcbknm
AUS,CRW,8.0,311,nkologbfepp
ABE,SFO,7.9,362,mpjlfqgfijo
MGM,RDU,7.9,305,nkjnmjcjmim
LGB,LIT,7.9,279,ujilgnjgfkl
MTJ,SAN,7.9,246,pgfkcklutdk
JAX,PBI,7.9,369,bcfiklixvnk
MTJ,STL,7.9,261,toskalgmpaf
IAH,VPS,7.9,256,zoijfcgklim
CLE,GPT,7.9,291,wiisiichill
GPT,MCI,7.9,259,pomhijekhpj
BZN,EUG,7.9,221,mIjiijaidjj
MSN,XNA,7.9,323,imEslbdgehk
LAS,OAJ,7.9,356,rjmlijhijin
BZN,SYR,7.9,324,CBvicbdffak
ICT,LGB,7.9,264,llgjisekijn
CID,PSP,7.9,324,aaafmnqwzki
LAX,MLU,7.9,332,nijqkmefkml
CLT,RDM,7.9,382,rrlmgk9gjio
CHA,OKC,7.9,312,onmmnlbjgim
LAS,SCE,7.9,427,ikjpiiiikql
ELP,SYR,7.9,365,nqjijodhglp
MLB,PHL,7.9,314,hiljglmmmkm
MLB,PHX,7.9,392,fiikmlnmjll
JAX,MAF,7.9,315,pofmmlddojl
CAE,HNL,7.9,665,ijkhgqjjjpn
CLE,DAB,7.9,303,mmkpdjakknq
BUR,FLL,7.9,339,lldgsskkklc
MYR,TUL,7.9,264,Cuqq8d7aggu
EYW,ILM,7.9,304,cjgehsqslkl
CHO,CHS,7.9,281,nikrledjlmm
ABE,MCI,7.9,324,lkushlcffim
CID,SJC,7.9,335,voonjiedghk
ANC,ELP,7.9,443,urjgilfcjgt
GRR,SDF,7.9,293,kgpthhgigmo
FLL,MLI,7.9,298,dihhnlntteh
FAI,ONT,7.9,358,lhjepyjjnfd
ALB,DAB,7.9,272,kiikihfspkl
GNV,IAH,7.9,358,hghsohgkmmn
PNS,SGF,7.9,278,qrmjgibfmmn
CMH,HRL,7.9,245,iofikmclokp
BZN,LIH,7.9,428,gdggionpAgi
ATW,MSY,7.9,299,lggqhiihnpn
CMH,LIH,7.9,560,mklfjiikrjm
SCE,TPA,7.9,322,mihkhhlqkll
MDT,SJU,7.9,338,hfbeknvqnkj
SGF,TUS,7.9,310,hkiommhknmh
CLL,DFW,7.9,333,ehmunlfkllh
IAD,MFR,7.9,365,yjpkglcbikp
ACK,ORD,7.9,383,//o72210129
DLH,IAH,7.9,388,mlmkjejljll
FAT,MSN,7.9,341,losldjbgfpq
BET,KSM,7.9,300,llGlgfghifi
DEN,MBS,7.8,300,rrmjlicdfjo
CWA,LAS,7.8,360,bdknjkpslog
CRW,SAT,7.8,306,lmlomkekjjk
SAV,SBN,7.8,275,kmmpkihjikj
MSN,SGF,7.8,354,fdlieikoFjh
FSD,PNS,7.8,273,gjkifecsswk
BWI,GRB,7.8,333,quvkin9dail
BOS,IDA,7.8,417,lxtljgdefhm
BUF,PVD,7.8,239,ouupelhcfdi
CLE,SBA,7.8,343,mpnlhledlkl
MEM,STT,7.8,423,vffffggowhp
JAN,SDF,7.8,308,omlnlfakjpl
FAY,LAX,7.8,342,qrljgpegekm
CMH,GRB,7.8,320,nnjvmbfffpl
MSP,SGU,7.8,339,fkjmoegelrs
AMA,STL,7.8,293,nnlnigeenlo
BFL,MCO,7.8,391,nfdjjpskhmi
ATL,RST,7.8,335,ehglilgqimw
AVP,MIA,7.8,308,gifhsllvnid
BOI,RAP,7.8,298,rnplkmbdgjl
BIL,STL,7.8,307,qrqnhgdffkl
ATW,CMH,7.8,295,lnqphecgipn
DAB,SEA,7.8,405,mkpmjmchemr
HOU,ILM,7.8,173,+Gzcac69c9a
GSO,ICT,7.8,284,vjmrmedcgjo
LEX,PNS,7.8,313,nponhecegro
SJC,SRQ,7.8,343,lmioioghjkl
BWI,LGA,7.8,369,rlkqikaeqkk
OMA,STT,7.8,487,e448gmyFvmm
LAS,MLU,7.8,365,pifwfiefmkr
CMH,FAR,7.8,288,rqlpkgfbgiq
JLN,ORD,7.8,180,lpgmolciiol
CLE,PIT,7.8,349,mrmlhgdhjlp
BTR,TYS,7.8,305,kkollngjilg
SHV,SMF,7.8,320,tnnlgjckehp
ANC,PNS,7.8,556,Cnmjcibfgeu
JAN,ONT,7.8,359,qkjojlchhno
LAX,OAJ,7.8,357,tpljhkffjnh
ICT,SRQ,7.8,304,kcgkhpirkir
CRP,PHL,7.8,377,kjnolleeiko
ONT,SYR,7.8,389,qzkignddeio
IDA,SFO,7.8,333,imrljiiihjo
AEX,MCO,7.8,311,fefjhnelsou
GSO,LIT,7.8,282,qnnmigfjenj
CAK,DFW,7.8,332,imihipkplhj
GPT,RIC,7.8,293,qmlkkkfhhml
JAX,LGB,7.7,283,mghglpllioj
GSO,MSN,7.7,286,konpiibhiql
CLT,LGB,7.7,248,qlhnnsffghi
MEM,MFE,7.7,257,injojlghipj
AUS,AVP,7.7,324,qomnkmbfijk
BET,SCM,7.7,395,ripqfhhephk
AVL,BUF,7.7,242,tyxqgfacdfh
MOB,SMF,7.7,327,okmnnmgifhk
BRO,LGA,7.7,311,rmdjihijkon
FSD,HNL,7.7,622,lgbffspykfj
IAD,JAN,7.7,385,oiknijemjmm
LIT,PVD,7.7,329,rqsoih9afmp
CEZ,PHX,7.7,153,qoqaoqnieff
DEN,JMS,7.7,173,qglmmpgiefp
MSN,OGG,7.7,612,8eciapEwzfc
GNV,SLC,7.7,427,hjlhilknqij
BIL,RDU,7.7,342,tvomkjbbagr
GJT,PHL,7.7,318,opurif8ddoo
GSP,RDU,7.7,296,nnorifdknhh
BDL,ROA,7.7,305,kjnomicgknn
ABE,AUS,7.7,312,pennlsfhghk
PNS,ROC,7.7,291,qngnghchgro
ELP,LBB,7.7,292,ejlnhikplkl
OKC,SBA,7.7,306,nklrkhefkln
SAN,SCE,7.7,406,mohqklegohi
HHR,MCE,7.7,112,hjefikhktoq
BTV,TYS,7.7,285,opopghbigln
CAE,TUS,7.7,436,jehifkfnpvo
RNO,SGF,7.7,339,xnmjjfgfeko
MDW,PVU,7.7,88,/w00000000W
ILM,PNS,7.7,266,okmlmhchgsk
MBS,MSP,7.7,289,mkmqimfhblp
DAY,GSP,7.7,297,piorjidojjd
COS,MYR,7.7,260,Hqorah7acjq
GRR,SYR,7.7,299,mlqqlleeejn
GRB,PIT,7.7,294,lmnFgdeeemj
CWA,MCO,7.7,334,fhehnklrukf
KTN,SLC,7.7,364,X/w767235cg
BZN,RDM,7.7,231,nomiknghgkm
LFT,RDU,7.7,300,lnjjpmfdkok
MOB,RIC,7.7,291,mofhlmfnmim
EYW,SAT,7.7,321,yohiggldgjp
JAX,RAP,7.7,305,vnulfedeelp
OAJ,PHX,7.7,348,mhilhlnfklo
ANC,BDL,7.7,584,/Nme8b68abj
BET,KKH,7.7,263,liomglegnir
ANC,BUR,7.7,422,Bwoibj9didp
BTV,SDF,7.6,283,wppsgjceick
DEN,MLB,7.6,412,lkjkjlkjnhl
BTV,SRQ,7.6,331,iidlgejopzh
FAR,MKE,7.6,287,jmpmlhbmgnk
BTV,GSO,7.6,265,qqoqmhchhhh
JFK,TLH,7.6,359,lnlmkphiegn
AVL,BZN,7.6,325,rwuhbedojgi
BGR,CHS,7.6,281,wxyofd7cdfm
HHH,PHL,7.6,336,UY8b785cgfn
GJT,MCI,7.6,256,mjonmgaiikq
OKC,ROC,7.6,323,qnlimledght
MFR,RDU,7.6,354,tmojgkccgmr
CID,RNO,7.6,290,sprtbfdbgom
ONT,RAP,7.6,274,Btokefcc9mq
FAR,PIT,7.6,296,wntpkhb9djm
MGW,ORD,7.6,184,rjksojbdllh
AUS,DAB,7.6,324,nhkjklhjhpm
ABQ,BTV,7.6,342,urrvec9efio
RDM,STL,7.6,328,sppqjjgaifj
EYW,PWM,7.6,350,9bchjlrpwtj
ASE,MSY,7.6,445,rogmcphBq95
DAB,SFO,7.6,417,khnmgnhnllg
JAC,RSW,7.6,475,qmeearlspdj
AZO,DFW,7.6,299,ghfmhedppss
ANC,SDF,7.6,530,MIthaa78aem
IAD,MYR,7.6,270,vBonee8bcgv
CAE,RSW,7.6,334,lkhikkinklm
GRB,SNA,7.6,399,psjklikjghh
RIC,TLH,7.6,344,lgjrllekjnj
GNV,PIT,7.6,321,mmjmilhhhkq
PIE,TUL,7.6,64,/w00000000R
GRB,SMF,7.6,333,pomnjnbhgio
HOU,ISP,7.6,274,wplflAb7efn
LAS,RDD,7.6,238,ine8mhhvpno
HPN,MKE,7.6,222,qskohjgdjhl
BDL,SBN,7.6,314,mkmmjkggklm
MSY,MTJ,7.6,274,kdfkbjgPpfe
AUS,MGM,7.6,289,fjkiilgojmt
DEN,DVL,7.6,171,shdknoehlhr
BOS,MLB,7.6,319,frmlmqhiifi
DEN,STS,7.6,289,ddhgec7bfG+
JAN,SAV,7.6,321,ohnpgdepkmm
ISP,MSY,7.6,241,hkipnseeglo
ANC,MEM,7.6,636,NAkidhaabcn
DEN,TEX,7.6,281,ostpfkens4b
CLT,GJT,7.6,319,qinrek9enpk
SRQ,XNA,7.6,326,nokljlejjhm
BIS,MCI,7.6,324,lkqqjlbgepl
BDL,FAT,7.6,373,qsrpcpcccjm
MSP,TRI,7.5,383,osnphm9gdml
MRY,PDX,7.5,250,qnntgfbhcrk
CLE,RAP,7.5,287,Gzxlbb79ccr
GSO,ROC,7.5,234,qrmnkgeegip
ORH,PHL,7.5,175,gnqlooceijn
BOI,FCA,7.5,329,mromifdiill
GTF,IAH,7.5,375,qmjkiicjomk
MIA,PSC,7.5,365,dlegjjnvoog
HPN,SLC,7.5,370,jojochiting
FAR,HNL,7.5,612,hi8efluzxdg
BRO,LAX,7.5,337,njipkihglph
AMA,CLT,7.5,345,kgkokldyeil
PBI,VPS,7.5,296,jljomhejmlm
LNK,PHX,7.5,309,bafgijsuosl
MAF,PHL,7.5,375,ljonolehdis
GRB,MSY,7.5,327,siflknfjjnk
BET,CYF,7.5,279,iilmfihkpmo
AVL,OKC,7.5,293,pkmojjfblok
AVL,ONT,7.5,324,wnnmflcfggn
LEX,SJU,7.5,401,gfdfiiqpmnt
EWR,MLI,7.5,288,mqhnhqbhjkm
MKE,STT,7.5,417,8d65hhoyLqp
BUR,MSN,7.5,367,glhnoohjilk
EAT,PHX,7.5,335,gg0ojlmzsmi
LFT,MIA,7.5,308,mlghjijiinu
MSO,SAT,7.5,330,wojjckdjmjl
AUS,CAK,7.5,299,mjfkhnkikkq
BWI,SBN,7.5,296,lknphkcjjko
MOB,PDX,7.5,363,plimjjgjill
AZO,SEA,7.5,287,tAojdfbdglm
OAK,ORF,7.5,307,rullnscegfc
HNL,MSO,7.5,463,njdcgnjownh
BDL,LGB,7.5,265,rtsklsc8ckg
IAD,SHV,7.5,315,ihmqjkffipo
MCO,RST,7.5,297,fefmhnknunh
BTR,SAV,7.5,308,mtmjgjdgnni
EWR,GPT,7.5,292,nkmmoocglkh
CLE,FAR,7.5,296,qrqpfjcaikn
GTF,PDX,7.5,314,mnjnhlfikkn
MCI,MTJ,7.5,249,rljjcmgsndj
MIA,MTJ,7.5,368,idlaanoBzfe
BTV,MKE,7.5,266,qwqvdfedcen
ECP,XNA,7.5,303,zqpgfb8ejkw
HSV,MKE,7.5,274,qsrpei8heip
BWI,TVC,7.5,304,qzunel9e9ki
GSO,SJC,7.5,353,skjojkdfhmo
ANC,ICT,7.5,450,Lyohfgaabar
DLH,LAX,7.5,345,sotjhicghni
GTF,LAX,7.5,289,ysimjkdcekk
AVP,SEA,7.5,363,wyrfghaeblm
BWI,RIC,7.5,222,gntskk9hlii
SRQ,TUS,7.5,356,fbcglpktvng
LIH,RDU,7.5,591,qkhhfnhijno
HRL,SLC,7.5,237,qhdfirionng
MKE,MSN,7.5,342,tpppqe8deim
EYW,SEA,7.5,465,cedjkpnsksi
PVD,STT,7.4,365,hddkljitjsl
DTW,SBP,7.4,366,lmjmkhchjns
MLB,ORF,7.4,267,mlmmlgljhik
ATW,BWI,7.4,299,nppojqcaekm
ABQ,LEX,7.4,307,ukmqngagchr
ALB,TUL,7.4,335,pmmrllaegkm
BGR,BOS,7.4,374,MEGF442248o
GJT,STL,7.4,285,mjqpjgdejlo
MRY,TPA,7.4,437,nilimjgkjjq
LFT,PHL,7.4,323,lnnnmkgejki
COS,DSM,7.4,247,snokgifghho
BFL,OKC,7.4,315,miisjoihfin
PWM,SNA,7.4,467,zyApadbaedj
BTR,CHS,7.4,337,iiilqngmlng
MOB,STL,7.4,310,sjjnjggiioj
DFW,LAN,7.4,308,onlljifiern
CVG,JAN,7.4,328,mopqfieiijj
GJT,LGA,7.4,380,qkpqegbelpn
DAY,SJU,7.4,364,f99fhozrrgp
BHM,MHT,7.4,310,tohullcfcmh
DTW,IDA,7.4,353,usqkdjfcefr
FSD,SAV,7.4,276,glhlfcgymql
BZN,MDT,7.4,331,pptmajemicq
ABQ,MYR,7.4,306,Bmmohh9aeit
RIC,SHV,7.4,312,oiejlpbhmlq
ATL,MRY,7.4,367,mmhqnpfjjgi
BTR,SMF,7.4,342,krlhjmhilhk
CAE,SNA,7.4,409,mmnjhnmkhhh
AMA,FLL,7.4,346,mgcflxhinkm
AUS,SFB,7.4,59,/r00000000Y
MBS,PHX,7.4,369,niijjlkllmj
ECP,LBB,7.4,311,Uoeecd47ieJ
MTJ,PHL,7.4,331,rtlddihwmbi
MGM,SAN,7.4,354,oghkhofkimq
BHM,FAT,7.4,354,tilllkdcekw
BGR,TYS,7.4,284,vrABac689jp
OMA,TUL,7.4,316,knmmkheoljj
CAE,RIC,7.4,296,mknklhgkjmj
ATW,CVG,7.4,305,msosifbikjh
JAX,MLI,7.4,278,phhohicjmpo
SBP,TUS,7.4,259,knhkjiklhjp
DAB,IAD,7.4,255,ikikjhknimp
GNV,LEX,7.4,382,hginnediqvm
ALB,ECP,7.4,308,kljife7koBn
OMA,SBA,7.4,300,spopjgbehhn
BWI,LFT,7.4,288,nnjrkmcgdnm
SYR,TUL,7.4,299,rmjlomcdjho
CVG,SGF,7.4,298,mnpojkcdjjo
MHT,MKE,7.4,257,pzsvhh8achk
BLI,PHX,7.4,320,ggjkmiknkpl
CAK,MSY,7.4,273,lifnjrgiklm
RDM,SAT,7.4,316,pihnmlghjjm
ISP,LAS,7.4,308,jllpijgejoo
DSM,SYR,7.4,282,trokljegdgm
BTR,FLL,7.4,268,gkhjnmihkoo
EWR,ROA,7.4,299,ihutniaejll
BLI,SNA,7.4,312,rhjjjsgjhil
AVP,RDU,7.4,265,kknllhhfjql
JAX,RST,7.4,339,jdqumhgmijh
BWI,MLB,7.4,329,lnkkhnekmin
BTR,PBI,7.4,296,lgjjgkholqk
CAE,LIT,7.4,300,pihkjggpgsk
SJC,SYR,7.4,427,Bypkdi9defm
BOI,PBI,7.4,420,kfeeltikrhp
CLT,SBP,7.4,383,olnvkjcghjk
IND,SHV,7.4,300,oinohkbjhpl
MHT,OMA,7.4,296,Ftushg868do
CRP,MIA,7.4,348,ljlkioigjko
DSM,MFE,7.4,268,bhglllmwkhm
PSP,XNA,7.4,321,ddelnnkjrol
ICT,MEM,7.4,276,loqmlhbkjkk
DTW,RST,7.3,296,miljfnjoill
RNO,SJU,7.3,417,cjgfknnqqqf
FAR,GEG,7.3,289,svvpgic8ffk
IAD,XNA,7.3,416,ogumigbihlq
RSW,SJU,7.3,347,cdfeflsvlnr
AZO,LAX,7.3,356,tnkhhkdgkmo
ACK,TEB,7.3,825,//od8b0009r
BTR,SDF,7.3,295,mlmomgdilni
LEX,OMA,7.3,306,loophldgenm
BKW,PKB,7.3,27,MseszAu0101
RDU,STX,7.3,317,pibghlklrok
LAX,MBS,7.3,370,pnkqhmfhggn
ILM,OKC,7.3,288,Amjlll9dcmo
BOS,LAN,7.3,237,oosjfjggkjk
LGA,MLB,7.3,257,nonkkfifhjp
BHM,MYR,7.3,283,oloqhgcgmjo
CIU,MSP,7.3,196,rwlpklfdefj
ATW,CHS,7.3,285,mriqhh9jklp
BUF,STT,7.3,407,eb4bdhpJuvj
AVL,BTV,7.3,262,xsqpgeaefgn
ANC,SDP,7.3,701,jlplibjimpm
LIT,MDT,7.3,332,jlkmmlfimnj
MCI,SGU,7.3,287,mmnqjgadmkq
MDW,SBA,7.3,267,tqmqmkfehib
HNL,SJU,7.3,628,ofljhsihkin
OTZ,WTK,7.3,209,eljgonifoqm
ISP,SAV,7.3,239,pnlsfg9cjns
CNY,PHX,7.3,121,Fjknt11kxle
DCA,IDA,7.3,471,lpolcedgmrp
HDN,MCI,7.3,268,ofgfbozCu86
ATL,GTR,7.3,276,klonmjhlhii
EYW,SAV,7.3,350,omhikgjjnoi
ECP,ELP,7.3,315,slgoimbhjko
CHA,HOU,7.3,334,lmpooohihed
BHM,ROC,7.3,310,kljrlihgmjj
MIA,MLI,7.3,315,ffekkjqsnnh
FLG,PHX,7.3,270,jjophfegkns
OGG,SDF,7.3,649,qcmldllkgnq
BET,MOU,7.3,339,glpnhfhennq
FAT,LBB,7.3,349,himnim9ijqs
FAI,HSL,7.3,301,nnknhifimkk
IAD,ICT,7.3,365,moknlocfhnk
GSO,LEX,7.3,311,mlqmhiflhlk
MFR,PSP,7.3,267,degljjnsrmk
HSV,MDT,7.3,327,nmljiibjjoq
PIT,SYR,7.3,264,jlmthkfhjkk
JAN,OMA,7.3,312,mqjjmhcejpp
COU,DCA,7.3,332,c9epkjgmpst
EYW,OKC,7.3,349,qkejonogeho
BUR,PNS,7.3,331,qmfgijdipmr
LIH,SNA,7.2,335,vBumgiaaeig
LCH,MAF,7.2,383,pllllnilfhi
DTW,GJT,7.2,317,roqlhd8fiot
GEG,SJU,7.2,461,a9acelsxHqf
JNU,MSP,7.2,421,YQqf8b677bi
LAS,LCH,7.2,356,fihiouihjml
CRP,RDU,7.2,336,ljilkqgehoo
BFL,SLC,7.2,289,njowlijkeci
MSY,PSC,7.2,340,lgknfnegmuk
BHM,MAF,7.2,325,jjmoligllmj
FSD,SDF,7.2,308,qflrlcfqhmi
ONT,SBN,7.2,331,soltgqcggek
BIL,OKC,7.2,314,nioliifijnm
EWR,LFT,7.2,363,plkloohehlf
DAY,STL,7.2,280,mmppeggjkkm
DRO,EWR,7.2,367,lpqolrfbffh
ECP,HNL,7.2,606,mhjgfllluji
CHS,TVC,7.2,285,Krokde8geen
CLT,IDA,7.2,353,qmshfkggifs
BWI,DAY,7.2,301,lmlohlfigln
CVG,RAP,7.2,275,Exylacb6bfq
MIA,PIA,7.2,307,hfffoiryjih
BGR,SAN,7.2,384,zBpobd8ccio
OGG,SBA,7.2,483,rmkilncfnjk
MDT,ONT,7.2,407,oipqlnadhjn
GSP,ICT,7.2,318,ioommjdgilo
PHX,XWA,7.2,351,khgthigpqlf
MLU,PHX,7.2,377,kekkkjhpmkn
INL,MSP,7.2,185,Ezigaiikfak
CRP,PIT,7.2,358,pmiriobfiio
FCA,SJC,7.2,333,wsphijfgdhk
PWM,XNA,7.2,312,CsxCca57bfn
PIA,SLC,7.2,287,lnmkknhgmgk
SNA,TVC,7.2,394,Nxnobdaddch
COU,LAX,7.2,347,fbbiqojnkpr
BOS,DLH,7.2,354,rppridcejgn
MIA,RAP,7.2,346,mkeginorgkl
FWA,SAV,7.2,263,nmlljdgiipo
MEM,STL,7.2,347,olmniieljmi
MFR,MSY,7.2,317,hlerjffhotl
BKC,OTZ,7.2,225,liijolggknn
MEM,TUL,7.2,323,hgopmhfjmml
BGR,SAT,7.2,324,yyuv9a8daml
CLT,HDN,7.2,327,c9585yLQD45
ABQ,SGF,7.2,293,konnhlbhnho
FCA,OAK,7.2,180,/Ed7876648a
DTW,LFT,7.2,348,ounpkfdjdjj
BUF,GEG,7.1,332,wzwnfj99acm
MYR,SNA,7.1,399,unlofhfhgho
EVV,SAT,7.1,341,niljkjdqljm
FAY,SAN,7.1,347,mkojdmgikjp
OME,SVA,7.1,342,jjojikehmls
HRL,SJC,7.1,231,sijhooikjkf
DFW,MLB,7.1,366,jlojkljjkil
DCA,DLH,7.1,324,npojjiigkhk
AUS,GPT,7.1,257,joolinhljgj
FAT,FSD,7.1,337,qoioijflfjl
DTW,PSC,7.1,372,wqmmjmcbfhm
GPT,SFO,7.1,356,rkplikeijgn
GNV,SAT,7.1,338,inlrklghikk
SEA,WRG,7.1,288,Itmhdeabiin
BGR,SLC,7.1,346,uxzt9b99fgo
HOU,MTJ,7.1,261,oflpbylgtbd
GRR,KOA,7.1,502,cdgcfkwCpmf
DTW,TRI,7.1,337,pnmpigdkidp
ECP,SJU,7.1,355,lfdgmqilnmm
AVL,CLT,7.1,284,onkwliccgnk
EVV,LGA,7.1,339,njopjrffemi
SBN,SMF,7.1,341,uplmijedhes
OAJ,SAT,7.1,316,qnhnhmdekmo
ILM,ONT,7.1,345,soemklbikkl
ABE,PBI,7.1,305,hlpodlmojkd
CHO,PDX,7.1,398,wkkwhiahgjk
GJT,PIT,7.1,306,kkprjgddgpp
DAB,ORF,7.1,262,nhqnhmfhlim
GPT,MKE,7.1,265,lpkoflffgpn
AVL,SYR,7.1,263,utnwifcacil
FCA,RNO,7.1,309,vspmgggfghj
DSM,ILM,7.1,256,Dqnnhj9dafr
CRW,JAX,7.1,286,lnlomkhiigk
PHL,PIA,7.1,281,loinjnakiko
CAE,COS,7.1,326,tiljihbkkmr
AUK,BET,7.1,461,hhlkgfiirpr
CAE,ORF,7.1,276,jmqpgehkmhl
CVG,SDF,7.1,486,mkormeahjnm
DEN,ISP,7.1,282,Kzorgi6b8dh
FAY,IAH,7.1,326,qmkpijfifoi
LEX,PVD,7.1,313,tslnjhcdcmo
HNL,VPS,7.1,628,umhhiifmngl
GJT,MIA,7.1,340,h8dctmnvlnl
EYW,MSN,7.1,345,9d9fgrtAuld
MFR,MIA,7.1,366,lfhilnplljk
CPR,MCO,7.1,332,ihhmhmklpmk
FAI,SAT,7.1,439,qskfgpffnfl
BWI,MTJ,7.1,301,rmhg8mgDofe
SAT,TRI,7.1,312,kllmmmbllkj
JFK,SBP,7.1,400,lhomnofdkkk
BTR,MIA,7.1,277,nijjkejhimv
SGF,SJC,7.1,363,tmqojibfggn
CVG,LIH,7.1,626,oigjejhmlhy
STT,SYR,7.1,342,f878afACswn
PSC,STL,7.1,341,qqkjmkchdlp
BZN,KOA,7.1,423,hdckdujlHjc
JFK,OMA,7.1,295,hdqmmzmdhej
BET,KPN,7.1,251,AIyi86a9hgm
CVG,MSO,7.0,320,Hwqkcd98hhn
BIL,OLF,7.0,45,knjnogfklhl
MSY,RDM,7.0,330,hgeljlemlyl
MAF,MEM,7.0,276,nootlicghik
ANC,RIC,7.0,567,TAldeec8cap
BIL,HNL,7.0,509,jgbckxmpqhj
GRR,HRL,7.0,246,kihkmmforlf
MFR,TUS,7.0,289,nkfgolfnjnm
OMA,RAP,7.0,274,okmogjfkfom
MFE,SMF,7.0,274,klhliqiikho
BZN,PVD,7.0,301,vNGg9bdec8f
GPT,SMF,7.0,340,tpikjhflegq
JFK,TYS,7.0,310,gejjnpldjor
IND,MFR,7.0,323,tnjqij8bhmr
LIT,PWM,7.0,366,yrEzg8699dn
CLT,PSC,7.0,379,pppjhkdblko
AGS,CLE,7.0,311,qnlkiiffiqj
FAR,TUS,7.0,336,fifgimoronh
CID,GEG,7.0,281,tpklgiceliq
GRR,MDW,7.0,180,mwzvehbadel
BIL,RNO,7.0,316,soloehhgiin
DEN,EAR,7.0,184,lolojmegjjk
CRP,SFO,7.0,392,lkilllheojo
CHS,SHV,7.0,293,oiljmicjonl
BIL,EWR,7.0,406,qsnqjgb8gpm
SFO,SGU,7.0,288,lhmqjighiqk
CHS,FWA,7.0,286,jkolqedhngs
BIL,HVR,7.0,46,knjqjlekgkl
BTR,GSP,7.0,344,lzimifbioki
CGI,DFW,7.0,128,11111GAwBCt
GRR,MKE,7.0,276,llnrihjifjm
BNA,FWA,7.0,298,sjnlhfdkkkn
GRR,MHT,7.0,259,wymogj97ckq
ANC,SYR,7.0,531,/Kka9g5698p
CVG,TLH,7.0,333,mnnqiiejkjh
LCH,MCO,7.0,311,ikhnkhkkftm
BOS,RST,7.0,318,mkgkkffimos
CRW,SLC,7.0,422,smplggeihpi
BZN,FSD,7.0,263,ljnkeihwgqf
PSC,RNO,7.0,305,nmjrkgilgkh
BTR,SNA,7.0,355,mmjonlighki
BIS,LGA,7.0,362,kolofscahmq
FAY,MCI,7.0,274,mtliflcjklm
EGE,SAT,7.0,362,jdfabBxlG9a
FAT,SNA,7.0,296,opilgggnkni
ATL,DLH,7.0,373,ljjmendjjqo
CAK,SAN,7.0,360,olfkhlelkiu
ABQ,CID,7.0,264,lhsrglalgkn
JAC,RAP,7.0,360,RUQa121212E
PBI,TVC,7.0,381,ysmhekimbfj
ABQ,CAE,7.0,342,qiiodicmjoo
DLH,LGA,7.0,350,pplnfhceojo
ATL,MOT,7.0,357,nlkplmdmfjj
BTR,TUL,7.0,306,hgtljicksli
ABE,RDU,7.0,279,onmrfobjgji
CLE,MSO,7.0,330,Cuskfhaaddp
PDX,TLH,7.0,423,vnlkkhfehjn
MAF,SFO,7.0,354,nmmkqlehgki
IDA,TPA,7.0,379,mpkgdijnlip
BNA,DLH,7.0,311,mnkohhejhtj
CLT,VRB,7.0,230,0000000D/+T
MSY,TRI,6.9,296,kikmkiekonm
MYR,SRQ,6.9,260,mhijfhhlnrn
BZN,GEG,6.9,294,monljmnpede
FLL,RDM,6.9,351,fgfjjmounih
JAC,PBI,6.9,571,kiga9tqtzai
BHM,ICT,6.9,309,ihjojlcmnom
DFW,SUN,6.9,383,npikarhprcf
BTR,PDX,6.9,331,tiikomdeilm
AUS,LFT,6.9,283,hkornlieiki
CMH,CRP,6.9,318,pnmmgkfekll
BIS,FLL,6.9,341,b97dgpGwrng
BUR,XNA,6.9,305,fhmpmifilrm
CRP,OMA,6.9,290,njhnilfnsgh
MFE,MKE,6.9,275,ikfjimjomlm
CRW,MYR,6.9,144,//ab8766689
IND,MLB,6.9,316,noikjjfhjkq
MLB,RDU,6.9,285,qillnmeiilj
LAX,MLB,6.9,409,nfoimhlmjjj
MSO,RNO,6.9,311,Bslkgigheck
ANC,OAK,6.9,414,llgjhpgmimn
MYR,PNS,6.9,282,ljpofeaenym
CHS,EGE,6.9,396,gfba6uwIxe9
ANC,TYS,6.9,579,Pxoegc67dbx
CLE,SHV,6.9,303,qknnhmchikm
GNV,STL,6.9,319,mkkpkmdokjg
FAT,RIC,6.9,383,zkmoeobfhgm
MSO,SJC,6.9,316,plhknneemll
GUM,SEA,6.9,1545,sfcgxmdelew
SGF,SJU,6.9,378,dh8dkrtoppl
AMA,PHL,6.9,368,riqpjkdfjfm
BOI,VPS,6.9,343,qnfmhjdnlin
ABQ,MFR,6.9,274,rmtsigadfio
DAY,TUL,6.9,294,jjppnoefgnf
PHL,PSC,6.9,367,ttkihhcbimr
EWR,GJT,6.9,392,linpkibdgpv
LIH,MFR,6.9,420,mlofkhijmoh
ONT,SHV,6.9,319,wlkklkckfhn
IND,RDM,6.9,358,uomofn9fign
PIA,SNA,6.9,316,wlnmfikkbjk
EGE,LAS,6.9,343,9dhcdqxtqmj
EGE,MSY,6.9,369,cbfa9jn/web
BIS,MIA,6.9,357,dbbemmtIhod
ECP,MSN,6.9,282,hhejdbfCqrn
MLB,RIC,6.9,250,njhgkljnjll
PDX,SHV,6.9,360,snkoirdchhl
AUS,ISP,6.9,302,tnpojoccggl
LAX,LRD,6.9,325,njhkikhjnlo
MLB,ROC,6.9,283,gikmijhppph
LAS,MCE,6.9,112,ggfjihhlopv
IDA,STL,6.9,337,rqqneiebgmn
ILM,MSN,6.9,251,spojnk7bdnp
CLE,MHT,6.9,270,oxtoheedhel
BET,NUP,6.9,157,lllpsbddlks
CMH,MSO,6.9,307,Gypfefaafdq
HOM,SOV,6.9,91,odmlimehlnn
AMA,RDU,6.9,337,nglnnpeenhm
DTW,HHH,6.9,260,xpoj982dnxv
COU,LAS,6.9,399,dfmkghjoqmp
ANC,VDZ,6.9,235,00BHuhhisv0
SMF,TVC,6.8,342,Lzwkja897bl
IND,PSC,6.8,342,wmhrhkcajln
EYW,SLC,6.8,419,ecbdlqrkotm
EVV,SAN,6.8,372,mllkgrfhogl
CVG,FAR,6.8,287,rrorijbaghq
CHA,SRQ,6.8,319,mhjlfkfikmu
DEN,FLG,6.8,302,hdllqneokhn
MRY,TUS,6.8,276,rjgokmiohhf
ABI,BNA,6.8,312,hghjlognkmp
GPT,SLC,6.8,323,qjkhniliglk
GNV,MSY,6.8,327,fdjfooiujmk
OMA,ROC,6.8,288,vpnrhkdcehn
BTR,ORF,6.8,310,mmjllnedjmp
CID,RIC,6.8,274,orlnimejffm
CVG,SBA,6.8,348,iijmjmcjhuo
HSV,SAV,6.8,313,moolffemnjk
BIL,OMA,6.8,257,oitrljcdjhm
JFK,SDF,6.8,305,lovmem79ctt
FSD,SJU,6.8,337,eg9hjkwqnkp
AVL,SJU,6.8,382,gceejllxrmk
ABQ,ICT,6.8,271,pkrufdcjjhm
DAB,SAT,6.8,340,lhkjjoifgtm
PSP,TYS,6.8,381,hefmmrllkmk
FWA,SMF,6.8,344,snnqifeddkr
EYW,MYR,6.8,307,diksljmlkik
DRO,MSY,6.8,275,ibfnkilujri
FCA,MIA,6.8,415,AECgacbhf7j
AGS,OKC,6.8,340,jkhkfjgfkzo
CRP,DTW,6.8,348,slkkjlehijo
OGG,PSP,6.8,465,jkkfiorjnkf
CHA,XNA,6.8,341,jklrjhdmijo
CLE,MFE,6.8,302,mqkhqkhdgml
CHS,GPT,6.8,285,nhjuhlhihmj
FAT,LIH,6.8,383,wmnlljdgjej
BIL,IAD,6.8,384,tpmffh9cgxq
EGE,STL,6.8,325,hin9coswwbd
ACK,HYA,6.8,103,sCrigfdagkl
PHX,RDD,6.8,291,igg8kojqptl
BHM,GSP,6.8,328,jkqmjgfpkkh
CAE,HOU,6.8,316,qikhihiemqp
LFT,STL,6.8,299,iqqmifefklp
DLH,TPA,6.8,336,offclfplovg
ALB,DSM,6.8,304,wpqofh9efgq
LIH,OKC,6.8,559,rjnncmfghgv
HLN,PDX,6.8,308,kpkhiofhhmp
CKB,MYR,6.8,54,/L00101100I
DRO,SMF,6.8,252,rkpqjkcedjp
AIA,DEN,6.8,77,kknngnejhmm
PIA,TPA,6.8,289,eogfjijnrqi
HRL,SMF,6.8,256,rnmkiokhggh
FAI,IAD,6.8,511,Jzv8bdadkel
HVN,VPS,6.8,85,//000000000
BIL,GGW,6.7,45,lnolliejglm
ABE,SAN,6.7,369,njlognflhmk
CAK,MCI,6.7,279,hlhonohiikm
HOU,SBA,6.7,318,nllnnnfiqfe
JFK,OKC,6.7,320,nilqpyfahhc
BUF,PSP,6.7,381,efgpffhuqon
DAY,ECP,6.7,265,pnpkddclqhp
AVP,JAX,6.7,279,jfjhonfmoin
BIL,TUS,6.7,314,kkdgimhupoi
CLE,GRR,6.7,290,mnqpghgliij
LAN,MSP,6.7,279,mompideghqn
EWR,MGM,6.7,294,migjhnefnqq
JAX,TRI,6.7,292,ojhpljimiji
BTV,TUS,6.7,385,lgiphipjjmk
MSO,OGG,6.7,436,da6cimyuvve
ELP,SGF,6.7,307,gjhoimiimom
DAY,HNL,6.7,674,kllgkliimkm
AEX,DCA,6.7,331,ikhhhljlpmo
LEX,PWM,6.7,297,Btwseab9bfn
CMH,GPT,6.7,292,sokqjickghk
ISP,LAL,6.7,56,//00/000000
CAE,CLT,6.7,319,ihmplkclljo
GEG,GJT,6.7,253,tpiofighhjk
CRP,ORF,6.7,366,mkokmodejhp
RDD,SAN,6.7,308,sqh9iqifknh
ABQ,MSO,6.7,285,uomnejajemn
BTR,OMA,6.7,296,pjiljjdljol
IAD,MLB,6.7,303,okmimgiikmk
BUF,FAT,6.7,355,vzvqeiacbbm
FCA,MKE,6.7,322,tGrcefjhdan
PSC,RDU,6.7,367,spnlijcbkhq
MEM,ROA,6.7,328,jhlrqkcdipm
ORF,PSP,6.7,395,hdeikpqnpng
CLE,LIH,6.7,626,oijefmhkolr
GSP,SGF,6.7,314,pijpoiglein
AVL,TUS,6.7,340,ghhmgmjqloj
CMH,LBB,6.7,323,nkknmjeiikl
LEX,MEM,6.7,337,jmtrifcnili
DLH,DTW,6.7,349,mnromfgffkm
LEX,MKE,6.7,294,npqsgfajgni
LAX,LNK,6.7,323,mlmrmjgggpg
DEN,SLN,6.7,162,nmipklgkeni
SAF,SAN,6.7,280,hiingmkkmok
MLI,PDX,6.7,315,vuvjij9ccfo
PBI,TRI,6.7,308,qkjmjjeijkp
EUG,FAT,6.7,255,nnkpkhfhfkp
SMF,TRI,6.7,392,nkmlhjhhikq
ELP,MSN,6.7,312,jphlisjefhq
CLT,DRO,6.7,302,pqmljndedml
GTF,ORD,6.7,315,xvlkmibdhfj
MSN,TUL,6.7,288,mnrjnjffhni
MLI,MSY,6.7,286,kgjskigohml
ABI,ATL,6.7,332,ilijmpfhmnk
ATW,PNS,6.7,276,lshfab6kBxl
MFE,STL,6.7,282,ggnjiperrii
JAX,LBB,6.7,325,ooljlldjjim
CMH,MOB,6.7,280,tpjmiidjjil
CLT,SHD,6.7,72,Sliqoxm6646
EWR,PSC,6.7,407,nokjjqcdiqi
FAY,STL,6.6,279,mqmmgkagkon
MGM,TPA,6.6,303,mmhhmginmmj
ROC,VPS,6.6,262,gjfphbafwxp
BGR,SDF,6.6,262,xsKEa779a8m
ABE,JAX,6.6,304,nmlkgnejljm
HPN,IAH,6.6,288,ijijhjgjsom
EUG,SBP,6.6,254,ihfsmndjknl
RDU,SCE,6.6,261,kjouihckhnj
DTW,EGE,6.6,363,gfeadqwGs9e
GSO,SJU,6.6,402,mcfjlilpnnl
MHT,SMF,6.6,325,zkwuikaaagh
SAV,STT,6.6,449,u9agejlqlrq
LGA,SBP,6.6,381,ipniiljbeqq
AVP,IAD,6.6,245,lijjonbinok
MAF,PNS,6.6,333,wnkfikdilgo
DCA,LIH,6.6,593,kshegpommfg
DRO,TUL,6.6,276,kjlljqgpldj
BDL,RAP,6.6,321,HKCma7567do
MLU,ORD,6.6,342,tjklkhejgkq
AZO,PHX,6.6,357,ifijgjfrkrn
CID,OKC,6.6,304,ioirhifiiom
PHX,TEX,6.6,307,AAd00jrHE50
CLT,MFR,6.6,365,qtqmghachko
COS,PWM,6.6,298,wGzydb789bi
LFT,MSP,6.6,332,pomkikamgnm
ABQ,MDT,6.6,318,rkpqjh9dmin
MSN,SBA,6.6,337,kogmolejhnj
GJT,TUS,6.6,230,heciolpkjmq
HDN,SAT,6.6,286,fa89av/tv58
KOA,SNA,6.6,348,mxlihifdlse
OAJ,SEA,6.6,396,ruogejhhgkj
LEX,PIT,6.6,301,mlkxlibjfil
SCE,SEA,6.6,420,ukrnekdhckn
BUF,LIT,6.6,297,uuvrjga8fhh
CMI,LAX,6.6,383,ljilomdohmj
PWM,ROC,6.6,251,rxyqeeca9hn
MDT,PHL,6.6,311,qnokkjagkkm
BIS,SAT,6.6,305,lpinekgqhlk
CPX,JRV,6.6,82,ztijhrp0gfi
BFL,MCI,6.6,320,linqkmkhffo
ATL,MVY,6.6,401,Z/k4101121d
BIH,DEN,6.6,217,86810tBNYl2
BUF,CHA,6.6,275,rjppkiaefom
LAX,LYH,6.6,364,kfjnhrddlmt
FLL,GPT,6.6,289,njflnhmlilj
MKE,TLH,6.6,350,mrnijjbklkl
ATW,BDL,6.6,310,wpksjldegdj
BIL,BWI,6.6,365,wsplhjaabis
BTR,MKE,6.6,278,pufgiqeggjo
MIA,RDM,6.6,387,gkdaoooqrme
FCA,OMA,6.6,295,BHticcaceek
BWI,RDM,6.6,384,qmpmemeegkr
LGA,STT,6.5,322,cHDB8f8tee3
GRR,ROC,6.5,294,moooiofhehk
COS,SGF,6.5,268,qsqojikddfh
BRO,DEN,6.5,282,qigjejelujo
MCO,PHF,6.5,234,omgkgnpfhkm
MTJ,SNA,6.5,206,ddbb4ykMEdd
JAN,SNA,6.5,389,pogneiqjhgm
GSP,JAC,6.5,411,vwuj9ehek8q
HDN,HOU,6.5,298,j996hDBwH45
AUS,BMI,6.5,314,ihllmkeeqno
SJU,VPS,6.5,359,gedohvoipjj
CRP,MDW,6.5,281,qjmigkedplr
FSD,ORF,6.5,288,vthlgidajkr
GJT,IAD,6.5,378,gktmgn7bosp
LAS,MBS,6.5,352,njhnnkfiiln
AEX,PHX,6.5,362,ifgjllrkgmo
GSO,JAN,6.5,297,nhhsocdomkk
CMH,ROC,6.5,277,mjrnjhciijp
DLH,MSP,6.5,251,psnjkofhgfi
BZN,FAR,6.5,315,fnolgomndmi
MTJ,RDU,6.5,317,ojdecoiCshc
ALB,BOS,6.5,318,Avqtfb9bcjl
FLL,PSC,6.5,359,gefelotskli
JFK,SGF,6.5,308,nirqkxbdcij
CLT,EWN,6.5,297,nnnrljddiin
LFT,MCI,6.5,281,qjooqidcemm
EVV,PHL,6.5,334,jmknoidjgis
SGU,SMF,6.5,278,lkjtinhgljg
BIL,IND,6.5,320,yntofjbcgfn
DCA,MLU,6.5,321,pjimmkhhkjl
MYR,TYS,6.5,286,vmppci9ghip
LIH,TUS,6.5,500,nhikemhknis
MFE,ONT,6.5,310,klqpjmehkhk
IAD,MTJ,6.5,354,lllibojvqbg
BNA,MRY,6.5,417,lhiynkdigjl
HSV,SRQ,6.5,285,jikikrnmigh
GSO,HNL,6.5,642,mllmhmhgjnk
AVL,PNS,6.5,273,sqqthdbgfjk
JNU,LAX,6.5,397,MIofcbbdc9m
FCA,GRR,6.5,316,AKHk9adcc7c
SYR,VPS,6.5,332,qmfpbdadmwu
MKE,MOB,6.5,264,rlklgheknmi
ABQ,CHA,6.5,306,ojloilciklm
CVG,IND,6.5,443,pjkrjkbihlm
FSD,MKE,6.5,303,nponihglhkg
LBB,MEM,6.5,298,lhxkmhdmeqf
PHX,YUM,6.5,334,gdhmmloqpjh
MKE,MSO,6.5,308,utmljhacjin
GPT,JAX,6.5,282,lnmlejkogkl
GTF,SAN,6.5,304,toknjgehjhl
CAE,PWM,6.5,294,psrske9ifcp
BNA,SCE,6.5,308,knkprfciepk
BIS,SFB,6.5,173,0000000//90
HSV,PIE,6.5,33,00000000//+
MLB,SAN,6.4,398,jllolneikil
FLL,MFR,6.4,377,mjfejimlqlo
LGB,MAF,6.4,242,qmojmocfkhj
ABE,STL,6.4,316,pvrnjgadkij
CHO,SRQ,6.4,312,nceinojnkmn
BOI,GSO,6.4,348,nntnhkeegin
EWR,TRI,6.4,342,mpkkiogfkjm
BTV,SNA,6.4,438,tptmafhhgkk
FNT,LAX,6.4,283,kfjjmscjkis
HRL,LBB,6.4,248,npljghcgivn
GRR,MSO,6.4,284,Azmkhicfcek
CHS,MOB,6.4,346,nkfnlhgmnjk
BZN,GSO,6.4,351,xprfbhhqkci
ALB,LIT,6.4,326,ktqrhiacfkp
SAV,SRQ,6.4,300,kdjkiggoosn
OAK,RSW,6.4,282,d9bfpsrmltl
CVG,HSV,6.4,314,nltkhhdmlki
GRR,MSN,6.4,293,hoolhhjjmjm
HRL,PHL,6.4,280,khgmlpcmnmk
ABQ,SBP,6.4,254,ulirjmgdfkl
ONT,PSP,6.4,0,87bimmktBuf
MCW,ORD,6.4,160,okpqngekhgj
FSD,MEM,6.4,307,ieizwfikhgh
FAR,JAX,6.4,321,imhniljqhkj
CVG,RDM,6.4,332,wqnogibbhmj
DRO,MCI,6.4,250,ljnljlfgmio
MHT,TYS,6.4,284,oqoieddcitt
ATW,GSP,6.4,318,kojlnjdjghs
GJT,IND,6.4,280,nmpqfebbkmu
ATL,GTF,6.4,418,wpjnhgadilp
EVV,MIA,6.4,370,hdbfhmutrhl
GRB,SAV,6.4,301,llionffgkoo
LNK,SAN,6.4,336,oljqimklfei
ABQ,CNM,6.4,90,jhgklnekknq
DCA,MFR,6.4,367,lnpjmkbhmlj
FLL,MSO,6.4,379,sgcjfnlooij
BTV,GRR,6.4,285,yrqvkceadcm
ALB,CHA,6.4,298,pjkrfkdclmp
DSM,MKE,6.4,264,mlmllhdkknl
LEX,TUS,6.4,348,nfikmqfkink
FAY,MIA,6.4,240,hkoimmiking
DSM,STT,6.4,466,i635okxCHfe
ABQ,JAN,6.4,298,ikmsgmchmnl
ALB,GEG,6.4,365,Arvneiccbem
GRR,JAC,6.4,346,qEHj9cfjd8f
RSW,VPS,6.4,301,fifklghnkvo
DRO,OKC,6.4,285,njomdlhkllk
RDM,STS,6.4,158,/x9a7849889
GTF,SMF,6.4,279,tqkpgheefmm
MGM,MSP,6.4,370,pghnlheklmn
HNL,SGF,6.4,695,kohgjlfiolo
DAY,MYR,6.4,225,ljig9dcifg/
BHM,DAY,6.4,282,lnppiggkiki
BUF,CMH,6.4,291,knrqiddikkn
BZN,ROC,6.4,306,yDviafehbck
BET,KKI,6.4,159,jgovsg99fiy
MCI,TRI,6.4,313,tnionj7iimk
PDX,PIA,6.4,316,ttprgkddhgg
CVG,LGB,6.4,304,lijjmka6oyq
ICT,PSP,6.4,345,98agnnsqvol
OKC,XWA,6.4,432,ulnlgjifilj
DCA,RST,6.4,277,ilksmgbljnm
MAF,SHV,6.4,355,pnqljjilieg
ICT,MDT,6.4,290,thimnkfhlik
SGF,TYS,6.3,335,kqppjjbbhql
GSP,SBN,6.3,288,kqmmkjcikim
DAY,MLB,6.3,281,mkqeemgjnok
BWI,FAI,6.3,485,FHnech9cbbs
ANC,COS,6.3,417,rykeijbihlm
FCA,HNL,6.3,517,jhfceqonzig
BIL,GRR,6.3,295,wBolgib7ekj
BDL,FSD,6.3,299,rsonnfcblgk
MEM,MHT,6.3,301,kkmvkkejfgl
BDL,JAN,6.3,346,oilolrddhll
GRR,LGB,6.3,274,Anhnpycd9df
CLE,GNV,6.3,318,rnkpkhcimfl
LAS,YKM,6.3,292,hflqimhknlk
FLL,LFT,6.3,306,oifkkokmikk
MKE,RDM,6.3,292,wwpngha9emk
BIL,PIT,6.3,317,wApkhj7afgo
MSP,SCE,6.3,348,ohiqlidikkr
AMA,SNA,6.3,319,oimjglfiljr
COU,IAH,6.3,343,efglprmgipm
MYR,XNA,6.3,283,zokjhf8lekr
FCA,TUS,6.3,321,riplhinhjhi
MSY,OAJ,6.3,273,kjhlkkjhjlr
AUS,SCE,6.3,335,nnkonjeffll
CID,GSO,6.3,272,qqknjhedgkq
ROC,STT,6.3,408,9c69iksHBmg
JAN,RSW,6.3,341,kghlmkoknii
MSY,SBP,6.3,336,gbesjidolwm
BIS,DTW,6.3,331,rqkkgjqdegm
MGM,SFO,6.3,407,ojjjfgchkwq
CAE,ROC,6.3,258,pnokjiaifmp
BHM,JFK,6.3,361,ndjpBGfabe9
MCI,SBP,6.3,361,kljmolaghsm
BWI,HDN,6.3,316,debbakEKA99
BIL,JAX,6.3,322,qrlnihgefmm
CHA,SJC,6.3,367,tmpshmgafij
CAE,MDT,6.3,314,jfgmmkklmoj
RSW,TRI,6.3,324,oldognhkmkl
BHM,LIT,6.3,326,jknpifenjpk
ILM,TYS,6.3,293,lmxqijdcemk
ELP,LRD,6.3,380,epjmiklmlli
ABE,IND,6.3,346,lmmqfidiklo
CHO,MEM,6.3,310,llhqlmcfjmp
DAY,PVD,6.3,271,lormliahikm
CRP,SMF,6.3,349,qgipnjhhjlj
PVD,RNO,6.3,335,rvrnbicidhm
PVD,ROA,6.3,290,lrsqlgbhhgl
RAP,TUS,6.3,286,llkihihkook
JST,ORD,6.3,184,tnksqj7ggfj
DEN,OAJ,6.3,326,kztlfidcehr
OAJ,STL,6.3,271,onkkelehllq
FLL,MOB,6.3,329,mfknkffplol
ECP,TUS,6.3,332,njimekghskm
GEG,SYR,6.3,366,Buorchf8bhm
CWA,ORD,6.3,312,olloljfgflm
CMI,PHX,6.3,379,hkmlhpgllli
AMA,IND,6.3,322,mhkvpkdeflm
SHV,STL,6.3,286,lpvrhhfdgjk
ELP,ICT,6.3,283,nhglkpifjon
ATL,AZO,6.3,304,jnpofheiinm
SGU,TPA,6.3,330,vhejlmigoik
ATL,MGM,6.3,283,ggkmokflnlo
PNS,SRQ,6.3,281,nhkpikhikmm
GEG,STS,6.3,274,onriildgfko
OMA,PSC,6.3,294,prkohkbggip
BIS,STL,6.3,301,mpmoghfejql
IAD,TRI,6.3,141,77648smpxyL
BFL,BOI,6.3,276,rnmokjjghfh
MFE,OKC,6.3,260,elkmklflkrh
PDX,TRI,6.3,379,nlnrikddhjq
MHT,SEA,6.3,350,vLvk7e986lp
DTW,MHT,6.2,267,nxwnghacffn
GRR,RAP,6.2,269,xuExdd76bdm
ATL,BRO,6.2,274,rhiknpgjhlh
ECP,JFK,6.2,280,ppspch9abnz
CRW,PBI,6.2,292,mmhnjgfmilp
BLI,PDX,6.2,262,dfdcbccbuIM
ONT,PWM,6.2,338,uCxpfd97edn
MRY,SLC,6.2,262,jlgrghjpkkj
ALB,XNA,6.2,311,ontqflacimk
DEN,FMN,6.2,169,hgjnsqngffl
AMA,ONT,6.2,319,lomjkpehkfn
DFW,EWN,6.2,420,mkliliejrkk
CRW,MSP,6.2,336,lvpoekbcenq
MCO,XWA,6.2,352,hmiggofrrof
BTV,MEM,6.2,294,qjoxhkbekdn
BOS,RUT,6.2,94,mmlkieehjqs
CHS,FAR,6.2,309,gChodg9rhmk
FAI,NUL,6.2,325,gjlqmifhrik
FAI,TUS,6.2,442,jijcklnllkr
BOS,PVC,6.2,201,V/Es500000f
DSM,ROC,6.2,288,sjkncndegiy
MAF,VPS,6.2,294,/ygja743kfs
FCA,RSW,6.2,437,zlheboinmig
SAN,SGU,6.2,254,mjfqhflmnll
AVL,DSM,6.2,254,sjspmgaaeno
DAL,KOA,6.2,382,ummgflb8iqv
ILM,SRQ,6.2,290,miijjhdriqn
BIS,CLT,6.2,322,sniqmidbhhr
EVV,FLL,6.2,368,cdalgoAnmnj
CWA,DEN,6.2,311,tqkjdogebpn
CLT,SAF,6.2,374,nmothibffom
LIT,MSN,6.2,324,knoriccjmkn
MBS,TPA,6.2,306,ikelilllpmj
MGM,STL,6.2,298,fmmmijpkkkj
CRP,PDX,6.2,370,lqjmjndeimn
BET,EEK,6.2,197,nikqkffjjln
BNA,MOT,6.2,319,qlrllkijfej
OMA,SHV,6.2,293,pomkfcepjko
PNS,SBN,6.2,247,nokkgldkiom
HTS,MCO,6.2,257,ccpjjklrooi
BFL,PHL,6.2,382,qljmgxegfil
GRB,ORF,6.2,291,wtliigdfhjm
COS,XNA,6.2,262,kmmmokdhgol
LFT,SAT,6.2,291,mmlqnmgdjgl
BGR,GRR,6.2,256,ytJtb6679eu
ICT,OAK,6.2,300,rljrin8bhku
BUF,GRR,6.2,294,pqplmidkejh
LBB,TUL,6.2,284,ijkofglnklo
CAK,MSP,6.2,267,fefplkijjqt
LEX,TUL,6.2,311,jjqqjjegmkk
DAB,PDX,6.2,328,rnnoihhmdgl
CRW,RSW,6.2,294,khenigisojn
CRP,LBB,6.2,313,vikmjiagkol
DEN,LYH,6.2,342,mkinlj9ffsv
FSD,TYS,6.2,303,psfyjfaeejs
LEX,XNA,6.2,343,mflqlfhnjoi
OAK,PVD,6.2,293,rvrmblcbimi
AMA,MDW,6.2,294,rrpjfldhfin
ELP,XNA,6.2,307,okkmikhghlo
SDF,TLH,6.2,346,hgkqlealnnu
BOI,PWM,6.2,392,EABtcd74adi
DLH,PDX,6.2,330,xlmledmdfjs
FSD,MSN,6.2,354,lnihaafhpoD
LGB,SNA,6.2,0,kihpojipkje
MAF,SJU,6.2,354,Cmgcelhcmdx
ACV,SNA,6.2,310,gkfngkiefBo
HPN,JFK,6.2,329,mmmnpuadkfh
KOA,MIA,6.2,659,qlgfhmjmlhn
ATL,LRD,6.2,314,khijingpjlo
JAX,SBA,6.2,383,nghmkrehmlk
HSV,JFK,6.2,302,hhdkqpkijnl
FAR,PSP,6.2,337,869ekizxBwa
BFL,GEG,6.2,271,ginvojgjhik
GPT,OKC,6.1,271,mpgmlhdmmqf
MGM,ORF,6.1,287,plghllgihpl
BFI,PDX,6.1,371,ji4kkkljmny
FAY,SDF,6.1,264,trlc8ffnmrn
MOT,SLC,6.1,346,qsniiiebjir
CID,IAD,6.1,374,kemqhgeglmw
CHS,OAK,6.1,298,phivglcjknj
MHT,TUS,6.1,339,umllbednfoq
DTW,MTJ,6.1,306,oljjcflqvdk
CHA,COS,6.1,295,wlnqlibceoi
CLT,CRP,6.1,366,oimphkhijnj
CAE,DSM,6.1,272,qrrmieebhlp
RIC,SBN,6.1,290,omhlnodglmg
FCA,MEM,6.1,377,Korg8pjhh8e
CPR,SEA,6.1,303,uvnmiiddjfh
GSO,HSV,6.1,288,okqohjcjjmj
DCA,LNK,6.1,323,kehmmifpplk
CAK,PNS,6.1,235,zoongfehgjg
PHX,YKM,6.1,318,ffgjhnmttkf
EUG,LGA,6.1,374,qqjigjfaimv
GEG,RAP,6.1,275,tmqqiifdeil
JFK,MRY,6.1,393,psjmlsbdgjj
BWI,MFE,6.1,308,gegnerhfnxn
CRP,PNS,6.1,286,oqhmihcjllo
BOI,RDM,6.1,299,nmmjjlkmgij
CVG,TVC,6.1,303,MEtpaa999eh
HRL,TUL,6.1,211,plhmljfmihm
BDL,GNV,6.1,343,mljnjlcmkmk
EYW,TUL,6.1,334,ohaogmoejkv
FCA,JFK,6.1,429,yAqhggaibfn
DEN,RST,6.1,271,mosndjkgfjm
FAY,VPS,6.1,267,lovbeallkpo
ABE,MSP,6.1,381,tmpnnlccehl
HDN,IND,6.1,287,g9da9vwKx9c
CLT,MTJ,6.1,302,nkff8ljDtfg
BTR,ONT,6.1,319,rngignhlijl
HNL,PBI,6.1,1055,kgcelsnkljq
CHA,TUS,6.1,348,fhgonokignq
CRP,MEM,6.1,306,nrmmlmbhjij
JNU,ORD,6.1,429,SJkeaa678gu
HPN,MVY,6.1,743,//pf700000e
DLH,SEA,6.1,384,prulhffgfhl
CID,MFE,6.1,276,767ebknCBtt
JNU,KAE,6.1,249,rsnoeaihgkm
EGE,SEA,6.1,328,ccgb6ztHucd
OKC,SFB,6.1,57,/y00000000I
ANC,PSG,6.1,366,prkmicdjfpn
BGR,SAV,6.1,282,qpqmfd7lgnq
CMH,IND,6.1,305,klnnigbkkrm
GJT,RDU,6.1,337,qnmlmh8dipq
ATW,STL,6.1,310,injniefjkpr
BOI,SRQ,6.1,348,qeeicnfrrnl
COU,SAN,6.1,377,gcokkxehlip
AVL,BOI,6.1,348,olsnhjagdop
BWI,MLI,6.1,276,nqnnhmdgfgq
ALB,PSP,6.1,411,gcbokonvnih
CMH,MLB,6.1,314,kgjmjmjkpjj
LAN,LAX,6.1,356,okggfmdijqw
BOS,ISP,6.1,283,HHuldda48ap
DRO,DTW,6.1,303,trqrgfdfhgi
BET,KOT,6.1,449,kgilgckgqpt
ILM,TUS,6.0,335,khgjmnfnomj
LEX,LIT,6.0,326,inkoiidkpmk
AMA,VPS,6.0,312,Pllnac68dgC
AVL,VPS,6.0,190,/Egddc68ccc
JAX,PIA,6.0,253,moenklgljmj
MOB,OKC,6.0,282,rgmlkhhggmq
MFE,TUS,6.0,277,ielhjlpmnik
CHS,MLI,6.0,249,zngojj8eemp
MIA,SBP,6.0,401,kdcgnpkrnlk
ILM,STT,6.0,455,da4fnmmqnvu
LGA,RST,6.0,308,oulkjiilchl
DFW,HOT,6.0,123,ohgiljghnls
LWS,PHX,6.0,327,hfnkhohtnfj
GPT,IAD,6.0,310,kjjihejnkrn
JAC,SDF,6.0,357,vxvm8dfkdcn
DAY,ELP,6.0,320,lkhekodrkok
FSD,SJC,6.0,336,phqjoragfjm
FAY,LGA,6.0,232,nsotgeiijgg
AVL,SJC,6.0,362,uljljkdgjjn
IND,MTJ,6.0,262,qktm8nhombi
BGR,RSW,6.0,314,uwrgddhgkij
GSP,ISP,6.0,247,mnjolndceiw
AGS,RSW,6.0,333,gefiglippxj
COU,SFO,6.0,384,hhjlmneilqo
BMI,RSW,6.0,359,ddacfmkrBtm
BIS,RDU,6.0,301,xomvohc9cel
HIB,MSP,6.0,119,psihfojlfij
LAX,MOT,6.0,303,oohmkldnbjq
BTV,PNS,6.0,296,korofgeicqm
GPT,PDX,6.0,337,oppkenbgiol
GUM,SFO,6.0,1515,oldheseelvo
BWI,FWA,6.0,286,opoojkaegnl
FSD,RNO,6.0,312,untkjdgdeip
CAK,IAH,6.0,333,knomijjljig
FAT,GSP,6.0,366,sokmhlbeiis
CHA,MDT,6.0,340,ilmqkiciooi
MOT,PHX,6.0,359,rklqkjidggm
BDL,FCA,6.0,387,KHxiac8ca7m
RNO,SYR,6.0,394,tuqideceftl
DTW,STX,6.0,435,gc79ilqAJhc
BHM,CHO,6.0,329,khmqoiflhlj
AVL,TUL,6.0,261,srhyljcedgh
FAT,SJU,6.0,404,mpiajnljpki
DRO,STL,6.0,277,snlogjffhhq
BIL,TUL,6.0,286,qqkofghhgjp
ASE,RDU,6.0,462,ghif9nxJz73
OKC,STT,6.0,488,Df7cehfnonv
AVL,MSN,6.0,270,oqprne8cinm
EGE,MCI,6.0,341,nonfchsrtbb
ABI,SEA,6.0,373,lqmhineekhs
CRW,SAN,6.0,382,ujjoclfkikl
AGS,MKE,6.0,322,mrnnnjb9inl
BUF,ROC,6.0,254,rqsokiabhhn
PDX,STT,6.0,504,na66nmquwog
BOI,LBB,6.0,356,kjmikniejnn
ERI,RSW,6.0,304,hbefnmqroni
LAN,ORD,6.0,307,jnmmgjhknkk
AGS,PVD,6.0,265,splnnhfeekl
MSP,RHI,6.0,163,qokncgijijr
MCI,MGM,6.0,317,iijflpgllnn
EGE,PIT,6.0,357,ecdacnzBK98
FSD,RIC,6.0,314,umkrjpdicdn
RNO,SBP,6.0,273,cfeielgpnsx
LAN,TPA,6.0,260,onfhhjgmlnm
COS,ROC,6.0,274,yvonhkcaden
FAR,IAD,6.0,345,mpmihm9egsr
BZN,SRQ,6.0,380,jjefdpltwmd
ITO,SLC,5.9,444,ifgmdgnkqtl
BZN,MFR,5.9,232,nsvqng8gcfl
CHA,TUL,5.9,316,komolibjhmn
BDL,FWA,5.9,327,mllmijeihjs
FWA,GSP,5.9,314,hjoleijkmol
COS,MSN,5.9,276,ttsliheeahn
HOU,LIH,5.9,404,rlhggibdvgw
GRB,SJU,5.9,356,dbacgmAFnkg
ABQ,AGS,5.9,426,mlmgdfelsmq
BZN,ECP,5.9,329,tjigiggeppo
ANC,GSP,5.9,560,IInedf79far
BUR,PVD,5.9,300,swluhva98if
MTJ,PIT,5.9,279,lljmcjjvt9j
BOI,MDT,5.9,387,kmoqhkikfkj
LIT,MYR,5.9,283,usmnie9dhkq
HHH,SAV,5.9,0,twms8548dDv
BUR,MAF,5.9,273,wtnkimaiieg
LEX,SDF,5.9,0,fgnvjjeegvm
CHS,GRB,5.9,302,nrdnom8gjok
OKC,RAP,5.9,278,spljaidijqn
LBB,OMA,5.9,306,inpolgedoin
GNV,IAD,5.9,309,gnhmmphfflr
LYH,PHX,5.9,392,hdjkjnhloop
ORF,SBN,5.9,268,ophqmnefggm
GRB,IAD,5.9,322,wmvlic9igjm
MYR,PBG,5.9,49,//000000000
FAI,PIT,5.9,447,LHqagea9bap
JFK,MHT,5.9,117,//510101010
IND,LFT,5.9,299,tgmkniajhok
SAT,SGU,5.9,288,hkholjhjmmm
HOU,LEX,5.9,304,jjlqolainjl
DRO,IND,5.9,293,rmpudgeehgq
BHM,BTV,5.9,318,sspwbiaiegk
RDM,RNO,5.9,299,ronkfmfilgj
JFK,MYR,5.9,242,hwspfdfaehz
ABE,MIA,5.9,288,enfjtkmuifg
ACY,MIA,5.9,131,4/Z96876567
MQT,PHX,5.9,345,njjkiiglpoh
COS,GSO,5.9,303,tlnodkeggjn
GSP,VPS,5.9,255,rsqlga7ijpo
MCI,MRY,5.9,390,kklpmggfkis
ATL,GLH,5.9,103,000ohwhtsvF
ABQ,RAP,5.9,271,qolncfgkglq
JAN,JFK,5.9,369,omlloyebehh
LGA,MLU,5.9,349,kgfnkyhgmhk
MRY,MSP,5.9,384,ksglglimilj
LIH,MDW,5.9,464,lfbilpmiyke
MOT,SAT,5.9,328,qqiffkfljlp
ABQ,BTR,5.9,279,pgfljmerepm
BZN,LIT,5.9,301,Anuoclcigai
HPN,MCI,5.9,338,trrlglcdgjk
CMI,LGA,5.9,313,gjkspgehjrj
OME,UNK,5.9,310,lBsjkdhegii
JAX,LFT,5.9,310,jnkojiemhok
AVL,ROC,5.9,269,upnqiccehlm
CLT,CRW,5.9,323,ikonljeknli
ECP,ROC,5.9,286,glghgddfvDo
ABE,SAT,5.9,350,mkimoofhimh
GNV,MEM,5.9,372,ihhnAkdmgjj
AMA,BWI,5.9,308,kiionocawjk
PSP,SGF,5.9,355,gagkhqlpnqk
CVG,MFE,5.9,292,ekmgqpekink
BHM,ROA,5.9,330,hlmpnidmilk
ECP,MDT,5.9,281,smmjknchgjm
AUS,CMI,5.9,311,elntokdgljk
OGG,RSW,5.9,892,aaahgpqooDi
BOS,EVV,5.9,332,rqtuila9fhj
CMH,LFT,5.9,306,rklrhgchjjo
ATL,DHN,5.9,265,jipmijklhkm
ORF,TLH,5.9,344,lljnjjekjmo
DSM,LGB,5.9,243,upjigkdjikm
BIL,MIA,5.9,390,iggegquwrh9
BOI,ECP,5.9,339,gghkkfehnpD
SAF,SMF,5.9,282,mpflfjjkgoo
IAD,TLH,5.9,389,nhjmplfneqh
ABQ,RDM,5.9,278,pimxdfgfhpm
ABQ,SHV,5.9,259,jqfekjggsuh
LSE,ORD,5.9,284,ihomgfilknq
BET,KWT,5.9,142,egjwwh9bdny
MCO,SAF,5.9,369,vimkkjhilhh
BQN,SJU,5.9,0,ns8ekogosig
LFT,ORF,5.9,296,oinpfjcmioj
SJC,VPS,5.9,357,rpmljqcfenf
PSP,TUS,5.9,292,bcakrnnvnmh
BUR,SRQ,5.9,311,ig9gtslnpjg
EYW,GSO,5.9,308,kngmgimmmim
ANC,YAK,5.9,321,musjibciflp
IAH,SLN,5.9,223,jgepnsillle
LRD,SAN,5.8,302,moioiofkfim
SYR,XNA,5.8,313,knsskfchgjm
CAE,TUL,5.8,300,iolmkiaolin
MGM,SLC,5.8,395,hhfhflkhlvt
GPT,OMA,5.8,262,nnopkghddht
ICT,OGG,5.8,559,xffafjqloir
ANC,BUF,5.8,537,UUlcad468bl
GSP,JAN,5.8,322,jmknjjiijkm
FWA,OKC,5.8,308,knpijiflfmo
COS,SYR,5.8,299,zsqpgeecfig
ATL,VLD,5.8,253,milqmoeghmi
CAE,JAN,5.8,339,hllkjllklli
BWI,IDA,5.8,406,nsmnffegmio
GEG,SRQ,5.8,372,nhfijlfnpml
MSN,VPS,5.8,302,khbmhebmtqv
DCA,LCH,5.8,319,piilgmpggml
CMI,SEA,5.8,331,qtkqheeddjt
MAF,XWA,5.8,481,njpnkefkkjm
OAK,SJU,5.8,341,Eyh7gphdgob
MCO,MQT,5.8,320,9cddejkyCoo
MSO,OMA,5.8,264,xxilgjadher
MDT,VPS,5.8,310,ouiikhfkjkk
MHT,PNS,5.8,320,nmjljkdjfqn
LIH,PIT,5.8,587,pomdeenfqkn
CID,FAT,5.8,316,ppiplheifjl
BQN,RDU,5.8,221,8fnidgrxmmm
DEN,RIW,5.8,222,pgijknijimm
CVG,MFR,5.8,313,wrllejabgmq
AZO,DCA,5.8,265,lonkigbjqjo
DAB,SMF,5.8,341,ikkliljnpkg
DEN,RKS,5.8,211,hjljiphinll
BOI,ROC,5.8,383,xttrim889eo
BDL,GRB,5.8,335,onpqikbhgim
ABQ,FSD,5.8,268,rhmsjlbdjnk
SGF,SRQ,5.8,334,liiijihnmkp
ELP,EUG,5.8,289,pgemlse9kpq
LBB,PIT,5.8,349,mngmnndhfrk
LBB,PNS,5.8,309,Cjkgfh9ehhD
HSV,TUL,5.8,291,kkmmrjgkjjg
CMH,PIT,5.8,336,pmpnjkbilhj
MCI,MLB,5.8,335,qinmhigjeno
EUG,MDW,5.8,257,qprhio9dhtf
MSO,PSP,5.8,294,cadfjqmtxpg
SFO,STS,5.8,204,mmgjnkfilip
BDL,MLB,5.8,266,jnpkdkkjnji
BMI,DCA,5.8,295,kjsgigbhumo
CID,IND,5.8,281,moomigejimm
EUG,MSN,5.8,347,rlhKhhcdehj
GFK,MCO,5.8,396,hehlrhnyrea
HRL,SFO,5.8,266,kkiljuflgin
CWA,LAX,5.8,363,zrniflcifkg
BOS,SGU,5.8,434,jmoslff8fvm
SAF,TPA,5.8,357,jkjkmohhklk
DFW,JNU,5.8,487,GEhecd68ajC
DAB,MEM,5.8,320,lpmkljdghkp
FLG,PHL,5.8,393,pgnpmgcbfrt
CVG,HPN,5.8,249,pllrhofggmg
AGS,BDL,5.8,342,jknniheeiun
BDL,MSO,5.8,346,JDnideadafl
BUR,LBB,5.8,293,qpkkomcfmgi
PSC,PSP,5.8,305,99cliqxpwle
AVL,GEG,5.8,330,pumqigbdgkn
LGB,ORF,5.8,288,yxqplu9d4cd
EYW,GSP,5.8,339,qhgeokjlkpi
BNA,OAJ,5.8,294,pnpohl9hlij
BUR,HSV,5.8,408,olommkagink
BTV,OMA,5.8,294,CjuEfe7dadk
PWM,RNO,5.8,425,zBBpgba989m
MRY,STL,5.8,381,mlmnllfmhfk
BHM,EGE,5.8,418,ac666sAUO56
ABE,SEA,5.7,372,ovviciccglq
BZN,TVC,5.7,327,AEolcjihd9c
DTW,HDN,5.7,305,a9f86qKNx98
COS,SHV,5.7,260,xmqmcl9jeml
AMA,DTW,5.7,357,prjnehefklp
MYR,SGF,5.7,281,pspkeeeghqm
ECP,ONT,5.7,368,ujglhlddknq
DRO,PIT,5.7,286,tnntjfddegp
LAN,PHX,5.7,327,plillhdkkpj
FAR,SDF,5.7,311,jktsecbiguo
HPN,STL,5.7,258,npkmilgcomj
BOS,JNU,5.7,500,LHmeae789fw
EWN,SAN,5.7,444,krefekkmroh
RNO,SRQ,5.7,362,cgegipourmf
DSM,EUG,5.7,335,zngjljj9djq
LIH,SBP,5.7,443,pbbhbhoroly
BZN,ELP,5.7,248,tpphgjdhijm
BIL,OGG,5.7,504,gcefjnsCuce
RSW,SBA,5.7,419,jgdflnimqsk
CHS,FAT,5.7,382,pipkgmafkop
GJT,OMA,5.7,234,hnloknefenq
GRB,RIC,5.7,310,wnrnnibcfkh
JAC,TYS,5.7,410,wvym8diek9k
LEX,STL,5.7,319,kjomhjgjpil
DRO,IAD,5.7,376,qmnpmoedifi
KOA,MSY,5.7,577,xbgjdmgrcns
BDL,OGG,5.7,696,msfkginkgoi
HSV,PWM,5.7,301,pxszgg8abfm
BGR,BHM,5.7,314,yvAuab97bct
AVP,MCI,5.7,343,mkiqjlaelop
BHM,STT,5.7,495,xaa9clljBiu
ABE,SAV,5.7,282,ymmoigcfgmj
MCI,OMA,5.7,350,lqtrjh8efko
PSP,SAV,5.7,434,aahgiijwApi
IAD,SAF,5.7,463,mpjgfnjhmlm
ELP,LEX,5.7,339,jjhopljfgjr
OAK,SAV,5.7,289,wbgkpo6ckvn
COS,EUG,5.7,267,wuqhfmbggfj
ORD,UIN,5.7,66,bcdbpBoklkr
BNA,MLU,5.7,311,lmtmjjghjjg
GEG,VPS,5.7,345,pgipigajprk
ORF,SBA,5.7,420,okpkgjfhjmm
CHA,SYR,5.7,280,roovhkfaejj
CVG,GPT,5.7,294,popmjeehkhn
OAJ,ORD,5.7,291,lpsmjlgaemo
COS,MDT,5.7,312,onumfgbjhjn
IDA,PHL,5.7,394,rwsjcehefhq
ALB,ELP,5.7,344,rmmqkqcehjf
CMH,PSC,5.7,387,ujkingefilp
ABQ,FAR,5.7,304,lntsfgfjgik
BTR,MAF,5.7,364,njlokkfkmkh
ROA,SMF,5.7,380,osnlipccfmi
FLL,MTJ,5.7,360,feaicsqBqji
IAD,LEX,5.7,310,llnrjgggkhn
AGS,SMF,5.7,409,mikpolgfhnk
DLH,SAN,5.7,354,olmokecmgkq
FAT,SAV,5.7,383,qhllfmfdkpp
SFB,SHV,5.7,59,/v00000000E
BFL,TUL,5.7,323,hmippoledfp
ASE,SAT,5.7,368,ulkhgvkjy85
RNO,ROC,5.7,327,Bypkefajchh
ELP,TUS,5.7,315,gkfiiikmopn
BOI,SBN,5.7,412,hek/cc8echh
MIA,MSO,5.7,405,ljefejswjkh
ATW,IAD,5.7,312,ojnkojfhkim
ILM,MDT,5.7,288,lorrnicgggk
PVD,SGF,5.7,324,ppophicdekr
LFT,OKC,5.7,293,pnlonfegikk
LNK,PDX,5.7,325,rppljoeefhk
ANC,XNA,5.7,508,Lutehe8dgbn
AUS,BIS,5.7,299,mtjmlhaeipn
DLG,TOG,5.7,214,rnlniihgmkf
JNU,WRG,5.7,268,tokrfgakglm
COU,LGA,5.7,343,9bfhlnhhquz
CID,TYS,5.7,276,qptpjfccfnk
ISP,MDW,5.7,262,xytpgk669gq
ASE,STL,5.7,377,xsojakoqo75
IAH,OAJ,5.7,324,sljnikdhmik
HNL,MFE,5.7,465,plgnekdjokq
LNS,PIT,5.7,97,kjkrpkbejnm
MEM,TRI,5.7,315,pjkjgiclksm
MKE,SGF,5.6,278,kmtngecggtl
CLE,RDM,5.6,357,qrsjjlcghfk
BRO,DTW,5.6,340,jjiiflhsrjj
CLE,MGM,5.6,282,wpiojfgecpl
EVV,SEA,5.6,398,Gwmmajaabet
IAD,MFE,5.6,378,jmkilmhhiom
MLB,SDF,5.6,298,mignimkkimm
CVG,FAI,5.6,432,BIqc9mbbfan
SAV,SHV,5.6,290,pklomiehjnj
SEA,YUM,5.6,431,nigjipmomif
GEG,PBI,5.6,441,pkedjqjoofl
LAN,LGA,5.6,225,mpmongeigil
MFE,PIT,5.6,305,hkfpokmjjmi
CHA,RNO,5.6,383,okloggfinlm
DAB,GRR,5.6,316,hmfeklbttnk
MLI,PIT,5.6,294,nmmshfdfmln
LIT,PIE,5.6,44,/P00000000Z
AUS,COU,5.6,355,ifiprlcjknn
BOI,PVD,5.6,363,Dswlgk4abhm
COS,CRP,5.6,289,uniljjbemjn
HSV,RNO,5.6,390,lkgemgilrnm
ACV,ONT,5.6,305,cehxpjlmlkg
EYW,JFK,5.6,316,nuyrfd9ibli
GRB,PBI,5.6,332,lkiimjhkolk
CMH,RDM,5.6,343,yopnlgafgdo
MEM,OGG,5.6,679,pffhfnhcmiF
GEG,HSV,5.6,351,ztmoehiedhg
BIS,SMF,5.6,300,vonnnh9cfjn
LGA,MBS,5.6,292,vnqjljddbet
HRL,PIT,5.6,248,eihpnnjinlk
MKE,ROA,5.6,277,mrksmnblfei
GRB,OMA,5.6,329,omlmojhgilh
AGS,CVG,5.6,322,kppojf9lmmk
BDL,EWR,5.6,393,mnqmkjbdjmm
ATT,BET,5.6,146,fgnytfefmeo
BDL,CHO,5.6,308,fispmhfhlkl
KOA,MSN,5.6,545,hdbjnqvrza8
CID,GSP,5.6,269,mknofhgiino
PIA,RSW,5.6,335,bhhhgflDthm
ATW,TYS,5.6,305,olopjfchikp
KOA,MDW,5.6,428,knjfkphjpem
ELM,PHX,5.6,409,mklnhofkglm
FAI,IND,5.6,444,CEsfdg9afcp
ANC,SGF,5.6,547,Qzpefg97cem
DAB,MSN,5.6,349,cicgclsDtig
ANC,SJU,5.6,605,Ajhgeojhgln
RDU,SAF,5.6,367,mnqsgicfiin
SBA,TUL,5.6,322,llkoojhiiik
BMI,SAN,5.6,322,nlkkgjdknlp
ELP,FAY,5.6,370,qrldffjojkm
IND,SBP,5.6,364,lmnshlacctr
BNA,MOB,5.6,352,sljnglbllfn
ISP,SAT,5.6,284,nkkrryd9efh
ORF,RDU,5.6,287,rmsphfcikgj
BFL,CLT,5.6,368,sjitmmiggam
BOI,STS,5.6,278,inhohlfgklt
ANC,FSD,5.6,516,KCllbia8cbo
MLI,SAV,5.6,245,pkrmkibdglq
HOU,KOA,5.6,386,tkmohkkfmal
FLL,MGM,5.6,301,jiillrigmlk
MLI,SNA,5.6,350,qrqphhgjdfl
GEG,MDT,5.6,350,urqqeeagejo
DCA,MHK,5.6,316,nkfjgockois
FAR,ONT,5.6,317,tqgipjhhfjj
GRR,SGF,5.6,307,nrstjkbcdjk
BHM,HDN,5.6,384,93659TBuT45
FAR,GRR,5.6,313,qsomhlcjajm
DTW,OAJ,5.6,303,rqnkijfcfon
HNL,LUP,5.6,80,hjhfhidffCB
LNK,SLC,5.6,297,rnnoljigfhh
BIL,FLL,5.6,390,hhdhgmrtpkj
EVV,MSP,5.6,371,poyphfdgfhh
FAY,FLL,5.6,238,nrjklniihhh
BDL,STX,5.6,363,hiabdjsEwjd
PNS,STT,5.6,397,sfcbiibhsux
BET,FAI,5.6,390,jjcoohfonko
BNA,DAY,5.6,277,jlroihfsdij
GNV,JFK,5.6,297,vrkogreebii
LGA,RDM,5.6,441,lvkkhncfjio
DTW,SAF,5.6,361,kkmqeifhkoq
AGS,PDX,5.6,422,sonnjjdffmi
BNA,CHA,5.6,375,ynCmb97eeks
SAT,XWA,5.6,392,ormhkljeglj
MFE,OMA,5.6,287,hhjjfnommhp
HNL,IDA,5.6,447,fnefiepluqi
EWR,PIA,5.6,295,pllphnegfok
DEN,ITO,5.6,456,kjhkgnkmihu
TUS,TVC,5.6,337,xqllhckqfci
MFR,MKE,5.6,295,yxvndi87ggk
AVP,SLC,5.6,354,oljifkekpol
BNA,STX,5.6,348,wgb9hmoqvic
CAK,SAT,5.6,304,mniqkjkifil
BMI,DEN,5.5,287,xqihegcgmlq
MLB,ORD,5.5,369,knoekmfimjm
ELP,GRK,5.5,448,qmmb9hknpqk
CHA,IAD,5.5,383,kgloggclrmq
LEX,SJC,5.5,389,uoklhlehjen
MIA,SAF,5.5,409,pggjfrjlpik
LGA,MRY,5.5,417,jnussjl9adl
GJT,MSY,5.5,306,fceshmfrmmo
BOI,JNU,5.5,338,FDogceaddgk
MLI,SMF,5.5,327,oqtngledhgl
BUF,SGF,5.5,285,rqtljla9him
LIT,PSP,5.5,356,ccfjflnyuij
LAS,MTJ,5.5,256,fclmkmgtplh
EWR,MLB,5.5,285,nppiljgjglh
BLI,SMF,5.5,316,nmkmhidbfuu
CRW,SEA,5.5,409,wznned6gbjr
LGB,SAV,5.5,297,yhelfmahloo
BIL,RSW,5.5,383,efbffnjutpp
CRW,SFO,5.5,403,yhprfnahgih
AZO,LGA,5.5,250,rrjkfiegliq
BTR,XNA,5.5,311,iiltveekflj
GJT,MKE,5.5,267,fisthibboon
ABQ,IDA,5.5,324,npqjjheejip
JFK,MSO,5.5,404,sqinllbeckq
MAF,TYS,5.5,351,mmmhijcinpl
CVG,SHV,5.5,313,mmlpjk9ihnn
AVP,MSY,5.5,310,idqnojeipmk
IDA,SJC,5.5,333,topjdkjjajm
EWR,FNT,5.5,84,//833324434
AVP,SAV,5.5,283,jggkkmdhnou
MSY,SHV,5.5,311,njqkjlflgkj
KVL,OTZ,5.5,218,imjllkfjmml
IAN,OTZ,5.5,217,pkqhiiidlmo
CID,MDT,5.5,314,imnyfhcgngo
CVG,GNV,5.5,343,nkjtjidjjpg
SAV,TVC,5.5,287,vqqph9arhif
PIT,RDM,5.5,350,sprqimdcchk
ELP,PSP,5.5,285,hdfjljjnmwj
ECP,ICT,5.5,298,sokkegf9mjw
MFR,OKC,5.5,307,qlnpjd9chnv
ELP,PVD,5.5,356,qookkqddbio
LYH,ORD,5.5,276,jgcdga79iPO
BHM,CID,5.5,289,gnnpghghgvk
BUR,CID,5.5,313,imimslgjhki
AZA,LAS,5.5,52,/p000000/00
AGS,HNL,5.5,716,lnocgghhhrt
ATW,PBI,5.5,297,libkgigwxle
DTW,LRD,5.5,338,mjsklndifkl
MQT,MSP,5.5,205,monqmnghcfj
KOA,PSC,5.5,398,jlbhlixlqie
FLL,GJT,5.5,356,hejgqnnpjjj
CAE,SJC,5.5,368,xjomjhgeihm
AVL,XNA,5.5,283,jhnwhiaghqr
BHM,HPN,5.5,318,kmmpopggifi
MHT,RIC,5.5,259,ypriii8ejjl
DSM,LIT,5.5,277,tqprfhbigji
PDX,SAF,5.5,292,jjpmilgconl
DAB,IAH,5.5,362,hmijjiijlnq
DCA,GRK,5.5,425,mjlkdmehpis
MLI,PBI,5.5,275,mmgigjkmnjo
ELP,MDT,5.5,373,hkmmindljkp
SMF,TLH,5.5,414,hmojnkjjfkm
JAX,SAV,5.5,479,ikjjjhcjruk
DAB,MCO,5.5,0,di9dglpAlsk
ATL,LAN,5.5,321,solnimghggj
DEN,LBF,5.5,152,sornkjbghgi
BWI,MFR,5.5,364,upnqgl9dgjl
HLN,SAN,5.5,304,opohlffhlin
CLE,MLB,5.5,340,tjjkkndnkhh
HNL,MDT,5.5,787,klglglgpfqn
JFK,LEX,5.5,311,hhpliyfeijk
ANC,BHM,5.5,591,NFqbbc98bbv
ECP,GEG,5.5,342,vjljeechlvl
FAI,MSY,5.5,445,rmdegFkgfem
IDA,PIT,5.5,374,rxujfhbbidr
FLL,KOA,5.5,625,sjhiimkmlfk
BDL,BTR,5.5,320,pmmqji9hlho
MHT,SFO,5.5,379,wtqkegaffmk
BMI,SNA,5.5,377,rlnmdioilgh
BRO,SEA,5.5,355,psjiqjdlfji
FLL,OAJ,5.5,245,kmniimfipmg
FLL,SBA,5.5,451,degfnnnpnqj
PBI,TTN,5.5,115,001313113/1
LBB,LIT,5.4,275,jvpnhf8ifwg
ACK,ATL,5.4,435,//ta221122p
MBS,SAN,5.4,355,sfnlgimgljl
MSO,RSW,5.4,409,ugecemfkntn
CAE,MSN,5.4,301,hommlgdjiqm
HRL,ONT,5.4,245,pngjllfmfjn
MLB,SAT,5.4,353,okmgkmgghno
BET,WWT,5.4,249,uhllfbfjokr
STT,TYS,5.4,472,jaaebopwolu
JAC,OKC,5.4,354,Axthghfcd9n
ATL,MHK,5.4,352,qlefgmhimrm
CRW,MCI,5.4,320,okmqlkbfhmm
MIA,SCE,5.4,345,hkgmigkrogo
BWI,GRK,5.4,462,jhmijjkuhep
AMA,OMA,5.4,326,mlmrklghgjj
OAK,ROC,5.4,287,Kvgkkq86egh
DAB,DAY,5.4,281,rfimkffnlpi
GTF,SAT,5.4,330,nghfknhknlq
DEN,OTH,5.4,314,NCKr86633ap
BDL,FAR,5.4,312,xqlpji9gfen
AEX,BNA,5.4,288,jljpficgosn
COS,HRL,5.4,213,vkjohncjgjj
EYW,LIT,5.4,355,qjdnfjmjikr
CHO,MKE,5.4,276,tjvlkgcgfim
IPL,LAX,5.4,112,lhjmonejmkk
FNT,PHX,5.4,299,qhwiijflekk
BWI,PSC,5.4,416,prhlilcfjht
GNV,SDF,5.4,318,phmmlihnhli
LBB,SDF,5.4,319,metqmcfmfnk
LEX,SYR,5.4,310,mnqpfgeifkq
BFL,EWR,5.4,383,rlnoopbdflg
BFL,DTW,5.4,340,mylmolebblk
LAX,MVY,5.4,608,//o72111226
PSC,TYS,5.4,498,npoohgbeimo
CMI,DEN,5.4,343,ominpdafnnp
JAX,MFE,5.4,285,ighojnmimmj
HPN,PNS,5.4,318,uwkkemdbjlg
HNL,LBB,5.4,548,vedehukfhjs
BQN,ORD,5.4,282,rqkkdlhdihs
GRR,IND,5.4,288,mlqphgfnkfi
GSP,PSP,5.4,378,98bjlmozvqg
JAX,OGG,5.4,828,lbcfjjlmpqt
FLG,ORD,5.4,356,qlnmjkdfkjm
MSY,STX,5.4,328,vk9dhogjpti
BOS,COU,5.4,317,bbimkmdmhww
FOD,ORD,5.4,154,tpjfjqacpkj
FSD,PBI,5.4,302,jjpnlpgmhgh
MIA,MRY,5.4,501,iocflrnkfqj
ILM,LEX,5.4,293,rinxkdbhapm
FCA,JAC,5.4,447,YXT7233422m
DEN,STX,5.4,431,ib9eelstCmg
BET,TLT,5.4,182,dlmmniehkmt
GNV,PDX,5.4,403,rpgoogdeklk
MOT,SEA,5.4,365,Ayohjkbcbem
AMA,ELP,5.4,294,ioslmhfilmg
HPN,MSN,5.4,286,lqgssfbejjn
ANC,RAP,5.4,516,Msmhcg89bjt
LAS,LWS,5.4,316,fdaimpssslc
KOA,LGA,5.4,569,fxaaduvnipa
DEN,LRD,5.4,292,jhlfnoqkjkh
GPT,MIA,5.4,307,lhdmmklljok
BLI,SFO,5.4,307,tlmlcjldgom
SHV,SNA,5.4,333,vqllgiekbnl
MSY,PIA,5.4,284,eafpwjjklol
AGS,IAD,5.4,352,fwkfdlhjmlp
ATL,SAF,5.4,302,plohfmikjkj
PSP,SYR,5.4,428,eiekmjistki
HRL,JAX,5.4,244,hlkmjngklgo
GSP,STT,5.4,422,qd9acgosmmB
BZN,COS,5.4,254,lomogjgkikl
GAM,OME,5.4,347,nnrjghcjeor
HDN,JAX,5.4,333,76776xNEHe7
BZN,CHA,5.4,371,opsrcjehien
AZO,TPA,5.4,294,egahjolumtg
CHS,LGB,5.4,271,rjmjnjeiitc
IAD,TVC,5.4,347,QIgide6b9em
ANC,BLI,5.4,410,ookpho9fgmn
RDU,SBP,5.4,402,niimgkajnso
ACV,ORD,5.4,372,xppshg9eclm
ANC,FAR,5.4,505,EDmggh9b8fr
MEM,TLH,5.4,360,ljnpmhbmkmi
SEA,YAK,5.3,307,zT+a63225mi
AEX,RDU,5.3,271,nkxjijeeiip
FAY,ORD,5.3,318,mhmgjmekomm
DCA,EVV,5.3,323,lklnhjbhrko
BZN,ICT,5.3,243,Dvkihhdchhj
DSM,LIH,5.3,569,kbhfbqvxqdi
BGR,GSO,5.3,240,yxAyfd69abk
DEN,FAY,5.3,348,mojoikakgno
EVV,SFO,5.3,412,siqrfhdcimn
BGR,PDX,5.3,369,yHxp8da79en
MOT,TPA,5.3,341,qmgbkkknklk
EVV,RDU,5.3,340,omkonmbiemk
FAR,MEM,5.3,313,mlqpnfdgiho
LBB,SJC,5.3,316,hnjlfogmjmm
IDA,RDU,5.3,390,tsrheiedkjm
FBS,LKE,5.3,201,QXEi40006er
JNU,SFO,5.3,391,RInc9f67bil
GPT,SAV,5.3,279,ljotlghienk
DAY,PWM,5.3,271,Brtufbcbbdn
GPT,SDF,5.3,291,wnflidbnmjn
LCH,PHX,5.3,327,iffnnmflool
BHM,ILM,5.3,367,mlkvgkeniig
BNA,LRD,5.3,265,pgcjjsdqjqh
ABQ,MRY,5.3,287,qplueofdjek
LGB,PVD,5.3,241,wupwnp55bfe
CHA,DSM,5.3,303,lmjtlgdckrk
AVL,ORF,5.3,263,oprqjjeggih
BGR,PNS,5.3,302,ztjncf8gdnq
BTR,RSW,5.3,309,lkmimfhllkm
PSC,SJC,5.3,297,itjijigoghq
HYA,PHL,5.3,260,//320000011
CWA,SEA,5.3,368,sskilqdefji
CAE,PNS,5.3,307,jklmhigiils
MSP,STX,5.3,461,ca37bnsMIlc
GRR,SBA,5.3,360,wminimccmli
BZN,XNA,5.3,293,sqqgekhgiil
BNA,GTF,5.3,438,nejgihChejp
LIH,PSC,5.3,446,nhejpqrmiic
BUF,OGG,5.3,595,ioikeegtgwk
ATL,PVU,5.3,221,njeijnflkjs
CMI,ORD,5.3,269,gljslggflpm
ATW,RIC,5.3,298,opqrliacgjn
AEX,DEN,5.3,311,likjgpkoeml
BMI,LAX,5.3,385,ljjgjrdjhpp
AZO,SFO,5.3,338,qoilimaahjz
BWI,DRO,5.3,336,phokjijhimm
LIH,TUL,5.3,582,rboifoiimbv
IDA,TYS,5.3,474,lpnrmkaedis
AMA,ECP,5.3,293,Islede45hgI
GPT,PVD,5.3,311,kkmngjchnqm
CPR,PDX,5.3,278,qljjknkiegp
GEG,GSO,5.3,346,wonqgcaddvk
HRL,SJU,5.3,354,Ftodhiccjjg
BGR,MKE,5.3,265,oHHs8b8f7ao
OAK,SMF,5.3,341,mllohjfjjnl
LEX,MSN,5.3,307,llprkjaggom
BHM,CAE,5.3,362,hgmpjglnlki
FLG,SFO,5.3,305,mlnqjpc9foq
GSO,MDT,5.3,281,mltspgdbkjg
ATW,ORF,5.3,255,qltjjj9gfmp
MLB,MSP,5.3,329,ikdhfjrspji
MDT,PWM,5.3,292,utxsida8fji
MGM,MIA,5.3,310,hdiolngkknp
GRR,JAN,5.3,327,qrltjeejdfl
JAC,SJC,5.3,287,ipxlfadhbeI
AVP,CHS,5.3,271,qjigokbdhup
LGA,OAJ,5.3,254,lxonfegifjm
LAN,SFO,5.3,355,opjljjcijol
FAR,SAV,5.3,294,knkolcdjprg
MLU,MSP,5.3,443,fknnhlfjjsk
ASE,RSW,5.3,517,aebfgurCIc4
PSM,SRQ,5.3,52,400//000000
DRO,RDU,5.3,333,vmjkhofhiij
STL,TRI,5.3,296,onroihdifik
LFT,SNA,5.3,354,tmemjiimghm
PWM,ROA,5.3,289,rsAtla8dbgl
CLT,HRL,5.3,251,opjloncfhog
BHM,DAB,5.3,309,khorkhhkhoh
BOS,LNK,5.3,375,jkqnriagfon
BIS,MSY,5.3,324,jelmjkdmjxj
ALB,STT,5.3,435,b986fesIxAh
ATW,BOI,5.3,347,pmmoikfngii
JAX,OAJ,5.3,265,miqlhifkgon
BMI,SEA,5.3,324,Aupjekc9blm
LCH,ORD,5.3,314,lnlkilblipl
BHM,PSP,5.3,431,e9ckmnjwxlh
FAR,OKC,5.2,329,unnkkgeiemk
FCA,OKC,5.2,341,xtun9m8gfgi
MBS,SEA,5.2,372,Curmegdd9fn
SBP,STL,5.2,378,ljhqgjcgjrt
MBS,SFO,5.2,430,uklnlgghjhl
OME,WBB,5.2,316,kjqifjkgnko
MOB,OMA,5.2,287,rqgnihfkfrg
MFE,TUL,5.2,263,iilnnghnllk
COS,KOA,5.2,392,rejlhkiopkg
ORD,TBN,5.2,89,Jjddeqqhdei
FSD,OKC,5.2,334,kkpphjfgllm
PHL,SGU,5.2,397,chlsmkfdjrp
ALB,LGB,5.2,282,Hskprn67gcd
FWA,TUS,5.2,345,ocmnlhftkjh
CLE,GJT,5.2,303,optsik7acmq
BRO,LAS,5.2,310,jipikkfkkjq
MYR,TUS,5.2,347,poligjbiljq
OKC,SBN,5.2,304,jihtlnemeln
CID,COS,5.2,251,lqmrciilggo
HRL,PDX,5.2,250,vqjkjkcihhl
HDN,MIA,5.2,381,ek98bDnzCf8
CHS,PIA,5.2,246,uklhhldhkip
EVV,JAX,5.2,321,kgnljmennim
FWA,MEM,5.2,295,mskmfeeolim
IAD,LGB,5.2,270,lgcdhmfmvsn
LGB,TUS,5.2,216,cfpsflihmno
CAE,ICT,5.2,307,kmiphlejmlm
FWA,ORF,5.2,279,roiqfldikhm
KOA,TUL,5.2,526,qahhfehtrju
CHS,GSP,5.2,287,jiinmk9kpsh
BOI,GTF,5.2,303,olpkekgggoo
CHO,PNS,5.2,287,plqjhicijlq
FAT,RDM,5.2,252,purngkbhdkh
DEN,RHI,5.2,311,UHknceda84i
DAY,HSV,5.2,316,gluhdhdloqk
CLE,EGE,5.2,347,jjg86unBE8d
BUR,OGG,5.2,337,Cwdkmidbigj
KTS,OME,5.2,201,gehlkiklqnp
PNS,ROA,5.2,297,qfnlhfailrp
AVP,MSP,5.2,324,tnpqjf9dgmo
CRP,ICT,5.2,301,ohnmkhhjiok
CMI,SAN,5.2,356,iekphnckmtl
AUS,EVV,5.2,339,flnpjlaglno
AUS,SUN,5.2,402,pnlfcklsvbe
BQN,LAX,5.2,326,rrldfnogijh
LAS,SUN,5.2,336,ngimdrnplgg
GJT,OKC,5.2,270,qijklmckhht
CID,SDF,5.2,283,kjjrjecrkhp
CRP,ONT,5.2,333,klljjofijmn
JAX,MSO,5.2,361,Fnkhdhbimhn
ASE,BWI,5.2,459,qrmgdonqra6
JAX,MYR,5.2,278,lmjklidjlpk
HRL,MEM,5.2,217,snkokicligk
ABQ,BIL,5.2,280,smgnkkefnil
MSP,PIA,5.2,267,mioqgnjjflh
CHA,MEM,5.2,352,hmkqnkekfoj
AGS,ORF,5.2,292,srlmgjahkni
HDN,MKE,5.2,252,bhdc7mJOoa8
MYR,SJC,5.2,350,zsnifi9bgql
CLE,LFT,5.2,304,oknmliammik
DAY,EYW,5.2,327,ebegnsouuhf
RAP,RNO,5.2,291,pnqmjhifjjg
JNU,SAN,5.2,382,DCjfehceffo
BOS,MHT,5.2,372,trmtjlbdhfj
CWA,SAN,5.2,341,rnnkhmffkji
BWI,PIA,5.2,258,nonoioafmfn
RDM,SBP,5.2,277,kplklmegkjl
JFK,LIT,5.2,323,klmhtzfadhl
BOS,OAJ,5.2,274,lqiikihlmlj
AVP,SAT,5.2,356,mjhikofimom
LBB,TUS,5.2,304,bhghokqntmf
MVY,PHL,5.2,340,//h72121124
ILM,TUL,5.2,277,nlkoircggko
SJU,TLH,5.2,381,lhghnnlkppd
HHH,STL,5.2,280,Crnod988dur
BHM,LEX,5.2,363,qglombhmhmn
PIT,STX,5.2,322,gi7hfkoqEld
DEN,HHH,5.2,279,njhdhl9cjCw
MLI,PNS,5.2,265,rmqieggkhip
MDW,TLH,5.2,352,qjekmqcjkni
BHM,SBN,5.2,357,kkpojkdjklj
BHM,LBB,5.2,328,ginpqifihri
MSN,MSO,5.2,295,zAmjdfdfbdt
CID,MYR,5.2,229,AElgia7akoh
CHS,LBB,5.2,326,ugmmnlacglp
LIT,SYR,5.2,331,umjqjmbhgcp
LFT,SMF,5.2,338,lmkhnlkkhlj
CRW,PHL,5.2,351,gprxigchjki
CVG,MOB,5.2,312,qploihfjljf
KTN,PHX,5.2,426,HNlahi68hdj
ECP,RSW,5.2,336,nfikiiikojq
CLT,SGU,5.2,353,ijjrekelmol
AVL,RNO,5.2,368,umnkgeglier
FAI,OKC,5.1,429,vtlgijdhlel
DCA,MBS,5.1,276,lnqjllakipf
ORD,PLN,5.1,270,//A2312211i
SHV,TYS,5.1,313,pkguokdffqi
FWA,PNS,5.1,268,qmpiefaekpv
PHX,SVC,5.1,129,ngipkhgiklp
MTJ,PDX,5.1,267,tmnkeifshcm
BDL,TRI,5.1,306,ppinlhfignj
ORF,PIE,5.1,36,/w000000000
BNA,LCH,5.1,295,gfhwjtajipl
EGE,IND,5.1,338,bghd7Evyv9c
CHA,MSN,5.1,315,rqqojicgdkj
EVV,SLC,5.1,380,ugomimfiigm
FSD,GSP,5.1,312,pljynhhdhgi
MLB,SYR,5.1,300,fghhlhqsrki
HPN,SMF,5.1,342,mmmmjkfcooi
OAK,RIC,5.1,290,ljlxdjaappo
HSV,MHT,5.1,335,knnnilchjln
BWI,GSO,5.1,384,mltqkcchjkm
DLH,PHL,5.1,341,ntsijfeefln
DFW,MQT,5.1,321,qsdiiqgmhfl
ANC,GJT,5.1,497,Aynkgfbgcfo
ICT,JFK,5.1,329,tnnwfsiacee
ELP,JAN,5.1,322,mnlohmckhll
HDN,LAS,5.1,298,cdfffjsvHjb
CHS,SBA,5.1,449,pllokmbffsj
BLI,SLC,5.1,303,rommgkhfgin
EYW,LEX,5.1,354,igjeljmvkhl
LRD,PHX,5.1,329,lkpqfifejnn
MKE,RAP,5.1,279,wtridedoefl
JAN,TUL,5.1,307,lppnefeoimj
AMA,SFO,5.1,384,pqqkhheijil
AUS,OAJ,5.1,298,tlnihochgnl
MCO,MHK,5.1,346,mcgijqlplkm
JAN,TYS,5.1,340,jjlmilenmmj
DEN,GCC,5.1,264,nooonkonn29
BUF,ICT,5.1,299,rrosqh99bjn
AGS,COS,5.1,340,knlohkehlnk
MUE,OGG,5.1,82,lqlkjionefi
FCA,PSP,5.1,344,gfgkgponqng
DCA,LRD,5.1,321,pfgejpbhnnw
BIL,BUR,5.1,297,Amipihfcgjl
PNS,RAP,5.1,298,tnhlcaaiqpu
OKC,RDM,5.1,302,sjlpflfghkp
GNV,MKE,5.1,336,mmkmfmdiimr
PDX,YUM,5.1,405,hefnuqmhljf
MCI,OAJ,5.1,284,vtnlfl9agko
EUG,GRR,5.1,353,uppkfldbini
BFL,IND,5.1,319,vkkrkmidfej
FAR,RNO,5.1,349,mnqnjecdjpn
COS,ICT,5.1,237,orrnfjeffkm
ROA,SNA,5.1,420,iokjjngklmk
JAN,MSN,5.1,341,irpihfqthff
CVG,EGE,5.1,346,agd75wAGzbd
CLE,FAI,5.1,437,KOw76h88d9n
PHX,TWF,5.1,350,kfkkgmmuohg
BGR,ILM,5.1,251,yGtlec5adil
ABQ,MFE,5.1,278,benonhgmppk
ANC,DSM,5.1,492,PFjdcge88as
GSO,RNO,5.1,378,qmljggihjjs
ALB,DAY,5.1,296,ipnvkhbegjq
BOI,GJT,5.1,268,pnjogpfifkk
GUC,ORD,5.1,320,fiea8mpOB9c
BZN,FCA,5.1,486,/XC9454645m
COS,ILM,5.1,307,pmrohjcfhpi
FNT,MSP,5.1,222,fflqlilmcpo
CMI,LAS,5.1,382,hmnkkkdgims
AEX,LAS,5.1,406,ggigfokjnmx
OAJ,PNS,5.1,273,klknkhbjlkr
FAI,KOA,5.1,458,7969jASrA88
LBB,MSN,5.1,408,hilhehhJknb
BMI,LGA,5.1,308,plmlgjcilmn
FAT,ONT,5.1,289,lhltmhfilik
BWI,MRY,5.1,444,piulkjbclnl
ORF,TVC,5.1,273,Expheebhbgm
LNK,SMF,5.1,316,opqsegddikm
ABE,BOS,5.1,197,kpkqllfikig
BET,MLL,5.1,249,ikqpjcfgnno
BUR,ROC,5.1,289,ossmjBdd9dd
BOS,MBS,5.1,317,oosmlieefhn
DLH,SLC,5.1,382,qkhgcghoqmo
LIH,SBA,5.1,497,pvjkika9tio
LBB,MKE,5.1,299,vnkinkchgdq
BDL,MOB,5.1,321,uqjidihenph
CPR,LAX,5.1,267,mnijmhgqkii
ALB,HSV,5.1,291,rsjlikdefhr
CLD,MMH,5.1,318,9c009lKFJB0
IDA,OMA,5.1,305,qkhnekelikq
SLC,TWF,5.1,200,hkhfgghlouq
BUR,GSP,5.1,357,plijfmgelpo
ATL,SUN,5.1,467,wnhi9iotqbd
HSV,ICT,5.1,301,lsongicgkkm
BOI,HSV,5.1,388,tpsmihc9jio
LIT,OKC,5.1,329,ilmlmhflmlk
BOS,LEB,5.1,87,qneigiholoj
CID,EYW,5.1,305,b9eegmJvipf
ALB,SGF,5.1,338,uunmihbcihm
AVP,STL,5.1,318,kqmojecjnkk
BFF,DEN,5.1,114,lkknisfmank
IND,SDF,5.1,447,tlkojgbmimi
ECP,GSP,5.1,285,qzskeaahghr
ABQ,SAF,5.1,0,pkluhhbkkkm
BIL,CLE,5.1,322,Bqqmej8eafs
BOS,LYH,5.1,285,ihmkpkcgllr
ISP,MKE,5.1,222,AGnwik677aj
AVL,CVG,5.1,278,nwpokhcggdl
ECP,GSO,5.1,266,nlooob7hkqm
PVD,TLH,5.1,339,nnlojpahgio
COS,GPT,5.1,286,qonldogiiki
ATW,MDT,5.1,329,llpqljbifni
HNL,MAF,5.1,507,Eijffkebnew
BTV,OKC,5.1,347,rmsDdhaffhi
BRW,FAI,5.0,404,uqmmleedgln
IDA,MIA,5.0,385,bh9dlmvzlmi
ELP,OGG,5.0,462,Gihpcfccqfq
MSY,SAF,5.0,340,felrioikkmk
HNL,MYR,5.0,658,qcikjrlhilm
AVP,IND,5.0,353,hlsjqiagnjo
HHH,PHX,5.0,388,pifijfagfxy
MGM,RIC,5.0,301,qmkhllfnjhj
LFT,PDX,5.0,336,mpnnkobhcni
GRR,LIH,5.0,630,a8iiltoEhmf
BHM,SGF,5.0,337,mnmlhfdhhqr
HPN,SNA,5.0,417,owrqiggjgag
MFR,PIT,5.0,334,sqoqgfa7dou
MGM,PIT,5.0,286,mqlnhggdjlp
FAT,GSO,5.0,347,xskrfldfggh
DEN,MQT,5.0,292,tvqlhjaidgk
ILM,RDU,5.0,348,wthmee9ellq
FCA,SDF,5.0,363,HIyj7k9da9d
AZO,SAN,5.0,326,pjirkghghmn
BMI,TPA,5.0,316,ikgefjgpqtl
BGR,MEM,5.0,297,BqADbf588el
OMA,ROA,5.0,285,pjonjiddfop
HSV,ROC,5.0,252,qnmolkbkfkk
AUS,STS,5.0,394,mlemjdddizs
ECP,SGF,5.0,300,llomrj9igko
KOA,MSO,5.0,406,ab9egnwDyo9
ECP,SJC,5.0,374,sghkpfadjtq
JAN,TUS,5.0,344,jdilpjllkok
COS,LEX,5.0,295,lrqpmh9ejgn
DAY,DSM,5.0,284,qloplighhkg
DRO,TUS,5.0,254,kjkjhgnrlli
RAP,SDF,5.0,284,Bruqd98adiu
ASE,MCI,5.0,351,znnjfqjlp68
FAT,RSW,5.0,381,jgidkohpomm
CMH,GJT,5.0,290,nnjqgfdbgnz
ABI,DCA,5.0,390,nhnjpkdgmio
EVV,PBI,5.0,340,ncgkgofrrhm
CID,VPS,5.0,303,logmp88olnq
GRR,TLH,5.0,349,phlilj9iqno
BTV,RNO,5.0,426,pvtrhicidal
ONT,TRI,5.0,379,kjghlpgnimm
MGM,OKC,5.0,269,krmjngcejrl
CMH,MFR,5.0,320,ztolfc9fglo
MVY,ORD,5.0,444,//h72101019
BRO,EWR,5.0,369,qwhlilehkfk
HPN,PDX,5.0,351,mrjrlgdgmkh
ABQ,ILM,5.0,366,ojkpgjbngmo
GRB,GSP,5.0,347,tkomkjffell
BWI,SBP,5.0,383,kfgthnceiqu
IDA,ONT,5.0,304,oshnejgeikr
OKC,ROA,5.0,320,pmimkocfiml
AUS,MBS,5.0,296,llhkkjhnlkl
FNT,IAH,5.0,273,kmelfhgjnpr
CHO,PWM,5.0,300,uzumhib7gdl
CMH,FAI,5.0,442,MLnabh96e8q
AZO,DEN,5.0,279,rtphegcifkq
AEX,SEA,5.0,390,wnlfemegiis
DAB,SLC,5.0,440,fkjjheitlrk
KOA,SBP,5.0,424,xcdefhmlrkq
ICT,MYR,5.0,298,xsqjhe9dcns
DSM,KOA,5.0,562,jcgd9oyuwdh
DCA,TRI,5.0,320,mnvpfibgkik
LIH,MSO,5.0,444,5aadcqACwu9
CLE,MDT,5.0,296,jmmuekfjjkk
AEX,LAX,5.0,363,higiinlkjqo
SAF,SEA,5.0,328,ifoseihlqjn
GRB,SDF,5.0,320,kkqshgekikk
HOU,MSN,5.0,284,eiiovoekfkm
FSM,LAS,5.0,393,khmpilhiljl
MKE,SHV,5.0,294,nmpphhedfqn
CAE,XNA,5.0,306,jggskigqnkj
CVG,PSC,5.0,343,slnkkk8dlmn
DAY,ICT,5.0,284,tgmhoidgoni
SAF,SNA,5.0,284,mipkdjihmnn
GJT,RSW,5.0,344,gdfgnqqljmo
MIA,MOB,5.0,342,mlhhidikorm
CAE,DAY,5.0,275,johmomehiml
BWI,EGE,5.0,391,hdc9bsCzxad
RAP,TYS,5.0,298,twtpica9cln
ASE,CLE,5.0,441,hsld8sysu83
BIS,PHL,5.0,325,Bumqhhd8egj
BQN,PHL,5.0,195,kued9irlcqu
COS,JAN,5.0,312,wjkmklchign
CHS,LFT,5.0,314,qiilmhbmkpj
MDT,SBN,5.0,347,dlTjgefhgjg
OKC,PSC,5.0,326,mmkiflfinks
BFL,MSP,5.0,360,slntikfdbgq
AVL,BTR,5.0,296,nomnjh8gjlq
ISP,MCI,5.0,289,wuqngz8a9dh
GEG,MAF,5.0,358,vmhieujkggi
HLN,SMF,5.0,273,rjrkegdnjkm
ABE,CHS,5.0,290,ojnoindikik
FWA,OMA,5.0,297,jjtnnidgkjn
BDL,TVC,5.0,318,twBqdi9a9fk
ASE,PDX,5.0,352,ruombkiprb4
MAF,SDF,5.0,345,rnrnlj9bkni
AVL,RDU,5.0,327,plpqmh9gjkk
GNV,RIC,5.0,329,shhnkjeljkm
MBS,SAT,4.9,289,rfmomkfeiok
DCA,MTJ,4.9,347,qqic8kmuvce
COU,SAT,4.9,350,gggpphhklql
DCA,DHN,4.9,400,oihjgpcptkh
MLU,TPA,4.9,330,ofkffqiljnn
DTW,PLN,4.9,292,Exylcf98a6w
BFL,BOS,4.9,385,pklrmne9hgp
ALB,JAC,4.9,417,txBj7bftj4i
BTV,DSM,4.9,279,vqBxff8aaao
BIS,BWI,4.9,309,Bpgmhdc7lpq
IDA,IND,4.9,366,nkpvjncfehk
BWI,GJT,4.9,352,hknsmi7bqon
LAS,VLD,4.9,478,ihihhjkrqmj
ILM,XNA,4.9,284,vlkokmaddlq
MAF,RSW,4.9,368,ojhgkvghkhn
CHO,OMA,4.9,300,rlmqlgddjkm
MOB,SDF,4.9,303,prrlhfdjlhj
ROC,TUL,4.9,324,onlmnldggjl
CLT,LWB,4.9,74,/ihjirk6498
MLB,STL,4.9,339,ookmiohfjhk
DFW,HLN,4.9,343,pkjhfjgqkpi
CHS,MYR,4.9,302,sqindf8hplr
IAH,LNK,4.9,346,jlnlhhjioim
MOB,SNA,4.9,346,qmknlkfkelj
RIC,SBA,4.9,407,niorghdblms
AVL,LIT,4.9,294,somrnbafjkm
HLN,MSP,4.9,346,mkmiiokffom
BFL,DCA,4.9,397,giqlkmhhems
IAD,LFT,4.9,335,nognjggkjln
AKI,BET,4.9,149,sejvwd9bgit
DSM,LEX,4.9,314,rlrrecbefpr
EAT,LAS,4.9,294,hg0tmljqvil
MHT,PDX,4.9,322,CJxr8a358fr
DAY,SYR,4.9,276,oqsgegfglln
BIS,EWR,4.9,351,xxpqgj87gil
RIC,TVC,4.9,300,LFoifc899do
ILM,LIT,4.9,290,pniqrkbehjk
AUS,SHV,4.9,301,kmklglfjlnm
FAT,MFE,4.9,357,pkfrjpfemil
AEX,ORD,4.9,346,niqkhjejgkr
CRP,SNA,4.9,363,lkmljmifgno
FAY,IND,4.9,278,qmjkehejkpp
JAC,MKE,4.9,344,rAsk9ddqlcf
BOI,CHA,4.9,374,thjmijflinj
AVL,HNL,4.9,670,kfjjiljgonq
EYW,TLH,4.9,324,mpmndjcshhl
AGS,HOU,4.9,368,klolqneghli
PBI,SHV,4.9,302,ljhgordojlk
FNT,MCO,4.9,250,ekgfjglpupj
CHA,HNL,4.9,782,lkhjconcplr
BHM,FSD,4.9,331,lfjFuhbieje
FSM,MCO,4.9,346,ibpiipmpqgg
GSP,SHV,4.9,333,ppimmkbfhpl
JAC,RNO,4.9,336,surj7lmoj8f
GRB,PNS,4.9,296,rhgghebhGqi
BOS,CMI,4.9,347,lkomqiaggmo
FLG,LAX,4.9,295,lpdpqlbihpj
CAK,MEM,4.9,272,onnljngkhjg
GRR,MLB,4.9,354,gfhjkmhuoog
CLE,SYR,4.9,305,klsqgifjilj
FLL,MBS,4.9,312,ddakrjrsqik
GRB,HNL,4.9,688,heikfjnswmc
BUF,HHH,4.9,266,ltknc64alIt
GSO,TLH,4.9,329,elorhjdlonh
GUF,TYS,4.9,35,/N00000000X
ABE,MSY,4.9,314,jghslnfkhmn
MFR,OMA,4.9,296,omjnkjcdhkw
LNK,SNA,4.9,293,lihpceefctG
PIA,SMF,4.9,325,tskmmffeggo
SAF,STL,4.9,317,ommomgdefoo
ELM,SFO,4.9,424,tommijjhelg
AGN,JNU,4.9,305,zupjk3geclp
BZN,SBP,4.9,264,ipcqfleorgm
EWR,SGU,4.9,401,lpmnilhdlng
GRR,JFK,4.9,262,notlpqhfeag
FWA,RIC,4.9,289,pmkdgtghllk
GJT,RNO,4.9,267,qtpncilhajk
BIS,SFO,4.9,327,yrugkg9fbhn
RNO,VPS,4.9,375,kmiphkcimmo
GRB,IND,4.9,300,jnpoleeohik
BUF,CID,4.9,262,rtylgfabkgj
BOS,EWN,4.9,270,oropfmhbdfp
BFL,MSY,4.9,343,nbfunkqhlig
IAD,MLI,4.9,290,kolqmocegho
PSP,PVD,4.9,424,669lnqlxzrd
ACT,DEN,4.9,278,prlkfngejhn
GJT,GRR,4.9,274,ksqlhhadior
ABI,LAX,4.9,365,qhcfgj8jrry
BGR,OMA,4.9,286,FvND85449aj
MCG,MRI,4.9,253,uyLjad9egbh
ATW,TUS,4.9,326,ijhkjnrsgig
BIL,CMH,4.9,317,Cuwekd88gfq
MRY,OKC,4.9,405,lnosjefjcol
MLB,OKC,4.9,363,ljjfimihkor
FAI,SCC,4.8,472,sooggiellmf
CHO,CLE,4.8,256,nnpskjfffkg
BIS,BOI,4.8,285,rqolnkdfcjk
IDA,MSY,4.8,345,hhfjglifvoq
BNA,SAF,4.8,330,kkpijkajmoo
ACV,EWR,4.8,439,rvrniea9hln
DCA,DRO,4.8,373,tqljel8ijir
MBS,RSW,4.8,322,ah9fpnssqpe
MFE,RSW,4.8,268,celootkqjfh
GSP,JFK,4.8,278,lmpjrrdgidj
MFR,SMF,4.8,298,npomgohheki
MGM,SMF,4.8,397,qiggifiojoq
DAB,GSO,4.8,285,rjjpggeknlj
LGA,LNK,4.8,349,flnhrnoighl
BUR,SGF,4.8,365,mjnknmhjjkg
DRO,MIA,4.8,339,gifijprsndi
CHA,GEG,4.8,350,nkkmrlafgnn
AGS,ONT,4.8,373,mmglooehglo
OME,SMK,4.8,314,jnpmiihengq
MCO,MLB,4.8,0,fffjjokromk
HOU,HSV,4.8,293,orsmembfgkk
BRO,PHX,4.8,298,sjkfjfhlmko
HNL,LEX,4.8,841,silkhpbcinr
BIL,SJC,4.8,320,soonnjedefp
LIH,MIA,4.8,633,siffitgfkfv
ATL,CAK,4.8,283,hrijjmejljo
DTW,MLI,4.8,297,jmplikffikq
FAI,RNO,4.8,404,ptkiglhgmen
DTW,SGU,4.8,389,hnrmicceqsl
BHM,FCA,4.8,414,ECx95lnadbf
FCA,OGG,4.8,503,bbckfioCxlg
SGU,STL,4.8,313,hdotkfahmrq
PIA,SAV,4.8,237,oqlphgeikjl
ABQ,HPN,4.8,325,tmmtgk8clli
EWN,PHX,4.8,383,seeolikimmi
MLU,SEA,4.8,365,ppllik9ejkr
FCA,TYS,4.8,377,DJBha9c5ecl
BGM,DTW,4.8,242,vvrtvsd600o
MLU,SFO,4.8,354,yhjkhmbckmp
TLH,TYS,4.8,329,ilogvdhqfim
BDL,GPT,4.8,297,spokelelefp
ATL,CWA,4.8,385,vliiklghfkm
CID,OGG,4.8,619,ha8gmhJAifg
AZO,PHL,4.8,289,pmmqihbkkmj
MEM,RAP,4.8,282,tpqqef9fbpq
BOS,CWA,4.8,330,smuqhkaedgn
CHS,RAP,4.8,292,Atpmkf788np
AUS,LNK,4.8,316,slhinehkljn
ABY,ATL,4.8,214,ljimmohfmkj
AVL,RIC,4.8,293,lrnogidioij
BGR,MYR,4.8,248,eorpdd7bmDp
AZO,LAS,4.8,342,jhqloebgpqk
EUG,ICT,4.8,270,ykmnio8cges
RST,SLC,4.8,328,nhdfkilmqnm
CAK,MIA,4.8,315,frkmonkjgjf
AMA,EWR,4.8,372,pjtrjnfgcfj
ATW,OKC,4.8,312,jlllkihkhno
BOI,MYR,4.8,357,xokled7jqkl
BLV,TYS,4.8,31,//000000000
CMI,MCO,4.8,359,eggkmmprfjo
FWA,ONT,4.8,361,stomjldeghi
GNV,TYS,4.8,334,moflxhfigki
BQN,DCA,4.8,288,fibghqwmles
CVG,DAY,4.8,0,kolpkidikmk
ATW,TUL,4.8,325,lmkjjfhiiqo
AMA,CRP,4.8,327,ukjriecjjoi
IND,SGU,4.8,313,qhplgcegnnq
BZN,CID,4.8,287,vyulcgdjfai
MEM,SBN,4.8,293,llrqndbkhlk
ATW,HNL,4.8,619,jeghflptzib
MRY,YUM,4.8,346,glbpslppici
ORF,SFB,4.8,44,//000000000
GEG,LBB,4.8,326,Arikhmcdhfo
CID,PWM,4.8,279,zCxvi9866en
DEN,HYS,4.8,162,knkjkniheom
CID,ELP,4.8,281,hioolnejiip
CHO,GRR,4.8,291,mputjfdeeho
IND,STX,4.8,367,lc6bhopztog
ICT,PVD,4.8,328,purmln87jhl
LYH,TPA,4.8,322,hjhlmlghnqm
AGS,MEM,4.8,323,mnnmimcfish
DRO,ONT,4.8,237,oolpijikfjh
LBB,RNO,4.8,304,ykjnijekigj
FLL,SCE,4.8,372,gkbjnlhpiqo
JAX,STX,4.8,417,ph6elurmjik
RIC,SFB,4.8,66,0000X/50000
MIA,OAJ,4.7,271,krmlnkkdjjh
LAS,RST,4.7,316,mkkngmfelwf
GTR,MCO,4.7,353,jdpihgponkl
GJT,SJC,4.7,268,pmlkkfbikno
MBS,SLC,4.7,350,jmynjfdedpo
CPR,SAT,4.7,325,ikhinmfjnkp
MCO,TLH,4.7,329,gjonkkjrigj
CMH,MGM,4.7,302,jljrhghkfoo
BTR,CAE,4.7,333,hfjnmjfpohn
BTV,CAE,4.7,280,nmnmgicnklk
EYW,XNA,4.7,351,mjilgiloojj
LKE,RCE,4.7,204,//u7200019k
ELM,LAX,4.7,414,sljhjkdgmfu
BTR,GSO,4.7,313,mfhpki8ljwm
LCH,LGA,4.7,300,lgoipmhkcql
GUM,LAS,4.7,1315,jenhjthfhnr
CHA,ROC,4.7,273,ponpidddlok
JAC,PWM,4.7,449,tFFn8bcgj3i
GTF,MCI,4.7,338,xlinnh6genp
BOS,FLG,4.7,396,sitrekaaern
BTR,MEM,4.7,310,joumiifkijj
HNL,JAN,4.7,670,ngjmhogimhs
AEX,LGA,4.7,358,tidghtkfjlm
BMI,IAH,4.7,312,kheimmbbusr
CHS,FCA,4.7,449,Itrfdejif9h
JAC,TUS,4.7,319,mngkjipnnei
ORF,RAP,4.7,316,Gwuhbi78eer
CRP,MKE,4.7,314,qohjelhpoek
MRY,RDU,4.7,463,odggoocklsn
ELP,SBA,4.7,265,mpllilgelin
MYR,RNO,4.7,372,squiccgcipn
AUS,RST,4.7,297,fiiggnnmkls
MHT,VPS,4.7,304,ppusejaiflh
DAB,OMA,4.7,330,phrfclesgri
ATW,MYR,4.7,257,qrllb98ekzt
DLH,RDU,4.7,307,plskhibhhlp
LGB,MIA,4.7,277,leadnqojrqg
ABE,PNS,4.7,325,pibinqgeolp
LAS,SFB,4.7,62,01000000///
MHK,SAN,4.7,281,lekojqhjmgl
CAK,DEN,4.7,317,ilkngjgjllo
BIS,IND,4.7,297,uytofib8bdp
BHM,FWA,4.7,314,lrrjhdgmglj
AVL,COS,4.7,303,lpqmjehfjgq
DAY,LIT,4.7,296,ioqpkgenkel
DAB,MSY,4.7,331,ohjodkhshog
KOA,SBA,4.7,484,xmdhejhhqjo
PBI,SBY,4.7,395,mqgiiiihnpi
ANC,WRG,4.7,434,umlmhiffilm
BUR,FSD,4.7,320,pmlhfkhlgnn
DEN,LAR,4.7,134,ljjkkwjndgi
ATL,GFK,4.7,408,qlptmiemfcg
DSM,TUL,4.7,295,lmrlhhelkni
CID,MEM,4.7,278,qhpqmi9ljgm
IAD,SUN,4.7,537,Cxfd7qjrkab
BZN,LGB,4.7,241,ywqcefflcik
FCA,STS,4.7,162,/Ca67646768
MOB,TUL,4.7,286,qklkjhelemr
COS,MAF,4.7,280,wprpcifecim
CLE,LBB,4.7,337,tmpjincjfhl
AGS,SDF,4.7,310,nkimihdpgpm
LIH,MSY,4.7,556,zgikeecgfpz
ALB,CID,4.7,290,jsqooiaeefr
DLH,SFO,4.7,393,Aqpkfhelbfk
DCA,GFK,4.7,406,nnjkfijknmh
ATW,OMA,4.7,315,pqoqiedhhhm
GRB,MDT,4.7,373,mnkjmjiimjj
ILM,PSP,4.7,418,fgflfkjwpoj
MFE,RIC,4.7,325,dknigofkgru
BLI,DFW,4.7,368,kikmglihgum
ATW,SJU,4.7,366,g73dknsAtoj
CMH,HPN,4.7,246,mlosikeinhg
RDM,SJC,4.7,274,wlvjjjdheig
EGE,SNA,4.7,347,lihcgrkyofg
RDU,RST,4.7,285,ikgmlojnkij
LEX,MDT,4.7,315,ikmsnheigko
BRO,DCA,4.7,289,mddfjqlnqjn
ANC,MSN,4.7,501,PHrg9d867eq
BET,RSH,4.7,239,uinfgfdgptk
SNA,TLH,4.7,476,pnlekhokiji
CHA,ELP,4.7,344,piiikolhhkl
ASE,SBA,4.7,342,inkjfkunsad
ABI,ORD,4.7,381,mklshiajpgq
BOI,LEX,4.7,398,nnnnhieghmn
AMA,BOI,4.7,362,jrklmhghmfp
PDX,SUN,4.7,329,rlhehmluqdc
BUF,LEX,4.7,281,jlsmhj8fjqr
ICT,MCI,4.7,362,pimnjeajnnn
CLT,HHH,4.7,341,nfhojicgmrs
EWR,OAJ,4.7,267,spkoigijjgf
LAN,SAN,4.7,338,jhdmikdmnnt
CVG,LEX,4.7,293,ilmyjgaggtj
AUS,FLG,4.7,309,e8lrrodgjnt
GJT,ONT,4.7,243,qpjohighlii
GEG,PWM,4.7,406,yJuuha76aal
BUR,PBI,4.7,388,ooijhnhpfjj
CHO,SAV,4.7,290,gkmkrhfinll
IND,LNK,4.7,320,ignngjirilj
PDX,PSC,4.7,282,jipmgilnikk
LEX,RNO,4.7,412,rmojhidhjnm
BZN,HSV,4.7,360,qnnhbniulbh
ECP,RNO,4.7,382,mhijheghomx
EGE,MEM,4.7,378,edd95xoFQ69
FCA,SBA,4.7,295,vzoikhdfcej
EKO,SLC,4.7,228,khjimnjnjhn
FAY,OKC,4.6,339,rmjiimchgrm
BLI,BOI,4.6,287,jnlmjuidimf
PWM,STT,4.6,413,a568hgkvsMu
ASE,IND,4.6,392,ohtibkmuz69
ABI,SAN,4.6,375,iibknigrmmp
MFE,ORF,4.6,322,e9kwppffqjm
BOI,BTV,4.6,414,wwuodfe9fem
GPT,ONT,4.6,323,toimikdghhp
MLI,ORF,4.6,254,Cmmklm9cbko
AZO,RSW,4.6,340,e9dgjmpBqta
FAY,SLC,4.6,396,nmgojhmhiph
PHL,SCE,4.6,325,iooulieehmk
JAN,PVD,4.6,344,tpvnli8dejk
BFL,TPA,4.6,361,ofdnowijkjd
DEN,FNT,4.6,258,xzsnfgda8li
LAX,RST,4.6,378,hjhmfhkvler
HPN,TYS,4.6,298,gmjinjjgqrg
GPT,PBI,4.6,338,hokjnigknhm
GPT,SNA,4.6,367,nijqholjcjk
MAF,RNO,4.6,350,womjckenffn
ABQ,FCA,4.6,308,wtrkdmbggel
CHO,CMH,4.6,271,ehoqmmgkgnm
BUR,SYR,4.6,354,ouqromeccbi
EUG,JAX,4.6,398,qiekpnehhol
HNL,PWM,4.6,767,hjfcfjopoop
EYW,PDX,4.6,433,jfdfkomljrq
MSO,OKC,4.6,320,woihdlaiinr
HTS,PGD,4.6,40,/I000000000
ACK,DFW,4.6,463,//h4311021h
GFK,SEA,4.6,412,tojlhndgfio
JNU,YAK,4.6,189,wCtd9b9ibls
BOS,GTF,4.6,427,vstjec9aevo
GRR,ROA,4.6,281,fqmnmldmggn
PSP,ROC,4.6,419,6ackfkuzzoe
ILM,SJC,4.6,418,pskejqeihgn
DRO,MKE,4.6,257,rsphfjekdet
LFT,RIC,4.6,307,nkitpndfgfn
IAH,MHT,4.6,358,mirogjehdrl
LBB,LGB,4.6,238,lolpmkakfip
BIS,GEG,4.6,305,osltlhbcmig
RSW,TLH,4.6,384,kgmphlonjhh
CMH,IDA,4.6,379,oppjfigjhio
HPN,TUS,4.6,422,hkfnishilml
SCE,SLC,4.6,395,shijngdqeir
ANC,HSV,4.6,636,JFtda9badep
BMI,FLL,4.6,356,aibhgoooAmi
GCC,PHX,4.6,322,gigmmturw26
DAB,LIT,4.6,326,hrkihfhogwh
GSO,VPS,4.6,285,pmqnje9ekls
ICT,PWM,4.6,307,zyCzd944fej
LAS,LYH,4.6,425,bammkhpimqq
ELP,FSD,4.6,280,mlhgoerkinj
DEN,KTN,4.6,445,/Tp96a649ce
BFL,ELP,4.6,277,ddgyonphlej
LYH,PBI,4.6,290,hiflmjfgoqs
SDF,SHV,4.6,292,mlpokehfpmg
ELM,LAS,4.6,435,ijimififsrm
DSM,HRL,4.6,236,jgfdjksAogf
SNA,TRI,4.6,405,njkofjjofio
DCA,GTR,4.6,381,lilnhn8klti
AMA,CMH,4.6,333,pokskdecknm
CAE,LEX,4.6,327,okrofhdkiio
MHK,SAT,4.6,322,lfirgohlkni
BNA,CWA,4.6,321,nmmlniejepm
IND,SCE,4.6,315,ejinseaopsg
GPT,GRR,4.6,286,omnmgobhohl
BOS,MLU,4.6,384,klopqkadkhn
ALB,TLH,4.6,334,pqfkfoagmpn
ATW,MEM,4.6,331,kjprijbhkkn
HDN,SNA,4.5,292,ofce6qvEogc
ATW,IND,4.5,297,kmqlgnhkejl
MOB,ONT,4.5,336,lhfimoimhnn
MEM,MLB,4.5,353,mgijqojfiko
ECP,VPS,4.5,0,mnhohc8hrpr
MTJ,SMF,4.5,254,ojsghjdhngr
CAE,SRQ,4.5,321,gffiikimmpt
CLE,CRP,4.5,344,olgmgoeknjm
GRK,LAS,4.5,428,mfdvdmdjnno
BUF,TLH,4.5,310,uvkhjg9igok
EUG,SDF,4.5,367,vomrjj9fieo
AMA,JAX,4.5,329,nfhijpcilor
ITH,RDU,4.5,262,ojmqgj9mkph
MSP,SUN,4.5,363,mrafdliqCdi
ANC,GTF,4.5,367,ABlield9dik
RIC,STX,4.5,360,hh6aalnsyyl
ABQ,ATW,4.5,306,xloqhicehjj
CMH,STX,4.5,355,hf87inqyIgd
OMA,SBN,4.5,284,okjsejiijjm
BOI,PSC,4.5,297,gcgckFpnikh
IND,MGM,4.5,294,oknnhhcnlhp
BIS,PIT,4.5,310,qomqpmcbekh
JAC,TUL,4.5,328,wwtn7obhh8j
IND,MRY,4.5,434,Anfomk98fmq
PDX,SIT,4.5,369,IRlcaf58ddp
HDN,PIT,4.5,288,jejf9juMs8a
BZN,ILM,4.5,354,vxrbcljjjdd
CEC,HHR,4.5,262,qnikknhcjjo
BFL,RDU,4.5,354,piirgnehlhn
CAK,GSP,4.5,279,hnlomjigmkh
EGE,GRR,4.5,305,jefgbxpGk9h
FAT,SMF,4.5,307,jlpngidinlo
DAB,OKC,4.5,343,mlkjjjdmgrm
JAC,ORF,4.5,421,vGx88fgri8f
AMA,TYS,4.5,333,rgmnheaetkt
BMI,RDU,4.5,308,jmojiicfpmq
CMH,TVC,4.5,321,zEnkdcahbdo
MGM,ONT,4.5,366,rhhlfkdpkmn
ELI,OME,4.5,222,pklkjegljlo
RSW,SHV,4.5,302,og9rjoirigm
ANC,SAV,4.5,603,Nylcdhacfdo
AUS,STX,4.5,364,mi8dindkAnr
PBI,SCE,4.5,338,ggimijmqkmj
BLI,GEG,4.5,292,hkkolugghgm
JAX,MOB,4.5,365,hlmngeiqnoi
ANC,PWM,4.5,536,/Joh673449h
BNA,MBS,4.5,285,hkrmlkjefkp
JNU,SMF,4.5,393,LIkhba6bbet
CYS,DEN,4.5,120,pdhioBhhgjg
GSP,TVC,4.5,283,xApjjh9i6ep
IND,RST,4.5,293,mpglhimlikj
CLE,DRO,4.5,304,qkqkglehkeq
ECP,PWM,4.5,321,sonpd89fjtr
LGA,MHK,4.5,301,pfjgtrhenhi
AMA,PNS,4.5,297,Dpfkdd7eily
AGS,OMA,4.5,351,qijnik9ggAj
DCA,MOT,4.5,397,mhkkegbhBqk
BTR,LIT,4.5,339,dhmswmegjjj
CPR,SLC,4.5,299,hgjghqoklll
ABE,MEM,4.5,345,llmkjihljnj
DCA,FLG,4.5,424,ldhflohkpon
AGS,SJU,4.5,426,fcgffupknsl
OAJ,SLC,4.5,392,Bjmmgjdlgfk
HVN,TVC,4.5,65,//000000000
BIL,PSP,4.5,294,gfilkijyllg
CMH,HDN,4.5,278,je7d7tAMu89
ACK,PBI,4.5,346,//Cg234237g
CHA,LIT,4.5,326,knrnlhekhji
CHS,OGG,4.5,769,odfejhjkkxp
FAI,OME,4.5,381,qrnikgbkgkn
MGM,PBI,4.5,272,hdlgjkkspkj
ROC,XNA,4.5,304,qipplkdffin
RDU,RIC,4.5,292,khlnkkghlqj
BDL,SHV,4.5,326,qnjonmdggil
ALB,ANC,4.5,562,NTofab85bdj
ANC,ANI,4.5,364,qrnkelfflkh
OKC,TLH,4.5,352,gjnklodijom
OMA,TLH,4.5,379,qhgnipegllm
BWI,FAY,4.5,312,llpejmkqfgl
BHM,GNV,4.5,356,ekpmifhrljm
HLN,SNA,4.5,317,mtqmchchkgq
GJT,JAX,4.5,334,nhimhldnllq
CWA,LGA,4.5,332,qsnmpkbhcii
GSP,LEX,4.5,372,kmmmgeaqlql
CHA,EYW,4.5,332,omgpljhnngf
CLE,MAF,4.5,382,lkprmoedhlg
DRO,SLC,4.5,276,ijkjgilooho
CLL,DCA,4.5,396,mimksjcnklg
MCI,MLU,4.5,325,ijophfbmrmk
ANC,MFE,4.5,548,xpjececigow
ATL,ITH,4.5,291,kggvhlahtmm
FAT,PBI,4.5,387,goifpqjgoki
ELP,FAR,4.5,314,kpkkhmhidom
JAN,LEX,4.5,348,lsopficjiin
FAT,PSP,4.5,285,cbkjtefvqml
AGS,TUS,4.5,370,khlhgghjtmr
RDU,SGU,4.5,356,pihnkhejjmq
BUR,SLE,4.5,82,/J000000000
CMH,MTJ,4.5,283,jhjidjlxxcg
ABI,TPA,4.5,334,efgjlqfnqnm
HLN,LAX,4.5,277,llghekhtino
JAC,SBA,4.5,334,mtkieghonem
DCA,GJT,4.5,365,phklglfhlop
BIS,MKE,4.5,288,uonigrgkdgi
EYW,SGF,4.5,389,ffckgrykpje
IAH,LAN,4.4,269,olojjogmflf
AZO,RDU,4.4,291,lgkkhh7kqqu
ELP,GPT,4.4,301,hljkhlklhqm
CAK,SLC,4.4,334,gjhkoigkqln
HNL,SPN,4.4,1138,hliegnelkmw
FLL,LYH,4.4,286,ghiliplmlni
BIL,SDF,4.4,316,Enwjggccefk
GRR,LEX,4.4,309,lqmnfhdmhkm
DFW,SWO,4.4,304,eknulffsfng
BUR,GSO,4.4,345,jqkwhmhgejh
LAX,LCH,4.4,325,nigrojfmhgo
OMA,RDM,4.4,295,wtkhgjbcakz
ILM,RNO,4.4,363,msmmibhnlij
EYW,HSV,4.4,342,jojfngjhqip
DEN,EWN,4.4,378,psllloadjcq
MTJ,RSW,4.4,334,87geemqzxqj
RSW,SCE,4.4,346,mcddijtrpph
CAE,JFK,4.4,300,limoksfelen
ATL,HHH,4.4,287,NvAx13222sx
GNV,OMA,4.4,337,jqimjldiokj
DAY,SJC,4.4,416,tlrpmkbdfhj
CLT,ROA,4.4,339,lnlongehijm
FAY,HSV,4.4,302,lonigkfipqe
IAH,LYH,4.4,376,gjjnoiehfsr
BTR,COS,4.4,277,xrnfmlbhefm
FLL,IDA,4.4,366,fegdohCrjih
SBN,SJU,4.4,372,cebflxunnfn
AMA,HRL,4.4,241,iohkfhfhjoy
COU,TPA,4.4,354,9eekmpjkmou
BTR,TUS,4.4,308,gbfkngotlmo
HNL,JHM,4.4,107,imllqoqh5br
OMA,SGU,4.4,281,njloiidgnnm
BHM,MTJ,4.4,334,lhe85pwGD5c
DEN,YUM,4.4,400,jihhlnmrkjg
DAY,ILM,4.4,270,pnprhnbhhhh
RAP,SJC,4.4,303,Bzpofg7acjm
BFL,STL,4.4,369,sjknjkfchlr
CMH,EGE,4.4,338,jjeaaprLx79
CLE,MFR,4.4,351,usptgh9bdet
CLT,DLH,4.4,310,qqtnccbgnlm
AUS,DLH,4.4,330,ljkrgjdjlko
DTW,MLU,4.4,325,wmkohecljkl
GRK,SEA,4.4,466,olknjnhgjkj
AEX,PHL,4.4,328,jmmifrdeiiy
MYR,VPS,4.4,246,snlugeaakit
MOT,SAN,4.4,335,qilmhohimii
HNL,RAP,4.4,634,paeehujnogs
IWD,MSP,4.4,117,utnodjgdhfl
HNL,ILM,4.4,939,nkfhdqhlnpl
CHA,SAV,4.4,320,mloonebikjn
FAR,VPS,4.4,340,hgbehddpxtx
BUF,JAN,4.4,322,tmwshm8bfgk
GTF,SNA,4.4,308,xvnljebgblj
CID,PVD,4.4,283,rronjkaahml
MCI,STX,4.4,404,hebdgqixxim
HHR,MMH,4.4,305,bd107pIHIx0
OAJ,ONT,4.4,351,prjihocbitk
MRY,MSY,4.4,393,mflnjhdlksl
DAY,MKE,4.4,269,jqtnjkekggj
ORD,YUM,4.4,390,tmjjnjfnegk
GPT,TUS,4.4,285,odhjjopimki
BOI,MAF,4.4,358,lrgnlmbmkhk
GEG,PVD,4.4,344,xDwkchb7dji
DCA,YUM,4.4,497,eftibjipqnm
ISP,STL,4.4,242,xvplcp98ciq
EWN,TPA,4.4,307,jlmolqfklgf
BUF,FSD,4.4,293,zAvqah8bgbm
LEX,TLH,4.4,349,kqglkiejemu
SBA,SUN,4.4,324,omfhcogvphg
CLE,LEX,4.4,307,njlnekdkolm
OKC,TVC,4.4,324,Bxvohe9eabk
MAF,SAV,4.4,360,wlkhjlbbjoo
PHX,RHI,4.4,417,xxnrdhebhei
MKE,MTJ,4.4,252,wrfjeekor8k
DEN,ELM,4.4,419,wrlmkocefgh
FAI,OMA,4.4,404,QFoadeaaeal
FAY,MSY,4.4,298,mkckjmfnjop
CPR,SAN,4.4,297,olklhlhoncj
MSY,PNS,4.4,355,iedhgiaiPpi
JAN,SJC,4.4,387,Akjkogcfhjm
BDL,EUG,4.4,437,rownmh9cfjj
COS,FAY,4.4,401,gklihciipqr
AMA,MFE,4.4,271,9llpdbfnony
BFL,MIA,4.4,379,tghhijmuhjf
PDX,SCE,4.4,386,xvpjjkd7agq
IDA,OKC,4.4,321,jmjmjngpifm
CID,JFK,4.4,276,mrporrbbgdi
MYR,RIC,4.4,272,pntnfe9dllr
CVG,LFT,4.4,310,llolkgijfiq
MCI,TUL,4.4,342,nlpnghellpe
MYR,SBN,4.4,260,nkmqikdbipp
PIT,SAF,4.4,341,opotjhbfdoj
FAR,SJU,4.4,381,hc8aglxxwnh
CYS,PHX,4.4,275,kebgnkotmmj
ASE,SNA,4.4,370,rhijimvqlc9
MAF,OMA,4.4,297,momrooceifh
HDN,RSW,4.4,400,769adtrNGef
BDL,EGE,4.4,398,lkdfcsmxzac
CLE,MTJ,4.4,312,rjpkagdBp9j
GRB,TYS,4.4,309,qnnpkgcfhml
BMI,SAT,4.4,313,heiiehaBrrk
BMI,SFO,4.4,363,ojokgiadkqt
FAI,MKE,4.4,415,GGneafa9flj
DSM,FCA,4.4,318,AKvl7gd8a9n
MLU,RDU,4.3,306,rnlnmifghgo
BRO,SLC,4.3,251,imklkqchmmj
BIL,CVG,4.3,319,Jvqhaja7dgq
SLC,XWA,4.3,342,nnmjjjjkjji
DCA,FAY,4.3,344,knvjcfhkjko
LYH,SAN,4.3,373,lcnhpmekhqn
HNL,MRY,4.3,456,rljnihdktfh
GTF,TPA,4.3,395,pjdjhkellmt
MLB,SFO,4.3,458,ljmniiijpjg
MFE,TYS,4.3,300,kfekhpioojo
EVV,SNA,4.3,374,kiljmsjiimf
PWM,VPS,4.3,307,tjnwhg8lcsf
BDL,PVD,4.3,406,yqrygi88efm
FAI,FLL,4.3,441,jnldirilrbl
STT,TUL,4.3,462,wg89acpvohA
ANC,CDB,4.3,710,wwFqh97cbfi
FAY,HNL,4.3,594,fmnkbgonhmp
MEM,MSO,4.3,312,Eqllckigfal
MLI,TUS,4.3,307,ghomnihnokf
ACK,EWB,4.3,109,FDBn8df99ee
EWN,ORD,4.3,325,somkhlcfjio
OGG,RIC,4.3,892,ihfhfpjpnlp
FAR,MSN,4.3,318,kovqhidhbgq
DEN,MCK,4.3,107,ljkhhsfmllk
JFK,TUL,4.3,341,rmkllwf9ico
ITH,MCO,4.3,280,fecmjgqrvng
BNA,LYH,4.3,319,bemrkgfrlsk
GNV,OKC,4.3,374,ikjkljhlmkn
EKO,PHX,4.3,387,jiilnolkmhi
FAR,ORF,4.3,318,qnonkndcemj
MHK,RDU,4.3,278,sfgljrdjglq
KTN,LAS,4.3,401,yylmgeamefh
GNV,ORF,4.3,342,ohhmjkbjknt
BUF,SYR,4.3,525,zptog96bceD
AGS,RIC,4.3,331,pjmlhiedjzi
LBB,SAV,4.3,333,ujlskgdciin
SBN,STL,4.3,312,qlmnkjghigl
PIT,SBP,4.3,398,jljAfidacrt
STS,TUS,4.3,312,ceahigmqjBu
ELP,SHV,4.3,295,jhmngegyolf
ADQ,KLN,4.3,201,GVAeuf35468
GNV,SMF,4.3,427,okmtfgghkkj
LBB,SJU,4.3,392,vjfgerjhohk
BDL,RDM,4.3,412,vtooijbdhgh
ISP,SAN,4.3,310,vtjpnq7f9kh
AVL,MHT,4.3,266,yyrpnbb9bdl
DSM,LBB,4.3,321,lmmpjecpmkj
FAY,PBI,4.3,238,ljelkkiojlm
ACV,BOS,4.3,409,vvkplj989gv
CLE,DLH,4.3,329,osvpdeigeik
CMH,DLH,4.3,327,ropjig9ekmq
BDL,ROC,4.3,273,gelnlojnlgn
CRW,PNS,4.3,264,qnlnpfafiok
DTW,MRY,4.3,423,onkoilcheis
FCA,TUL,4.3,330,JvAhckc9b8k
CLE,SAF,4.3,350,hqrxhlbaghq
MCI,SAF,4.3,285,gnnsccfenqr
GRB,OKC,4.3,347,jnoqijdekml
CMH,SAF,4.3,325,rfskfgbhhtq
MAF,MKE,4.3,323,tsjphraeghj
DFW,OAK,4.3,271,mxymfeacggp
HSV,ILM,4.3,315,onloikflhjj
GRK,RIC,4.3,446,jpgkjkefonp
AUS,LAN,4.3,306,gkklikamkqq
CHA,SJU,4.3,443,edefmpljoun
BTV,JAC,4.3,463,wtriaghop6h
AMA,PIT,4.3,343,ophnkifghlo
FSD,VPS,4.3,333,e9mihlekswq
HOU,TLH,4.3,364,kgfomhehlqr
COU,SLC,4.3,335,jegjmhgokum
GJT,MAF,4.3,338,kgjqkncljip
AZO,MSP,4.3,278,oklkigcjmqn
ABQ,FAI,4.3,410,tppgfhccguo
GPT,TYS,4.3,310,looqnfggjjh
CMH,DRO,4.3,297,rnrrhiedfim
STL,STX,4.3,380,ji7agnouAji
BRO,MSP,4.3,273,upfda7fxjdD
DEN,ITH,4.3,351,qigkpuehjii
DRO,JAX,4.3,303,pgmhemcyflm
SBN,TUS,4.3,336,didhkmkmlqs
BQN,CLE,4.3,175,dlphkomljfn
BHM,CRP,4.3,326,jkmqvkbjhii
BIS,OKC,4.3,344,lsknmi9clol
BIS,OMA,4.3,311,jnrmkeejljo
BOI,DAY,4.3,340,rrjvkkfbdgl
ASE,CHS,4.3,501,jkgddtjFxd5
DAY,GSO,4.3,277,kllrmkfkgmh
AVL,MDT,4.3,293,moqsgibiejm
SDF,SGF,4.3,322,mookjgdhnmk
MSO,RIC,4.3,341,JCmi798bdiu
BUR,ECP,4.3,329,zkegjqbbkmp
CID,ECP,4.3,275,okgpecfvimn
IDA,TUL,4.3,281,tnnfqrabifm
FCA,RIC,4.3,398,OKyi5eh774i
CHA,ILM,4.3,309,omtnfnbggin
DSM,FAR,4.3,317,jkplijfjhno
CID,EUG,4.3,323,rjkmxie7ftg
LFT,SDF,4.3,306,rhvqgdbhkmi
SBA,XNA,4.3,311,igjnjogdopn
HSV,XNA,4.3,328,nimtjggenni
FAT,MSO,4.3,304,zjlpkh9ahlo
STL,XNA,4.3,413,jkqphjcgpoi
FAI,TAL,4.3,145,lkfljndijqo
JAC,OMA,4.3,298,puDleedid8p
GSO,MHT,4.3,287,qpmoog9egln
JAN,SJU,4.3,425,pmbfjllklnm
IDA,PSC,4.3,342,jlmfhpigrkk
IDA,TUS,4.3,344,njfhhjlroki
BOS,ITH,4.3,247,jkijkgimqni
JNU,MCO,4.2,515,Crfiifdfigq
CHO,SDF,4.2,286,nksmnfdejnk
ASE,PIT,4.2,405,jpmgcmmqEb6
CRP,SJU,4.2,382,phfidprgijs
GSO,SBN,4.2,310,pnknjhhhgml
CHS,MAF,4.2,374,tgihhkgiokq
ATL,BQN,4.2,207,dhdhjnmghsy
ALB,ICT,4.2,347,smmokkackoj
HNL,HRL,4.2,429,qnjelvefgio
CHO,SNA,4.2,447,hlliooikeio
DCA,SGU,4.2,430,jfjmgieinwn
RAP,TUL,4.2,271,xqkogd9gmmj
CHO,MSN,4.2,319,fhqvgldifno
MLU,SLC,4.2,387,klnefmknmkm
BTM,PHX,4.2,242,mhnngpfloig
AVL,JAN,4.2,299,upllikfgfng
IND,TVC,4.2,297,DArlgf8dcfj
DAY,HOU,4.2,292,ookrkll8fni
JAC,PNS,4.2,406,Cqoe9h9hpho
CHA,CVG,4.2,332,omqohidkkij
EWN,LAX,4.2,431,nklhluegjjk
IND,ISP,4.2,266,Flllhm88cpn
FAT,IDA,4.2,316,jsnjihfnkkj
LBB,TYS,4.2,314,kijkmkallop
MDT,RNO,4.2,411,jmpkdkkhhoo
CLE,STX,4.2,374,kg6aetttsjk
CLE,MLI,4.2,277,vjsmehcdlmm
LFT,TYS,4.2,306,rijooobkhhj
ATL,JNU,4.2,525,LFrdef859au
FAT,SYR,4.2,411,ysnmhefeffm
LBB,ORF,4.2,345,wkjiirefigm
ITH,ORD,4.2,283,lgmkjkeppnf
ITO,JFK,4.2,739,lpimcsgcski
ACT,ATL,4.2,288,moipiobifmn
HPN,HSV,4.2,269,kvplkmcbmij
CAK,OKC,4.2,342,jmnslkeffkn
BTR,GRR,4.2,307,vmrhglaegnm
MBS,PHL,4.2,324,qlkjphdeknl
BMI,MIA,4.2,337,hhgdkknqkqm
CPR,OKC,4.2,325,okljjjgfklp
LRD,MIA,4.2,348,xokjllgijhf
CHO,PVD,4.2,303,lppujkc8gko
BLI,ORD,4.2,373,xrsniidbafo
BUF,MLB,4.2,268,kpiglihoqkf
PBI,SBA,4.2,473,gkhkpwjioka
MOB,PBI,4.2,348,thdqcihklmp
CMI,SJC,4.2,395,mqegloihimm
CHS,GSO,4.2,323,mlhqkdfkkrj
SBN,TUL,4.2,316,plnlhndmejn
JAX,MTJ,4.2,313,igidclkxCkc
FAT,VPS,4.2,369,pjrkhgcfplo
GRK,RDU,4.2,325,nlimrrgeggk
LGB,ROC,4.2,257,nxomrw78fjb
BOS,SLK,4.2,135,vqhjijhgjij
BDL,HHH,4.2,294,knjpoe7ejxm
IMT,MSP,4.2,151,lvklkmemjgc
CLE,HDN,4.2,319,haea8pIKz48
ABQ,SBN,4.2,301,knjoilahmlq
BGR,MSN,4.2,278,tKGC896a6ag
AGS,ELP,4.2,397,lk9imnfhsnn
FLG,SAN,4.2,295,mmmnimgcmkm
PVD,SBN,4.2,273,ltjsjnbfgik
CWA,TPA,4.2,343,jfcgffhwyoj
PIT,ROC,4.2,243,dkloklgjiqm
BRO,MIA,4.2,300,lmjjsmdjmgk
OAK,PNS,4.2,325,pmbjfl8dpwt
SAT,YUM,4.2,380,hieirnmklli
LAN,RDU,4.2,258,nihmjeanqop
FAT,MAF,4.2,305,qmismmafhin
LNK,SFO,4.2,412,thljcnjgikq
HPN,IND,4.2,318,qosoji8ekkk
BNA,RST,4.2,293,hpoifffknuh
SBY,TPA,4.2,387,nrjhcijksjh
GPT,MAF,4.2,315,qqgojijighm
ELM,SEA,4.2,460,stqgjhabhlq
MFR,SBA,4.2,285,sooljhbdkkn
DAY,XNA,4.2,310,okmomjcckql
COU,RDU,4.2,324,gdghkmdjpsu
ATW,SDF,4.2,309,nmlkjiejhqm
EUG,MSO,4.2,273,ymfnfiggfol
BTR,LEX,4.2,346,iqgtjhkfnlh
BET,KWK,4.2,231,vrAmdc9ejdp
DAY,MHT,4.2,308,vprjffdekkk
ICT,SYR,4.2,288,qqqsjmaebij
SNA,TWF,4.2,260,fdfjid99CzA
ABQ,ROA,4.2,328,pnjmesbdfmp
AEX,TPA,4.2,303,jhijnjiknln
LBB,MFE,4.2,307,fhnpjijknog
CVG,HDN,4.2,297,g8687tFOz7c
FAR,OMA,4.2,342,inrrhlejfhm
BUF,ROA,4.2,266,rorpghhciji
RST,SAN,4.2,331,iieqekplfui
GEG,LEX,4.2,357,tvnmfi5einm
AMA,BUR,4.2,293,qqckejcnohr
DEN,LAN,4.2,300,zokockbhehq
AMA,FAT,4.2,359,mkpfoiillfl
LGB,RSW,4.2,261,kefhnnfoqtd
SGF,SYR,4.2,313,ltorimef9nj
ABI,SLC,4.2,345,hdjjoldsknn
CVG,LBB,4.2,333,nidumk7ljlq
BNA,CPR,4.2,306,rjnoigdlihn
BDL,PIA,4.2,269,zrplfib8khn
PIT,TVC,4.2,288,zEpuiab9aei
BTR,IAD,4.2,356,fjeihrjpomk
MFR,TUL,4.2,309,pqpqifgdhfm
HRL,RSW,4.2,224,tidhjnfqlng
IND,SAF,4.2,331,kjBthecfbkp
CWA,IAH,4.2,325,phioilepfio
LGB,ORD,4.2,277,Cummep7bhhh
MDT,PSP,4.2,374,d9cijslwumh
MTJ,OKC,4.2,244,kglqlkeiphl
ANC,UNK,4.2,242,00001yssLCJ
MOT,PDX,4.1,318,Boqmfkd9ebu
IAH,SUN,4.1,431,tqdf8slrubb
MSO,SDF,4.1,314,Pnsldhc8dig
CDV,SEA,4.1,375,Avxhef8bhhm
CLT,LAN,4.1,249,knklknghmil
DRO,FLL,4.1,343,hhaikpowlgj
MYR,STT,4.1,402,Cj6dnjqkdjo
MOB,PVD,4.1,351,uophcgfkkmi
ANC,ROC,4.1,523,KRlf7e89cap
HPN,SDF,4.1,284,ulomhq9egqg
MLB,SEA,4.1,457,knnhimfilio
MHK,PHX,4.1,363,jjjjkphmkjk
ABQ,LRU,4.1,95,jllmijfnlnh
CLE,ROA,4.1,292,lplpghbhokm
BUF,PIT,4.1,251,rnoqghcdhlo
JAX,MFR,4.1,399,kklnfnihipj
BTV,STT,4.1,416,8747feuHBBi
DTW,FAY,4.1,299,ksrlkmgeckk
BOS,BRO,4.1,355,rhhimngfjnn
AVL,JAC,4.1,406,wrBe8hcnfdm
ROA,TUL,4.1,288,rllljmbfgon
MIA,SGU,4.1,407,dibijiuysff
ATL,LAW,4.1,296,umpndkbfhdu
BRO,TPA,4.1,241,qtjdevdikii
CLT,PKB,4.1,69,3112072EMUY
DEN,TYR,4.1,338,mqqnfoefiji
MBS,RDU,4.1,286,rpnnie9mdko
GJT,TUL,4.1,249,ohipjobjmin
MOT,RDU,4.1,312,upmtlm9cbij
MLI,RIC,4.1,275,mphlgpbekls
AMA,SDF,4.1,322,kbwtkfdfokm
ABY,DCA,4.1,365,mghlgiegltt
BNA,SUN,4.1,405,rlmjijjqrcb
AET,FAI,4.1,221,oskjiffinin
GSO,JFK,4.1,239,osuwfk8cckj
GPT,HNL,4.1,699,kghjhjlqimo
BFL,XNA,4.1,319,rqmtkfcbfkm
PHL,RST,4.1,301,kglhjijjlgx
DBQ,ORD,4.1,128,oxzGEE70000
BDL,BQN,4.1,256,ruabjjroigj
LAN,PHL,4.1,271,rrhmmfbfjkq
BRO,PHL,4.1,361,fmljolhjkhq
LAS,MQT,4.1,340,ejkkhedlhIl
BOI,MFE,4.1,321,jhfkkoijkpm
ONT,TLH,4.1,413,irchfrijjpo
ATW,EYW,4.1,353,697biloKIp9
CHA,FAT,4.1,371,wngnek9djmu
CHO,OKC,4.1,326,rhjpljemfkm
LNK,PHL,4.1,332,ddgimrjlksn
BIL,GDV,4.1,43,npnmmfeikeo
ELP,SRQ,4.1,342,pecohviisgh
ELM,IAH,4.1,356,qnpsgeaijhq
BHM,BTR,4.1,326,jlmknkbolpe
COU,SNA,4.1,371,igkmnkdmjon
SGU,SNA,4.1,317,hhmldlfmlms
FAY,PHL,4.1,343,tqikeidkjnk
CDR,DEN,4.1,86,68jnhxknkoq
EWR,HRL,4.1,328,jnrqgwfcfke
ELP,LIH,4.1,440,udipqkkanco
CLL,DEN,4.1,344,nmrvllcddhl
BZN,MSO,4.1,449,NvAj8baccbm
CHO,CVG,4.1,288,mkqjkjdkgis
CLT,MBS,4.1,281,tolqkeedfmn
CLE,SBP,4.1,382,qjhlkpefikp
DLG,KMO,4.1,118,koniknhhnbn
BUR,VPS,4.1,368,oonlfkfiphg
GRR,RDM,4.1,331,qxqjbmhcdes
MSN,SCE,4.1,360,hewqffdbnhB
JAN,RNO,4.1,400,msomffcirhl
MAF,SJC,4.1,309,pqjkqiejfgn
CHO,EWR,4.1,276,celBsi88tqj
CRP,SDF,4.1,313,ihrqfkcimkp
BZN,JAN,4.1,357,Evse8gngiag
BTR,JFK,4.1,263,migiopcnikn
LWB,ORD,4.1,128,/ppt11068lB
COS,GRK,4.1,394,ugkfbklinmo
MOT,OKC,4.1,359,spoikihiggj
LAN,LAS,4.1,328,krmnjecjjnm
LGA,MFR,4.1,406,iurnhhhfdkn
CAE,GPT,4.1,326,gikqqhdihqn
GRR,MOB,4.1,281,rogngfinmkg
OAJ,SFO,4.1,364,swijmibgell
MLB,TYS,4.1,337,kkjqfhmmflo
CMH,DAY,4.1,0,lsnljkahllk
DSM,HSV,4.1,292,tnhosmacghm
CVG,IDA,4.1,359,rytgglcfcfp
BIS,GRR,4.1,284,zkotkjfebfj
ROA,SAV,4.1,309,mkpoficgkrl
FNT,SAN,4.1,266,ukmlijhgehp
CLE,HRL,4.1,263,rngjinfgiom
DSM,SBA,4.1,333,plqrehbimep
HPN,MEM,4.1,284,npgnhohnckj
LAF,ORD,4.1,129,lomskjghejk
BFL,TYS,4.1,363,kjplkrefblr
CPR,ORD,4.1,342,ponqhgchgpk
GRB,MEM,4.1,337,mlnqkkcfdnp
AUS,AZO,4.1,302,dfhlkfknpqp
EUG,MEM,4.1,358,nqjpjla9lnn
GRB,TUS,4.1,370,ikhgpjjnolh
LAX,STX,4.1,451,qe8ajynolhn
EYW,SBN,4.1,355,akaemttxndh
GPT,RSW,4.1,290,kkfkmlklnjk
LAN,SEA,4.1,319,Bqoneieccgn
ADQ,OLH,4.1,193,oqoqihecmgl
OGG,ORF,4.1,715,mieffnnqjnm
GRK,MCO,4.1,351,rkjgirenfhn
DAB,TYS,4.1,306,lpspfdgjhfp
FAT,HSV,4.1,366,ykpshfcfelk
SAF,SLC,4.1,257,qlkfjkgkmkk
BIL,FSD,4.1,285,msomfhglkkf
ACK,SFO,4.1,689,//G8732012e
DRO,RNO,4.1,260,mlooeghlhip
ICT,MSN,4.1,292,lrprlgehckk
LAS,MHK,4.1,345,f8kqjlonqmh
IAH,OAK,4.1,294,Tqpicgfcecf
BZN,LEX,4.1,346,Bmvi5bpjegk
OMA,XNA,4.1,325,lnsjegdknml
BTR,ELP,4.1,315,jehjnllhook
HOU,JFK,4.1,253,qwjlnme8kgk
HOM,KEB,4.1,113,ioksmfghgkn
IAD,MGW,4.1,116,hhjxllejilk
ACY,ATL,4.1,165,Gsomfchefci
MFE,SDF,4.1,305,hfnnfiflltn
SMF,STT,4.1,509,uc59bgmpkCx
BDL,MGM,4.1,301,ulklshblfhi
ABE,SDF,4.1,355,omfmfgdnlnp
JAX,KOA,4.1,754,mdablmiDshi
ACV,SLC,4.1,289,tsqxjla9cdi
EWR,LRD,4.1,332,jlhljqgikjl
SAV,VPS,4.1,266,mnukeebghnu
AUG,BOS,4.1,93,rrmjggfjemo
FAR,TUL,4.1,343,okhstfkdjjh
PIT,PSC,4.1,392,rksmlfggdhp
RAP,RIC,4.1,325,CsEmec838gw
ACK,LAX,4.1,646,//F9340111a
KTN,WRG,4.1,150,ujglgpcoggp
MDT,PVD,4.0,290,inxhmccjnmj
MSY,TLH,4.0,352,fihtogemkol
ABQ,LBB,4.0,289,klhqelenhpk
BOI,CAE,4.0,413,rldlkjchhns
ALB,EWR,4.0,401,Anpuekbbggj
DTW,PIA,4.0,275,inrmiijjmfk
FLG,SNA,4.0,293,kkpikmfoekm
LFT,PBI,4.0,307,lhhioklloij
CHO,SMF,4.0,377,mlsofjbeokm
AEX,CVG,4.0,386,hjknhinlmil
ANC,LFT,4.0,633,zmmkcjchjmj
DTW,EVV,4.0,352,tjthgcgoimh
MKE,PSC,4.0,357,ulmkinciido
BNA,GRK,4.0,327,onlkljejkdq
AVL,JFK,4.0,279,koxwiefakhh
BWI,TRI,4.0,308,nmtpmicdikj
CHS,CRP,4.0,344,tifkjmmbijr
ERI,PHX,4.0,351,tgfeejjlpno
ABQ,MAF,4.0,325,koothhcnemk
BOS,FAY,4.0,287,qqofijjdgml
PWM,SGF,4.0,342,syDEfa568fk
MOT,RSW,4.0,374,ld9hfgtEpmc
CRP,CVG,4.0,334,mkiktjdhmkl
CHS,ROA,4.0,298,lhnrikelfkp
ALB,MLB,4.0,287,ijlghhgrprg
BET,KLG,4.0,255,wkqtlhmej6d
GNV,MSN,4.0,368,riljemdrimj
AMA,SJC,4.0,345,pgilkrfhmkk
GRB,TUL,4.0,337,ollokjeihml
OKC,SGU,4.0,277,mihjmsifklj
BNA,CRW,4.0,312,qktqggajimi
AVL,BGR,4.0,255,EFCza9475bl
FAI,RBY,4.0,202,rsogggeephn
CAK,PDX,4.0,358,lgmokibfknu
JFK,JNU,4.0,534,NJmfaa88hel
BTV,XNA,4.0,305,roAzdj99cco
JFK,MOB,4.0,306,Citohggfcke
CWA,SFO,4.0,380,wqqhdgmbcmo
CHA,ICT,4.0,312,hjjteidmori
LAS,SAF,4.0,292,bbgkjnptqkk
FLG,SMF,4.0,306,ipkqnoeegim
MGM,OMA,4.0,314,ijmhqjanmsg
AZO,FLL,4.0,310,mfflshkpnhi
FAI,OGG,4.0,455,e88jmzFtmd9
LAS,SJT,4.0,469,klkjjljjmim
GFK,RSW,4.0,450,d85ejksJzo9
DSM,MSO,4.0,273,Bypmhfbackh
LBB,RIC,4.0,371,nkknescchoq
AUS,MLB,4.0,357,hgsjnlgkjkk
GTF,SFO,4.0,342,uwnichdnhji
FSM,SEA,4.0,372,xpugelfdhfl
ART,PHL,4.0,276,srlojnce9ml
EUG,TYS,4.0,396,wkmonia8enq
ATW,PWM,4.0,320,zBBidd9cacp
PSP,PWM,4.0,470,abhjigerzBg
ATW,GSO,4.0,289,stkojeahgpi
LYH,MSP,4.0,293,fsimjobdfqu
ORF,STX,4.0,356,kmaalunqojf
CVG,GJT,4.0,285,kkjzkbehfjt
BOI,GRB,4.0,353,mnoophffhjk
ELP,PWM,4.0,359,wktyhfacdfl
BET,TNK,4.0,321,nikkjbfesnt
OAJ,PSP,4.0,398,lEf7edpjjwf
BRO,CLT,4.0,289,mpdnitgejlk
HOU,TRI,4.0,316,smkqlleigjg
BRO,MKE,4.0,260,dhefhihrzvh
CMH,SGU,4.0,368,lklwmeddjln
ECP,FSD,4.0,299,n7hnlifmqku
BHM,HRL,4.0,242,phjgofguffr
ABE,MKE,4.0,319,gsmphmgejin
AVL,ELP,4.0,329,mnidlgfmpkp
ELP,PSC,4.0,336,fpgdjllimpq
ACY,SJU,4.0,189,gAiicylmche
MOT,STL,4.0,298,ojlmkohcgmo
GSO,SGF,4.0,303,mqsqihaehjm
ITH,SEA,4.0,465,ntjrinbdcjs
MKE,MLB,4.0,342,lrjlnhhmkle
DLG,KNW,4.0,138,kpsldlhgmjh
ELP,ROC,4.0,379,okhlhshggjo
ALB,ROA,4.0,300,mnpsfibjeir
MCO,ROW,4.0,327,okefckfolnw
PSP,SRQ,4.0,420,8867mktCKmf
GEG,MFE,4.0,293,hhghfHlqggg
PSP,SUN,4.0,361,9a9ehvvwAla
FAR,TYS,4.0,334,nwrmlddbdkp
ANC,PUW,4.0,385,xCkhfnb7fgo
DEC,ORD,4.0,113,mklioxiiehf
DRO,GEG,4.0,258,rmntllabeoi
COS,FWA,4.0,290,wqspegdfegm
ASE,CMH,4.0,417,qkpg5jyAn97
ASE,CVG,4.0,378,rjld7qnFrc5
AZO,EWR,4.0,265,mjnfkoihnkk
ATL,HLN,4.0,417,sjkkcieglrq
MEM,SBA,4.0,359,moillmdijgq
PIA,PIT,4.0,257,noknnigcgmn
IND,OAJ,4.0,285,yjplhhcblkn
MHT,SJU,4.0,306,78affjuMmyd
CAE,MHT,4.0,288,tlkgimfojii
DLH,PIT,4.0,330,mmsoldbcojn
CMH,MRY,4.0,420,tiijhjbidsu
PDX,PUW,4.0,293,ffkolqlqkjb
BOS,HYA,4.0,174,UIomd788adf
MKE,TRI,4.0,282,vtpkkhdgfke
MCI,MOT,4.0,329,nmipmkdfflq
FWA,SJU,4.0,388,idefdntwsfk
BDL,MLI,4.0,300,uounfgcebir
EUG,RSW,4.0,417,lfd9joptpkj
JAX,SCE,4.0,296,jpjokffjjrj
GSP,MLB,4.0,329,momoghfhllm
FAR,PNS,4.0,325,dfipjhgqtol
DRO,SJC,4.0,282,ttpnhfcbict
CPR,MSP,4.0,301,jnnlmhclhnn
CMI,RDU,3.9,316,ikhmmlcmqim
FAT,FCA,3.9,311,Axlkfebmddo
MSN,TLH,3.9,374,ukikfggijqm
ROA,SJU,3.9,359,ad8crqrqnmp
ANC,VPS,3.9,558,Fvlfgleadep
MDT,ORF,3.9,286,lnsmfhdfmiq
HLN,IAH,3.9,357,ljgfrhflppj
GRR,LBB,3.9,351,uxmjhl9ceip
ABQ,JAC,3.9,298,sown9cesggj
ABQ,LFT,3.9,285,qjmqkhfrbih
ABE,SLC,3.9,451,lrnghldmhgq
ERI,RDU,3.9,286,kkfkkoefols
FLL,SRQ,3.9,307,799bdrvJupd
COS,MGM,3.9,298,twfhgnfgglk
IND,TRI,3.9,311,jktklebihqo
MLB,SLC,3.9,471,olkgcnnonif
IDA,RNO,3.9,313,svknckfndhk
ACV,IAH,3.9,381,yxkjkdcfjhi
COU,PHL,3.9,362,cdfdmmjjlux
EVV,SRQ,3.9,326,regninlplei
MSP,OAJ,3.9,336,sqtkgh8fmhl
HSV,MYR,3.9,267,olnuihaeknj
DAB,GSP,3.9,313,pmimmemlkih
CRP,RIC,3.9,367,pknlolbankl
ANC,STS,3.9,396,tnlmdl8dnrk
BIL,KOA,3.9,467,eb9fkiCutgl
TUL,XWA,3.9,389,qlrmmiehhfl
DAB,LEX,3.9,336,mklksdgmhoi
ANC,GSO,3.9,542,FCqlad96hfq
PHL,SUN,3.9,450,mggf9pzzq6d
DFW,HTS,3.9,309,pnnpkqdgmfd
BFL,OMA,3.9,278,opmmixacejn
AUS,HHH,3.9,294,tondgb8cezz
ORD,SHD,3.9,189,2314110rI+/
ABR,PHX,3.9,429,dejmknorlne
FAY,MEM,3.9,286,silpok9jhim
COS,LFT,3.9,282,Akmmfifcclq
BHM,CRW,3.9,321,qgmlgjhpjkj
BWI,SYR,3.9,353,lprmhhegojj
GRB,SRQ,3.9,335,afcgggbmMzi
JAN,XNA,3.9,318,npohjiglgpg
AVL,SDF,3.9,289,lotpiicjjhi
DSM,ROA,3.9,301,hqoqniaegmo
RAP,SAV,3.9,312,wkkjcialfnu
MRY,PSP,3.9,286,fgdioiuolni
ABQ,TLH,3.9,350,lmjlgmfhsmk
GUM,ROP,3.9,140,zqglijjhheh
MSN,STT,3.9,462,87437jLxLom
ATL,LCH,3.9,282,rimllgglnjg
ACV,DFW,3.9,352,tqmnfiafgol
FSD,MDT,3.9,323,oolgfmbhijw
AZO,IAH,3.9,306,gjcjcedqnyw
JFK,MLB,3.9,247,pnjnlmjgehm
CHS,RDM,3.9,364,mwlldladoml
ABQ,TVC,3.9,304,KAklgbc9ffi
MOT,ORD,3.9,369,lmlkkkhgojk
CLT,CWA,3.9,320,npihlmmjfjk
MSO,SBA,3.9,284,uuhmdhfgjmj
JAC,SYR,3.9,412,tECn8dbjf7i
EWN,LAS,3.9,442,tmrvkhf9fhh
DEN,LBL,3.9,175,klgjpnikjfm
LIT,XNA,3.9,567,khlohgbmnui
RDM,RSW,3.9,420,decefrnoxqi
ABQ,GPT,3.9,271,qmqjlndhiel
LFT,MKE,3.9,293,vumkimbbgki
LAS,SLE,3.9,67,/J000000000
FAY,PNS,3.9,274,knpiimgighq
GEG,ROC,3.9,358,xBqndkacbco
DLH,SAT,3.9,335,ggfsnkfifrr
MSY,SCE,3.9,337,eddrhrpmgom
BDL,GJT,3.9,332,nppyhdf8hok
IAH,RST,3.9,291,snpmljbcimj
CAE,RNO,3.9,415,qfmgdjhpkkr
MCI,SCE,3.9,350,nqgmmichfks
CHA,SBN,3.9,287,nhjrokhkikg
GRR,MFR,3.9,319,qwouch9caku
ABL,OTZ,3.9,334,omljogdkkil
DAB,HSV,3.9,325,mkeqjdcpfyj
LIT,ROC,3.9,322,ohnskgghgmm
DFW,RDD,3.9,371,lud8okeksho
MFE,SJC,3.9,314,fklkmkcjmoq
BUF,JAC,3.9,374,yyAf8f7khdl
CHO,XNA,3.9,338,nllpkdafnpo
AEX,ELP,3.9,438,dhlfiihomvm
DSM,MDW,3.9,221,fjecdc65yJI
PWM,TLH,3.9,371,zsrtigdeabj
FCA,MSN,3.9,341,rCzkbhjj7ef
CWA,SLC,3.9,353,riljhkisefo
MBS,MCI,3.9,295,molqljeefrj
ORF,PIA,3.9,243,ttmgek8bomo
OKC,SHV,3.9,315,gtnmfhfonlg
BDL,SBP,3.9,410,nklwgogidij
BRO,MSY,3.9,257,nrsnomcjidc
AGS,SNA,3.9,477,pieihmiicCi
BUR,RAP,3.9,290,Gvtidfe8fhj
GFK,SAN,3.9,424,lhgnkogkpoe
EYW,FSD,3.9,383,5c7bkpBHqkg
PNS,SHV,3.9,274,yuqmhgcdddo
OKC,TRI,3.9,329,pqknilckcjo
DEN,SCK,3.9,38,//000000000
IAD,PIA,3.9,275,mmmolfgffqm
LCH,SEA,3.9,355,trphihefejq
BWI,EVV,3.9,322,kmrhlkailhq
BIS,SNA,3.9,317,sklvfilfhgi
FAI,MIA,3.9,466,khifgCqlieg
BIL,MKE,3.9,290,ttonhlagffl
OAJ,PHL,3.9,311,mqnlijeijjk
AUS,MOT,3.9,316,sonlgh8iggw
IAH,RKS,3.9,367,mjlnilcogml
CPR,MAF,3.9,382,ngqldlekesn
GTF,ONT,3.9,267,rmoljifdiir
SBA,TYS,3.9,386,pponcmb9mgt
BIL,FAT,3.9,306,vopmdlfekco
AUS,CPR,3.9,321,oomppnafjgh
EWR,LNK,3.9,416,iilmfqnjhim
ACV,PDX,3.9,287,jorrffeieql
BTV,CHA,3.9,280,slmyeiddhfp
CHS,EVV,3.9,315,jinmgkegkmu
DLH,IND,3.9,301,ppukiedeeon
FCA,KOA,3.9,481,ea8fgdxNsih
ORD,STS,3.9,384,gpsspja9ggr
AMA,CHS,3.9,349,sgdogmciipt
KKA,OME,3.9,305,jmnljkghjln
BGR,OKC,3.9,332,qBxy889b8js
GTF,PHL,3.9,381,Eslfccddino
ATW,BHM,3.9,322,konjjhghkgr
BJI,PHX,3.8,430,kdjkinpoqna
CLT,HTS,3.8,279,nmjpgkgijnj
BOS,MOT,3.8,383,pvomkj9fces
COS,SBP,3.8,358,pnuhfifkjik
GNV,GSP,3.8,335,gjqokienlnh
HHH,LAX,3.8,414,nprmgg77hsw
EUG,XNA,3.8,349,rqeojjcejkq
ECP,FWA,3.8,305,qjfngb9skrp
GTF,IAD,3.8,386,ppndifcboqr
MQT,TPA,3.8,323,fbfffjhqBvi
CID,TUL,3.8,282,kikkonbjrhk
EVV,EWR,3.8,366,illijnhfkmq
PHX,SHR,3.8,306,ecijlnuhlrg
BMI,BOS,3.8,332,okqohi9ejpo
BUR,IDA,3.8,341,rnhndijjjjn
EWR,IDA,3.8,431,iupphjbeiip
CHS,MSO,3.8,339,Gxhidi9fggm
HLN,MCO,3.8,412,rhhdhjpsohi
FWA,TUL,3.8,293,omktigcikmj
ABI,ONT,3.8,358,gdjgkyookjf
BIL,MEM,3.8,308,xlhjmekeekp
CLT,PGV,3.8,298,kllsjkeoiig
BIL,CHS,3.8,333,otnngghgkfl
BOI,FWA,3.8,373,ornmjlfecmm
CRW,SRQ,3.8,278,vfigglbiqkt
CAE,JAX,3.8,351,njnihjeiqmm
STT,XNA,3.8,504,nb6agitoxor
BZN,SGF,3.8,317,vuBmbgbidal
CMH,MLI,3.8,272,mqrmgggijil
BFL,PIT,3.8,371,poprergfdhi
ILM,JFK,3.8,242,sssongdcbem
HNL,JAC,3.8,524,tjkegpaizjg
GRK,MCI,3.8,412,ojidjdcIhgp
JFK,XNA,3.8,348,pemoqufdefm
ISP,LAX,3.8,329,Bqgihm9cern
COS,LIH,3.8,436,ijiwlifilnh
FAY,TUS,3.8,370,lmffgknmpll
ABQ,CHO,3.8,365,mmloflfhjjo
CAE,SHV,3.8,328,moojhfdkkti
BOI,HLN,3.8,318,jmomikieilp
JFK,MGM,3.8,262,xiksmndegfi
BHM,OGG,3.8,691,lchieokkjgE
CAE,GEG,3.8,391,sllmihghelo
EVV,PDX,3.8,397,onqtijabgip
GNV,SYR,3.8,319,ogjkejftjrj
CRW,OKC,3.8,313,qjnlljdhhln
CAE,CHS,3.8,498,fjjneeaosto
HRL,TUS,3.8,244,kmllkleollg
LYH,MIA,3.8,309,gfcnofmnjoq
CMX,DEN,3.8,296,Iypgbbcieel
MHT,TUL,3.8,319,umsveg76hmr
ASE,BDL,3.8,482,srmienkso78
ITO,ONT,3.8,417,mjfqhmjjenm
GSO,PSP,3.8,357,eahlgllswkj
BZN,MYR,3.8,320,vxsn9ca8cot
DAL,IAD,3.8,268,wnjmgicdels
CHA,DAB,3.8,339,okkpkdekjlm
COS,TLH,3.8,320,wmjljeggkin
CAE,SGF,3.8,318,lgonhgfklsk
PBI,SRQ,3.8,251,775admpSLib
BZN,VPS,3.8,365,fuopfecfrni
MDT,SJC,3.8,413,sxnnlm6bckl
IAD,SGU,3.8,394,fnnlppicjjl
HPN,TLH,3.8,382,hnemipcipsk
MAF,MOB,3.8,334,mopoeekgjmm
OMA,SBP,3.8,336,omkqneaghlq
FNT,MCI,3.8,263,ulmtinbh9kk
CRW,PDX,3.8,395,Anrnffcafnl
BTV,EYW,3.8,353,b9bchdsvzDf
ABQ,BFL,3.8,272,kkgAqeehhni
MTJ,TUL,3.8,230,rkfnfoemw9i
BMI,JAX,3.8,321,jegejhbpvsq
SBA,SDF,3.8,362,letqhqgbcpm
PVD,ROC,3.8,265,mqoslicakkk
CID,SYR,3.8,298,mlrsmiaehkm
ALB,GNV,3.8,346,nqkmfqhhgmh
ANC,AVL,3.8,568,KFngbdab6cv
FAR,RIC,3.8,329,rplmliciejn
LRD,SJU,3.8,339,Agicfkleonn
MDW,MTJ,3.8,256,tdfrcohttce
BIL,PNS,3.8,326,npglefbkkmx
FLG,SEA,3.8,361,njmqnkahfpj
SAN,YKM,3.8,279,qmhdhnljhjp
BRW,PIZ,3.8,334,qomhijkifkl
AVL,ILM,3.8,262,lrrsfceihhp
PHF,SAT,3.8,334,lphklpdiinj
BIL,TYS,3.8,332,swzjkc9cags
PSP,SJU,3.8,441,lcbginhptAd
AVL,ICT,3.8,277,qijqnjbdkmo
FSM,IAH,3.8,281,inpmpkijggj
SRQ,TVC,3.8,354,kfhahfkDumf
BIL,ICT,3.8,273,qkqqkgefjil
AMA,MEM,3.8,307,jjmpkjblimo
LBB,XNA,3.8,331,imtvjccmkjh
ACV,SBA,3.8,258,kjnmioihkim
PSC,TUL,3.8,344,pojhlidiioo
DUJ,PIT,3.8,66,1oksmiegmqt
GFK,LAX,3.8,420,nnhgilgnjnj
GSO,STT,3.8,416,vebbfddntqx
SYR,TLH,3.8,349,umjogidemnk
BNA,SBY,3.8,369,ujmrjicaljo
HHH,SDF,3.8,259,sosria3dgky
EWR,OAK,3.8,325,XXjcgc459dc
IAH,RDD,3.8,382,mkc7ginoyol
MFE,SAT,3.8,372,gkokoogilii
CLT,RST,3.8,284,lmifffikplt
CLE,MRY,3.8,454,qrroki9cfmm
PNS,PSP,3.8,380,gedegmgrruq
CHA,MYR,3.8,288,rlspjfefhhn
AUS,BQN,3.8,256,kgfbfjojoiE
ALB,ATW,3.8,303,oqsoipbekdi
CID,ILM,3.8,246,ummojp5efir
ANC,BIS,3.8,494,KHmmad79ado
GEG,MYR,3.8,367,Drjpge6bemq
DFW,VLD,3.8,372,kiqofjeilnm
JAN,SRQ,3.8,324,gmhhligmrmm
BFL,CMH,3.8,332,vsltlkd9egi
AMA,RNO,3.8,340,plhldjffist
SAF,TYS,3.8,371,inqogfbljti
AEX,DTW,3.7,352,oduegjjjjgw
GNV,GRR,3.7,368,ngkkgpbqjmm
ATW,BUF,3.7,288,rttolbaegjj
MHK,TPA,3.7,304,qkkhjnhkkkj
AZO,CLT,3.7,276,kmdthkagpqm
BMI,PBI,3.7,321,khfehkcpBrh
ATW,BZN,3.7,297,xupggifiggg
PNS,VPS,3.7,574,klfhhhdkstm
BNA,LAN,3.7,260,smmjigenngk
RST,SAT,3.7,318,ghfgimnkonq
APN,DTW,3.7,151,oqlgikgmfhp
BHM,EUG,3.7,429,unfgfobbjtq
EAT,SAN,3.7,299,qk0kjqglmpo
BMI,PHL,3.7,312,omnihoahfku
MSN,RDM,3.7,358,sqnrogcfblg
RDM,TUL,3.7,319,qqjmjmjdlhi
LUP,MKK,3.7,49,noqdiminglg
JAX,RDM,3.7,410,nmmkihhoiki
ELP,FWA,3.7,357,ohohkjkjill
ASE,JFK,3.7,531,olac9jDBB75
MOB,SAV,3.7,355,oiejdhhoqqn
JFK,SHV,3.7,331,ojmoozbgfbk
GPT,SJU,3.7,422,mfafhhpsfjA
EAT,SNA,3.7,299,lm0sujgsgin
CRP,IAD,3.7,370,hlloikfenno
FSD,OGG,3.7,729,i8c9ihwQidn
LAN,MIA,3.7,281,dfciklotosg
MAF,PBI,3.7,399,hfglpmiimom
ASE,JAX,3.7,458,odfddyusD74
OGG,XNA,3.7,769,ofjicsehvgq
CRP,RNO,3.7,367,lgiidlglotp
ATK,BRW,3.7,191,kvelmqjhffk
BTR,PVD,3.7,314,jijpjmdbmos
MRY,PIT,3.7,467,pfjshheckmw
IDA,JFK,3.7,399,jxlfiihgesk
MOT,SMF,3.7,308,tnnlmldedfr
MAF,PIB,3.7,296,lhioglhjjmp
FLG,PDX,3.7,323,lnurfsd7bnn
CAK,SEA,3.7,323,clrmijdgipt
AGS,GRR,3.7,344,jlthko9lhnj
BIS,JAX,3.7,319,mmhmomfcmpg
PWM,SYR,3.7,312,qynwgibccfl
CHA,GSO,3.7,327,nomqfgdhlmm
LFT,TUL,3.7,294,gjqikgfknql
BTV,LIT,3.7,335,mqtCgdaedim
ATW,SJC,3.7,376,wstojbbedhl
AZO,BNA,3.7,278,nislggdmjmm
HDN,PDX,3.7,280,phgfbsnxo9k
CRP,DSM,3.7,305,fjklkokvhfj
HNL,JNU,3.7,503,qtkbgmbhser
CLE,PIA,3.7,254,ojqtakghlhl
LFT,SAV,3.7,290,niuukdgkfjg
RST,SEA,3.7,362,oiminiiijni
ROC,SGF,3.7,312,qprmhidbimk
DDC,DEN,3.7,175,lmjmliceepv
CWA,RDU,3.7,300,pnqqmiahhij
PHX,PUW,3.7,306,jeihmlgpppj
GSP,MLI,3.7,300,luipeidgjmm
IAD,MAF,3.7,415,kjjpkfdhnpp
ECP,EYW,3.7,339,wjnjhmgjfil
BIL,DSM,3.7,268,oksxhjbgfoe
CRW,STL,3.7,310,oktreeegpgl
MLU,SAN,3.7,349,rnllglbhmfr
COS,PSC,3.7,267,lowjficogij
CLT,FAI,3.7,625,GErdaj9ga8p
RST,TPA,3.7,299,pgfeffspjpn
ATL,CLL,3.7,319,ghtrlj9jplh
IDA,LGA,3.7,389,kytqahkigge
FSM,SAN,3.7,310,qoqmikgkcfj
JAC,MSN,3.7,343,mDrfadrng8k
AGS,HPN,3.7,291,mkipojgkhtb
LGB,RIC,3.7,288,Gpkjmg9adnm
DFW,ELM,3.7,456,kmkori9fimo
BIS,CMH,3.7,303,rtqmdecdjpk
EWN,FLL,3.7,268,edojlmltkik
BIL,BZN,3.7,0,tsvqcbcciho
BDL,DRO,3.7,361,onAodecidip
BUR,JAC,3.7,307,khigpnhheqr
GTF,STL,3.7,347,qrnlcjbbjiw
MLI,OKC,3.7,300,lhplignfeqn
SMF,YUM,3.7,373,jifkqkkmmik
ATW,ECP,3.7,267,bcdf9cdEvGm
ONT,ROA,3.7,378,nnogjmcigno
MDT,RAP,3.7,296,ADAmb7577kw
AVL,ECP,3.7,288,wqgqff6pjkk
KOA,PSP,3.7,491,jhgkijogppj
EWR,HOU,3.7,318,nqupiie7kni
MHT,MSN,3.7,324,rmmxhg7bgno
AVL,PSP,3.7,357,dfeoomiklrm
ROA,TUS,3.7,366,edjkfofvktj
BTR,DSM,3.7,299,hoolimpdbkp
OMA,TVC,3.7,297,Kuylddba87r
GRB,PVD,3.7,349,rtrohhe8kkh
IAD,LBB,3.7,366,kqonfpgfeml
CPR,SMF,3.7,260,uoklcicijnn
CWA,DCA,3.7,326,pmfimnhnflh
FAT,HRL,3.7,267,ijnhipmnihk
ABE,BHM,3.7,378,jkfskkjgepo
DIK,IAH,3.7,393,lihtlneljkh
MLU,PHL,3.7,313,onmmhkchpik
PBI,PIA,3.7,286,lcckgojullo
GEG,SBN,3.7,331,vrikerhdeik
MIA,MLU,3.7,314,uhdhghgtjlo
JAC,ONT,3.7,317,mlyjgmeadjt
DAY,MDT,3.7,301,gnoniibmlln
FLL,SBP,3.7,410,ghbiirqnpmh
ICT,ILM,3.7,276,xfhqqndiiei
MSO,TUL,3.7,284,Fnlhembbhet
BHM,GRB,3.7,356,hkvkhfgimqj
OAJ,PIT,3.7,272,pxmuhdggidg
FSD,MSO,3.7,289,Eohmjrccegi
LAW,RDU,3.7,313,olenolegkll
BZN,ROA,3.7,370,qmCi8r9gkkh
DAB,MDT,3.7,369,gjjljhgxfmm
DRO,RSW,3.7,349,idcdkpjtsok
BDL,BIL,3.7,338,uCwpifbabdg
ABI,SMF,3.7,376,muemuhbgdok
DSM,PSC,3.7,332,supmnfhbeih
CRP,TYS,3.7,313,ikhwqnbfhgp
SBP,SMF,3.7,310,miiqedgnqlo
CVG,MAF,3.7,343,pmksnjcdljj
FAR,SRQ,3.7,364,767fmjxCvtc
BOI,ILM,3.7,358,srolgjagggr
AUS,CWA,3.7,336,jmonjkaohim
ABI,PDX,3.7,362,ollehnghkpn
BET,NME,3.7,258,okoklaefxep
PNS,TRI,3.7,290,oonphidfiin
JFK,SGU,3.7,430,bqcumhdalus
BRO,OMA,3.7,246,nibjbgtBpbl
DSM,JAN,3.7,334,jklrkjflfpj
BOI,TVC,3.7,348,PKthgaba6af
ATW,XNA,3.7,322,lokpgjehhmo
MEM,TVC,3.7,313,Fysobchb9bn
BRO,SFO,3.7,391,qrenjiccjqo
FCA,GSP,3.6,416,QwEgd9ad5bi
DLH,FLL,3.6,370,feaddgusxqn
AVP,PDX,3.6,403,vuqmhe9gelk
GNV,GSO,3.6,323,jmjkkjhkion
GEG,ILM,3.6,370,AAohlf7eehj
ELM,MCO,3.6,335,mrmqqfkaaip
CHS,MGM,3.6,309,hflpjgjnkmn
GRR,HPN,3.6,265,ksmqjmgkigg
BIS,HNL,3.6,625,qa8acsnmwdA
HOM,PGM,3.6,119,kpkqjhghhmk
SNA,YKM,3.6,324,hjiwalfllpl
MEM,MFR,3.6,334,rmmoicfdnok
FWA,PVD,3.6,310,tlsnfiafkim
ABE,DTW,3.6,320,qlmqhshifck
JAC,PSP,3.6,376,bffjjmokCji
OGG,TYS,3.6,893,mbjhbhrmpez
DAB,PWM,3.6,324,ppookdeggph
ABI,CLT,3.6,378,flhlejdgqru
CHS,MTJ,3.6,348,mef78opQobj
PWM,SBN,3.6,258,troxgf8bgho
AMA,LGB,3.6,260,okgkrt9lggl
FCA,LIT,3.6,367,yGse89kep9h
ATL,COU,3.6,378,gicmffdlrsx
BFL,MEM,3.6,341,fqjmrpfjfmg
FWA,IAD,3.6,316,kmolmegllhn
BHM,MEM,3.6,368,hklshigkmpf
EYW,FWA,3.6,341,heciwnjrjjk
LBB,OAK,3.6,318,qkfpmthjhci
FLL,LAN,3.6,282,ijjkhippkli
CMH,OAJ,3.6,273,nqtklfeieim
LIT,TLH,3.6,381,iijtfkililn
GRR,PSC,3.6,392,vpkqrigegee
CRP,GRR,3.6,323,jkcldnhrolo
MEI,ORD,3.6,440,lqtkfgzoacc
LIT,MLB,3.6,335,hijjhmrlfjo
ACV,MSP,3.6,378,uvnldd9ffpo
CLT,FLG,3.6,382,jhqongbmesl
EUG,LIT,3.6,367,vmkmhiffkgo
GNV,SJC,3.6,433,knjhlqfeflu
FSD,SRQ,3.6,323,hkkfifnsksh
ASE,MEM,3.6,406,qjfc8txjL84
GEG,GRB,3.6,367,omrmjncfhkj
DCA,LSE,3.6,336,qokgkafdgxr
GNV,SNA,3.6,493,jqgmkmerjii
CID,GRR,3.6,275,ikrokkfljih
MTJ,PBI,3.6,425,f9f34rtDMge
ALB,FAT,3.6,373,Rmxpgh7889l
CLE,TVC,3.6,302,yxnveegj6eg
ECP,MYR,3.6,284,rrircd9eiqt
ILM,SGF,3.6,278,pmluok8cbks
BFL,XWA,3.6,402,qolilkjihgk
BWI,DLH,3.6,318,rolhhdkfapw
ANC,SBA,3.6,450,Dundgjchfgj
AZO,SAT,3.6,298,qnffkibiovk
AEX,MIA,3.6,347,kcjgfhjlplx
ATL,CMI,3.6,297,jmouniagjji
FLG,MCO,3.6,412,jagdpwfgmsn
BIS,CLE,3.6,328,pnonlhcbnin
AVP,BOS,3.6,226,hjmimhjfqmo
BFL,LGA,3.6,366,pumyhkf99of
GRR,SHV,3.6,304,qmokjf8hgrr
LEX,ROC,3.6,326,rjjwfh8ojfp
MAF,MLU,3.6,339,tsnmhffiglf
ADK,ANC,3.6,538,rBthbaaccsp
ROC,TLH,3.6,332,kqfkiphfipj
HSV,SBA,3.6,447,skqdejhlmhn
ABI,RDU,3.6,368,pijmgrcdolp
CPR,TPA,3.6,353,ihghkojjonn
MRY,SJC,3.6,0,qinlnkgggjl
GRR,MTJ,3.6,285,numjgicrmcj
ATL,GUC,3.6,353,igp9bmnKx7b
LAN,SAT,3.6,313,mlfktkcmlfp
ICT,KOA,3.6,512,qolbmdnlkgo
FCA,MSO,3.6,617,/Nqb6a7ca8g
MKE,SBP,3.6,364,nmllmhaghms
CLE,PSC,3.6,368,wkpmihgdfer
CHS,LCK,3.6,32,//000000000
CHS,CRW,3.6,324,qfpqogghifl
EUG,IDA,3.6,287,hqhlkgjnikm
ICT,MOB,3.6,295,ljqorj9hgjn
MSP,RST,3.6,232,lhmlnqglgki
GEG,KTN,3.6,345,NSybfa57bdb
FSD,PWM,3.6,326,tuKyib6689o
LNK,SAT,3.6,316,qlgjnddkokp
COS,MFE,3.6,249,lggrlpfenlk
BOS,GUC,3.6,409,gmil6rjztde
CRP,TUS,3.6,329,okijmimjeko
COS,MHT,3.6,275,SAzrgj3548d
GNV,PVD,3.6,321,rqmkmghijig
BDL,HDN,3.6,305,gfc9ciPLo6a
EGE,OKC,3.6,366,ooiainkzs8b
PIT,ROA,3.6,311,fmoyjedjini
MSO,TYS,3.6,346,Bqqgjaejhkf
AEX,BWI,3.6,336,hjgkisjhkpl
ICT,LEX,3.6,302,mpfmjfengtk
HOU,XNA,3.6,292,itlpchcmnph
RST,RSW,3.6,350,l9dccqpAvjh
MCO,RDD,3.6,376,oc77liqymqn
AZO,PDX,3.6,282,txnlfiadhnj
MGM,PDX,3.6,350,onnkfiekphl
OKC,SBP,3.6,350,rnepfkcihop
LYH,SFO,3.6,410,mhfkjidclsz
LRD,SLC,3.6,320,npi7cmijmov
GUC,LGA,3.6,447,hpgh9doOsba
FSD,MCI,3.6,337,kgnqjjjlkhl
GSO,SAV,3.6,304,ijkuie9hkvo
BZN,RAP,3.6,303,Hwye7c4d7eC
CMX,DTW,3.6,247,iozimetlcfd
AZO,MCI,3.6,304,qgomggehiro
CHA,JAC,3.6,425,Aplk9hipi9m
MFE,SBN,3.6,300,blhmmrhkmjm
ABQ,GRB,3.6,314,ykotkg7egli
FAT,LEX,3.6,349,qsqmgieglej
MFR,MSO,3.6,285,ntjrimgcigm
JAC,SAV,3.6,457,Bqtbclaeqbm
IAD,MDW,3.6,193,hurvm87eclv
HRL,SDF,3.6,250,ojimfldftip
RSW,SBY,3.6,403,hgbhfjorrpl
BUF,GRB,3.6,295,qlsugbggcjp
ATW,PSP,3.6,366,b9adnrryxkd
HRL,RNO,3.6,298,jgndnpioijn
FBS,KEH,3.6,200,//r8100019j
ABE,CVG,3.6,385,isowgbffkho
DLH,EWR,3.6,369,ruqgnkeagli
LAX,PHF,3.6,404,nfollriiemg
GTR,PHX,3.6,328,khqfmqfhohm
LBB,RSW,3.6,377,mihemhohlks
CHS,EUG,3.6,347,rllngkbdlpl
LGB,SAN,3.6,289,slpijjgllfi
BGR,DSM,3.6,265,yBMB95357bp
AMA,RSW,3.6,357,okchnpgmjqh
MAF,SGF,3.6,344,plrvifehdjj
HSV,JAC,3.6,416,uxwn6kfhg4n
AVL,GNV,3.5,313,jursiibjeig
DFW,SBY,3.5,472,xlnmfhajlim
JFK,OAJ,3.5,261,mrukpfgcjhi
DLH,TYS,3.5,451,nnmrk9ejjmn
BOS,MQT,3.5,333,ABsjhk879kk
BTT,FAI,3.5,183,QQo59cbjk79
PSC,XNA,3.5,362,ninrjflgjil
BIS,CVG,3.5,289,xqmplj7bhhm
CLT,MLU,3.5,334,rogiihggnsh
AUS,XWA,3.5,361,riigomgjgmm
CHO,DSM,3.5,277,tosoliibckg
AGS,BUF,3.5,315,vlsmijaifim
EWR,GTF,3.5,378,sDqnidc8bhn
LFT,ONT,3.5,315,soilkphjdfj
IDA,OGG,3.5,467,68iqbeAppqq
ERI,PBI,3.5,300,lddfngjutll
PIT,XWA,3.5,457,pkpqj9kgmik
MBS,STL,3.5,282,kmqplgeijjj
FWA,ICT,3.5,283,qmlpmfgfnlf
ELP,KOA,3.5,427,pmnickjephq
JFK,TVC,3.5,313,xIDtbe9697h
MYR,ORF,3.5,272,tmrqgebglji
SAT,VLD,3.5,353,plhiekkmpik
PUW,SAN,3.5,294,fhfrhitjosb
DCA,HDN,3.5,326,44543tPTMa5
MFE,XNA,3.5,279,hgkpoqehkgp
CAE,CID,3.5,282,jnnlkigjfit
ADQ,FAI,3.5,283,mslhliikjjh
GUC,SAT,3.5,354,mndb9uqAv5d
BHM,ISP,3.5,252,tqhlwp78din
MEM,XNA,3.5,413,jlqplhhogjg
ABI,LGA,3.5,420,ihkogrefqml
FAT,MDT,3.5,374,qmqoilbkdfo
CID,DSM,3.5,575,lmnnmnbfiiq
IAH,MHK,3.5,320,pbpilkdhjpq
BTV,LEX,3.5,301,puorgcbiclp
CVG,STX,3.5,390,fb6afovpFqg
BTR,CRP,3.5,329,ijqokhjillg
LNK,RDU,3.5,322,mjdljmgmkon
PHF,PHX,3.5,384,mklkmobihnl
COU,EWR,3.5,337,88frrCbelrn
HPN,LEB,3.5,140,jpnqkhehhoh
DFW,LSE,3.5,447,pkjfgfhklvm
LAX,MHK,3.5,365,lgaljykghnn
JAC,XNA,3.5,357,CwBnagaehae
RDD,SNA,3.5,337,lkdeirkfopo
MBS,PDX,3.5,364,uxnoeo99ggm
CHA,PNS,3.5,335,wnkmjgeghjm
LFT,MEM,3.5,320,jplinphhime
FAR,OGG,3.5,699,7c6aezHFuca
ROC,SYR,3.5,246,vrpoii5efhq
BNA,TYR,3.5,313,lhholqfjoij
MTJ,PNS,3.5,291,o9bh9chEyrl
EWR,FAY,3.5,251,ojlklkrhgjg
EWN,IAH,3.5,389,otjghnekkjj
BOI,KTN,3.5,350,S/s9b8468ab
AVL,HPN,3.5,275,jvrtfffehkh
BRO,IND,3.5,285,mfdtjlfnrkg
HHH,MCI,3.5,303,Iwlkc835atB
EYW,MHT,3.5,331,ihhfkkeikEk
DEN,ROW,3.5,229,b873573pLRQ
ATW,GEG,3.5,323,zrtkidiefge
FAY,JFK,3.5,208,onwpjchacpk
HPN,ILM,3.5,232,pumhhhhmmhe
GNV,LIT,3.5,362,mkghllfmtgl
FAI,VEE,3.5,240,jihmhnjkkqk
LRD,MSP,3.5,322,lhejhpjAjje
TVC,TYS,3.5,307,Eyurdcaa8cp
ATL,MQT,3.5,347,qxmrggcmejd
CLE,IDA,3.5,373,rrnngldhder
BOI,DRO,3.5,270,oosmmgihajk
LEX,PSP,3.5,392,cadeospqtoe
DSM,OMA,3.5,538,pronjgahilj
FAR,RAP,3.5,324,gkppdgimdpp
MFR,SBP,3.5,262,omeohgefjuo
BNA,HHH,3.5,256,rsmnjb8ebnz
SCE,STL,3.5,344,ljkrlkaghlq
ROA,SYR,3.5,284,mrmulfdhfpe
PWM,TVC,3.5,312,BLEo9c578bl
GSP,OGG,3.5,759,gelefmmonwi
LIH,MSN,3.5,622,bdhdhmCzrfd
LNK,SEA,3.5,341,nlslfgfemok
FAY,ONT,3.5,354,tmilisfkkeg
JAC,LIT,3.5,365,sByg9deji6p
EVV,MSY,3.5,339,jglshkfihop
AVL,TLH,3.5,329,upmrhgafjli
ABQ,FWA,3.5,321,zlhDhhcbehk
FAY,MSP,3.5,330,onmnflgeiko
DAY,GEG,3.5,349,jrloglgamko
CRP,LIT,3.5,331,lsikoegilhm
ELP,ILM,3.5,338,elhhindqnnp
BQN,DFW,3.5,230,tkeiaca8frV
AMA,CLE,3.5,355,vnnpnjacfmh
AGS,TUL,3.5,353,mllpklekctf
OMA,TRI,3.5,306,pjqphechjis
BMI,SAV,3.5,319,pehnhffeqmv
ALB,GRB,3.5,332,qnnwjkeddfn
CIU,DTW,3.5,193,milolrflbkl
JAX,SBP,3.5,349,jffmplghjsn
BUF,RAP,3.5,284,AUEpb6676ch
CVG,DRO,3.5,305,rmvsjf9jdhi
HRL,SNA,3.5,266,hghjbodxrkm
CMI,IAH,3.5,356,ommqkiabohp
EUG,FAI,3.5,360,pwpdlgbelkn
CLT,COU,3.5,358,ggvkkggkflu
AMA,BHM,3.5,323,jljqsqbcimi
ELP,MLI,3.5,318,johklqiffjq
AVL,BHM,3.5,332,ookmmkhigkg
IAH,ROW,3.5,304,qmhleibepqp
BUF,GNV,3.5,320,oollhkahgoo
ANC,MDT,3.5,551,PKmedf689em
SHV,TUS,3.5,286,ngklikikmnk
BZN,GRB,3.5,314,ttokjgjgcco
DRO,GRR,3.5,291,lrynfmaagho
GRR,RST,3.5,276,gjmijmsjilj
ATL,ELM,3.5,402,mrkxloch7ij
BTR,ICT,3.5,299,ljolnngfgmk
BIL,FAI,3.5,427,vyoigidfcgm
AVP,SNA,3.5,410,qnkeeflnomk
PSP,TVC,3.5,407,jhdhhkkxrhk
RNO,SGU,3.5,298,nsgnkgknnef
CHO,RIC,3.5,419,flpprd9gjrn
ACY,BOS,3.5,176,sFnfbhlfdgk
BIS,IAD,3.5,363,tnomge79por
BHM,HSV,3.5,366,jiljljcmqml
GRR,HDN,3.5,310,ddecbooWwaa
FAT,MFR,3.5,278,rqsngkadfin
LCH,SAN,3.5,308,ijisgkiilnk
FNT,SEA,3.5,291,Ezlred9behk
BTV,GEG,3.4,393,zswjeedgfao
PHX,STX,3.4,449,mg7mipkkpqk
BTI,FAI,3.4,398,qmsmjlbcflo
ABI,MCI,3.4,354,clgokiehnsr
BDL,SAF,3.4,444,mmsuekgfhhj
GSP,RAP,3.4,329,Pvwle8759nk
MLB,PVD,3.4,316,okplemghhqi
ATW,VPS,3.4,280,k9hgebetDtk
HPN,SBN,3.4,293,hjjlkhihnsk
SAV,SBA,3.4,412,qgrqqgdflii
MDT,MLI,3.4,300,pmskeicgisj
MFE,PSC,3.4,311,knicotqejgh
CAE,HSV,3.4,343,jplnigagpkt
BTV,HNL,3.4,842,iggfcqfugyo
GSP,MSO,3.4,341,Nwmdcebcmbo
ABI,MSP,3.4,363,tljfehdqlnk
AGS,LIT,3.4,341,nsjgjmjifqg
MSN,ROA,3.4,309,lmmsnidifin
CPR,IAD,3.4,403,qiikikcbknw
CID,HSV,3.4,310,kqojnehpfkh
ERI,LAX,3.4,325,ohhinlfmjml
MQT,SEA,3.4,352,uQweic7a5im
BWI,GTF,3.4,391,Gikegdfdcss
FAR,MSO,3.4,316,mvuscoajcdj
JAC,PVD,3.4,408,tEFi0djmm3c
CLT,SCE,3.4,305,rpomkkbfhnh
LGB,PNS,3.4,314,ifjcok9ehAC
ACT,BNA,3.4,295,jkltfmejjhq
CMH,ISP,3.4,230,wqktlk79gim
JNU,SNA,3.4,396,Mzgaedaoh9o
PWM,SJC,3.4,402,GGBtb679abh
BMI,SLC,3.4,356,sfjieghjpls
CRP,RSW,3.4,332,ffoohpllrgf
BTR,CHA,3.4,314,jgjmnkgpkpg
BHM,MFE,3.4,301,gjokhkhpbpo
FSD,GSO,3.4,338,rgevtibafnq
DSM,RAP,3.4,289,irqnfhjeepm
ACT,PHX,3.4,360,jhljiijiloq
BHM,MLB,3.4,328,qopniiclhih
MFE,MSN,3.4,282,eckmilkrjlo
ARC,FAI,3.4,245,ouwgjfgeipc
LAX,XWA,3.4,318,vikoikbkelm
CMH,LNK,3.4,316,jenjpldqill
BDL,CAK,3.4,286,hlolmlkkihj
PIA,RIC,3.4,274,wnjkkkegcet
ANC,SBP,3.4,416,Gsgijibc9no
OAJ,PBI,3.4,284,nrnfiieeqmj
LGA,PSC,3.4,407,oqqkjoieefk
ORD,RHI,3.4,240,//z3242214c
ECP,HPN,3.4,360,qDkmfj6bjud
HDN,RIC,3.4,318,ea977vA/q38
DAB,ONT,3.4,367,knqkinljgfi
JFK,MSN,3.4,352,tokzogc8egm
DAB,DAL,3.4,352,qgkofrdcmmo
GRB,GRR,3.4,307,jcrrmgesgim
GRB,GSO,3.4,315,keotnldcjqk
LAS,SGU,3.4,531,cepqgfdjnsr
ELP,MYR,3.4,348,proifq7bjlq
ABQ,MOB,3.4,289,nnkogoiinid
COU,MIA,3.4,385,efbjmkjmnqt
BRO,ELP,3.4,277,ikiilkdtljo
BOI,CPR,3.4,282,mhondndimmn
KOA,SDF,3.4,608,C7iiijfjgpq
BLV,SAV,3.4,53,/y00000000/
PHX,TYR,3.4,388,mcjjkhfkolw
DAY,MSN,3.4,316,jmskjfdnfmn
SBP,TUL,3.4,282,roishjcefjs
DAB,TUL,3.4,319,vlfjglhqifl
BDL,LFT,3.4,335,hqerhvenghi
SBP,TYS,3.4,360,njkpkhcjfrn
BGR,BUF,3.4,275,pHzAdc988ci
CLE,TRI,3.4,325,nnupgdajljk
CMH,SDF,3.4,303,mmrlneblogj
DLH,MCI,3.4,366,kqulgcbohpi
IAH,ITH,3.4,373,fooumifejkk
GJT,TYS,3.4,348,mmmvjj5cnnm
CHA,SGF,3.4,317,djmolndoikn
BNA,VLD,3.4,318,nimlnebslkk
SBP,XNA,3.4,293,qinllpedcfw
BWI,JFK,3.4,491,tjonklabkin
CWA,PDX,3.4,361,nnooilgfijl
ISP,SDF,3.4,242,Blnwag79mko
ANC,HLN,3.4,395,Dyp9ehadiin
BNA,STS,3.4,421,sjkihd9cixx
FLL,ITH,3.4,300,eab9jlCuwjh
BDL,KOA,3.4,638,mtcefmxkbsf
BUF,FCA,3.4,338,LMUj9a4654c
CAE,VPS,3.4,281,npkklkagjrj
HDN,MDW,3.4,255,jgaahuzDua5
DRO,OMA,3.4,226,lhirmnigemn
BOS,GFK,3.4,396,tvfojn9diki
LGA,MOT,3.4,361,iqsmiodilgh
CMH,SBP,3.4,375,ijgpkkddsks
ATL,SBY,3.4,392,osokfhhigin
ACV,AUS,3.4,339,yrgljjgafko
COS,FAR,3.4,281,pxspeijddgg
GSP,TLH,3.4,340,gmimohapmom
CLD,SAN,3.4,0,ifcghidjuty
FLL,MOT,3.4,369,hkjhhjvroeg
BOI,HRL,3.4,283,nlckgqh9ijC
HRL,OAK,3.4,253,xecmhxcghmm
ABQ,DAB,3.4,382,lgjofleineA
BHM,CAK,3.4,292,olmmjmdphkg
GRK,TPA,3.4,300,jilflnfhnno
ALO,ORD,3.4,274,rnmhanhediz
BHM,RAP,3.4,325,swqmfd879qx
DEN,PUB,3.4,82,ookkokdellj
ECP,ILM,3.4,287,qlkhndggers
DAL,ICT,3.4,232,kpqrieekjik
GRB,SYR,3.4,347,joksingkghi
CID,HOU,3.4,264,hgiilqnilkl
FSD,TUL,3.4,319,ppmnhjfbjnl
EYW,SBY,3.4,411,9adllmoyqmi
SDF,TVC,3.4,305,Dvtndbacain
LAS,PUW,3.4,299,nbfojkmnrqa
DLH,STL,3.4,324,prpschhehlh
BIL,EUG,3.4,267,kytsfdechgm
PUW,SNA,3.4,326,kjkgmffAfre
AGS,MDW,3.4,322,srukkkchgdi
AMA,MKE,3.4,316,utqmel8hggk
CVG,SGU,3.4,356,lmnnmccegpu
ELP,MGM,3.4,354,oeefhlimfsw
LCH,SFO,3.4,360,skjqkidfhjo
AUS,CRP,3.4,272,kkpmiihknlg
BUF,CLE,3.4,303,Hqwnee5cfem
ANC,TVC,3.4,551,QDrghc66a8r
DSM,TLH,3.4,359,jljhkggprjm
BIL,MFR,3.4,259,jvsvlh8c9ko
PHF,SEA,3.4,439,mrmkffhgopg
BUR,LEX,3.4,391,rkjkkqhfjem
ABE,GSP,3.4,358,jighjlfetun
PIA,PNS,3.4,264,lmjngfckmpp
ABI,STL,3.4,349,jggnhkgkmkt
BWI,MOT,3.4,309,zqmwkd8bjhg
CWA,PHL,3.4,351,ltmorhcgcnj
CHS,HDN,3.4,367,95543FAWDc7
MGM,MKE,3.4,316,tqklhkaijfo
JFK,OAK,3.4,372,dccklkjkroy
PNS,TVC,3.4,295,nlssgk6kjkj
MCO,SJT,3.4,457,ddfizikqojh
LCH,SLC,3.4,329,jgnmlg9qtjk
ATW,PVD,3.4,299,pypriga8gjm
ADQ,PDX,3.4,463,BGlgeecbdgo
MLB,OMA,3.4,362,fmnjcrepmmi
BZN,SJU,3.4,461,b96edrlqNko
JFK,SBN,3.4,303,mllqttihbdd
MRY,OMA,3.4,354,lhfshigkhlv
BTR,MSN,3.4,343,mrknfedinnn
LIT,OGG,3.4,641,uhifgfkfnhx
PHF,TPA,3.4,319,ibkjjtcnqpi
BUF,SBA,3.4,385,Gyxse8adbfd
HPN,VPS,3.4,306,vsfliocfeqg
CWA,MSP,3.4,242,qjpflojkhif
MSO,RDM,3.4,281,yrjmkhdf9gp
CAK,SFO,3.3,389,heimfgdomxr
EYW,SMF,3.3,456,ph6cfqrjqpl
CMI,SAT,3.3,334,hjgpqgdvmkg
DTW,LYH,3.3,269,fkqpni9eiqq
COS,SBN,3.3,294,osoplnceiff
ANC,CID,3.3,505,RJpeea85b9p
ABE,SJU,3.3,277,fd5ginzoqjq
ATL,XWA,3.3,345,ohipplcfmgn
ALB,JAN,3.3,364,oknrljgffjl
GCC,LAS,3.3,327,hhgimFoiD07
CAK,SNA,3.3,371,iehpgjlomkn
KTN,PSG,3.3,227,qqkmfbgmdpp
AZO,ORD,3.3,313,nimoggejlnn
FAY,SFO,3.3,368,sklefkbevgs
ALB,JFK,3.3,535,IvlDhj559ci
CAE,FAT,3.3,405,qgysgeejflf
SAV,SCE,3.3,293,okmobohdfwh
CHO,TUL,3.3,295,oiorogalcln
FAR,MFE,3.3,343,ckgigqlpsjk
EVV,SMF,3.3,386,vqnnfgfahko
ALB,BUF,3.3,295,Oowpcb9bcbm
AUS,GTF,3.3,362,okgplo9eknp
MSO,ORF,3.3,371,Myjjfh9a9ep
MCO,TYR,3.3,384,phem9opkmll
FWA,STL,3.3,309,llomgeikljm
MDT,MSO,3.3,306,KFye4ad9ebp
CLE,RST,3.3,299,ghfsjldilps
DCA,MQT,3.3,321,rAojhjbhffl
BNA,LNK,3.3,313,fpklpedjitj
DCA,SUN,3.3,447,eiei8srzG96
HRL,LGB,3.3,217,Dllnqlbdggd
DFW,HHH,3.3,337,qxtkd87ckns
GRK,SJU,3.3,351,sefjsliejkp
BIL,ORF,3.3,322,qvpljgcehgm
ECP,SAV,3.3,299,ojmieeejjzm
ALB,HHH,3.3,298,oqktj9bacyp
CID,SBA,3.3,294,rfkplgdbojs
ANC,GRB,3.3,514,OEpkba75ccr
ELM,SAN,3.3,395,urjhmgkg9jq
BFL,TUS,3.3,332,ookmolhildf
BIL,FAR,3.3,316,ipjrgnoodfh
AMA,SAV,3.3,320,vmbqdf97gOk
SEA,TYR,3.3,372,kxqjenfaflo
BTV,HSV,3.3,304,wrpsdi8igbo
GNV,ONT,3.3,410,fjglikgjsoo
LBB,OKC,3.3,305,gmmpldelopi
FCA,ORF,3.3,397,DGCebc8ceci
GPT,TUL,3.3,291,ljjmlidhnjr
CID,ROC,3.3,272,lnlpllgfieq
FWA,GSO,3.3,294,rmljkdejmmn
FWA,XNA,3.3,327,qiqkihdmisf
IAH,PHF,3.3,279,wuengjjhkib
LEX,MLB,3.3,349,khdkminpkph
FSD,PVD,3.3,323,vmwnhgf8lfk
BUR,SUN,3.3,321,ikmqgpijflk
GSP,HSV,3.3,356,jisrmfdoikg
AUS,FNT,3.3,266,hlmqiiflgit
ACY,DFW,3.3,269,xjjkighlmjf
BUR,MYR,3.3,331,xyleflc9lil
BHM,BIL,3.3,348,xnqohegegfl
BLI,OGG,3.3,459,gjjmfsspdhh
JAC,MDT,3.3,410,rCCg5aaug4q
HHH,MSP,3.3,276,qsjqb94bsur
GJT,PNS,3.3,304,tkpmdhdhcqr
MSY,XWA,3.3,407,mjookifeljo
AUS,BRO,3.3,225,ihnrkkfiqme
SGU,SJC,3.3,319,jlmllhffpoj
BNA,EWN,3.3,321,ijmrfieiptf
DHN,LAS,3.3,547,jehikagnvnt
EVV,PIT,3.3,334,rotpee8mkij
CPR,SNA,3.3,278,jheljnoliok
DTW,MOT,3.3,328,qxdrhhffihm
CWA,RSW,3.3,408,beelgiuylni
FSM,SMF,3.3,327,qqrimlfchel
HHH,ROC,3.3,260,rwjfgba9mws
AKN,SEA,3.3,615,/Hj962234dJ
MLU,SAT,3.3,310,nkpkpldlekh
OAK,SRQ,3.3,303,ka9dnEkkukh
BTV,PSP,3.3,414,b9fmblsAxlb
ATW,RNO,3.3,400,ylmjkfiefio
BNA,XWA,3.3,328,jlktjjjlgcp
GNV,HPN,3.3,350,mnjjnhdphud
JAN,MYR,3.3,302,onmrlbeifjo
EWR,RST,3.3,315,hkogngignon
LIT,MFE,3.3,275,hihliolphll
MSY,SGU,3.3,317,icfoppemjql
AEX,SLC,3.3,417,hfhleidlhAv
ATL,CSG,3.3,282,n6127ijqDIy
JAX,MRY,3.3,451,mkokmnfihim
MSN,SBP,3.3,318,kopqkicldho
HHH,MKE,3.3,283,kqgkfe7ajxE
GPT,GSP,3.3,344,jlhslijmkig
GSO,SHV,3.3,324,nkjnlkeikjn
OTH,PHX,3.3,327,xurkee9efnl
BFL,JAX,3.3,374,knmhksrgbhj
BRO,SAN,3.3,308,pomnjlgihgj
MLI,ONT,3.3,326,rvpkfddhepm
CVG,SAF,3.3,301,knqnigefhmq
BTR,BUF,3.3,304,xmwnfjdghdh
MOT,OMA,3.3,308,jokhkjhijql
HYS,LAS,3.3,235,heelgxkpmik
DEN,GTR,3.3,340,osfhnnccmri
MIA,RST,3.3,345,ijmikclpybl
GJT,SDF,3.3,296,kltuff9bojq
BRW,NUI,3.3,297,ooljjkihilk
MCO,YUM,3.3,475,nhegvkjojki
EWN,MIA,3.3,287,jpjmmliqfif
MFR,TYS,3.3,391,lnrklcbdjso
HSV,MSN,3.3,305,mnpmjgedkht
BTV,ONT,3.3,391,mwrzli9cdck
BOI,MRY,3.3,275,llooocggkjo
BLI,IAH,3.3,432,fkihpimghvk
OTZ,SHG,3.3,343,kohrkegdnuh
COS,MOB,3.3,285,wmpofkdehji
FAR,SJC,3.3,345,Fnslfgfagdl
CRW,SMF,3.3,367,tmqlln88erm
GPT,MDT,3.3,331,pfjlgnhjllo
AGS,SRQ,3.3,318,mkfelidpkso
EUG,FSD,3.3,306,slmrljfkcel
CLT,GTF,3.3,338,Bwekjdaclhp
HNL,OAJ,3.3,582,ugohgohhkgn
AGS,SYR,3.3,317,qooplgadmji
BDL,MTJ,3.3,337,qpimbgerpfm
MLB,MSY,3.3,352,eimppkfgplj
MOT,PHL,3.3,354,uudlpmb9fqj
EGE,SJU,3.3,617,82528P/nn98
ABE,OMA,3.3,323,pnjhpldamlo
HLN,SFO,3.3,318,vpnjkehdfnj
CVG,SBP,3.3,375,ldnoll9fppo
AVP,CMH,3.3,327,hppgfnfgnok
BIS,SJU,3.3,372,jideintziei
ATW,SYR,3.3,356,pomugnfdehm
BOS,SBY,3.3,310,sypxhh96ijf
CRP,JAN,3.3,330,kjjjkikhmom
CLL,SAN,3.3,374,gijjrqeepjo
ALB,SBA,3.3,371,ttmngy6b9li
DFW,GRK,3.3,383,erfefihvqjn
COS,FSD,3.3,279,qkBgkjefjgi
COS,JFK,3.3,280,qqjomgcgdql
IAD,MGM,3.3,387,iklhkjcdort
SRQ,TRI,3.3,344,lkkshkekjio
GPT,JFK,3.3,275,jfknowjhike
BUR,DAY,3.3,391,kijohkkjjqi
MDT,SHV,3.3,337,ssioiabhjol
ECP,ROA,3.3,273,ujpjhfdfinr
GSO,HPN,3.3,246,pqlomkcbjni
ABE,OKC,3.3,374,lkngnneekpm
BGR,CHA,3.3,264,ssCx9d49bgt
BWI,MLU,3.3,307,ljklgobfhlz
EGE,MKE,3.3,300,impeflpqp9i
HLN,ORD,3.3,360,kspkflhjhim
AVL,BUR,3.3,369,olhtbtgghfp
CAE,EYW,3.3,334,xfkidmiglqi
DHN,LGA,3.3,421,jhewtoagnhj
DAY,RNO,3.3,410,rokohc9hmjs
HHH,SYR,3.3,276,prvud699ets
HRL,ORF,3.3,284,njimqvdbejo
BHM,SHV,3.3,326,rlnlhgfikho
AGS,MDT,3.3,347,ihkmribenuk
GSO,MLB,3.3,313,iuoofgheljk
LIT,STT,3.3,516,tgablnhmnmq
MDT,TLH,3.3,369,ilrrgjdnklg
FAR,FAT,3.2,378,uukfiibijgp
BTV,DAY,3.2,315,ipoxhj9iigo
CLD,SAT,3.2,265,gifahnmgflM
FAR,ICT,3.2,332,klsmgkgdhlq
DSM,MHT,3.2,323,xJkoa78bcls
DSM,JFK,3.2,327,gopllufebgr
AVL,GSP,3.2,453,oslqml6dfjp
AEX,CLT,3.2,317,plomhkimhfj
BNA,HSV,3.2,520,kjilgpdgvlk
CMH,MLU,3.2,304,rrslde9ckiv
ANC,JAN,3.2,583,Dthheefeeit
ALB,TVC,3.2,318,CCzncjb8abe
MSN,RAP,3.2,278,tsrnhhdc7no
COU,MSY,3.2,333,eddkjijgsvt
ABI,MIA,3.2,350,ihhljukkijl
FNT,OKC,3.2,255,snlhhmeghom
ASE,PSP,3.2,368,cbgcjmCuzi5
ISP,PIT,3.2,220,wqqkmoa6cll
BNA,TRI,3.2,324,mjqkjkcdpok
RNO,TVC,3.2,395,JAzmeecd5bc
DAY,GPT,3.2,302,ghimjocktmm
CHO,IAD,3.2,256,fckpmtbcron
ABQ,STS,3.2,321,jfgkbjfcaGG
ILM,VPS,3.2,286,ngrolieggol
MEM,MOB,3.2,363,mnnnnhedjnk
MCO,TXK,3.2,347,hbfiqpfxgmo
ASE,EGE,3.2,1281,pkb43ylNz7c
MCO,SUN,3.2,417,hiebcnqCuhf
FAT,JAN,3.2,381,ynmnhgeeghp
AUS,MHK,3.2,294,gjkknlhmght
IAH,LCH,3.2,260,fjhmvofgklk
GTR,LAS,3.2,386,cedmnqopocp
CHS,SCE,3.2,308,qnnhmiejcpm
AMA,LIT,3.2,295,ilmskhbjimo
AMA,ORF,3.2,352,xgehdnddoky
JAX,PSC,3.2,408,khjhtokfkgo
EYW,VPS,3.2,335,ktiemeiiijt
GTF,MSY,3.2,346,mhjliqcjlnl
MFE,RNO,3.2,387,vfflnqcjjfn
AVP,EYW,3.2,327,7a7jokyoowj
EWR,MBS,3.2,315,snpphggaimk
EYW,JAN,3.2,374,sjcjiiigaCo
CLT,MOT,3.2,306,olmAhkccgeq
GSO,JAC,3.2,423,owDg5ergnbe
CHO,LIT,3.2,337,cilkjniljmt
CLL,SEA,3.2,388,ilnqso9hekk
ATW,ONT,3.2,346,vtpkjfbcdkn
CVG,ROA,3.2,312,iimpmifofln
JFK,MAF,3.2,334,NzrBmg4546d
FLG,SLC,3.2,310,heokkofmjqi
LGA,PLN,3.2,385,SVxd6g7844j
CLE,LNK,3.2,321,klnehkjkjno
ELP,SBN,3.2,323,kfjfnjgnjms
FWA,MDT,3.2,330,hkAnjd9jmhq
BET,WNA,3.2,104,nmttza45bkw
BNA,HLN,3.2,435,efqkjfIhiif
ART,PHX,3.2,277,xllglcbginr
IDA,JAX,3.2,359,mvwfbfjldgo
ABE,PDX,3.2,422,mrqognggdhk
DFW,LWS,3.2,412,mjorolajgkj
LGA,PVD,3.2,460,yqvjik7cbjo
CLT,TRI,3.2,325,nhrlhiekjjq
JAN,MDT,3.2,349,hkookhbhllr
ILM,SBN,3.2,259,olpplm9eglp
BZN,MAF,3.2,341,Akjgoldmkee
SJC,TLH,3.2,436,ormwklefcdj
BQN,BUF,3.2,245,iqhgklbqmlm
FCA,XNA,3.2,339,tBtk8ahfgfo
ANC,BTV,3.2,542,/Ggg8h95f8g
LAS,TYR,3.2,435,ldklniionkj
EWN,LGA,3.2,306,rsmqnk9dfij
SAT,SCE,3.2,355,qidpmnjckll
DAY,MGM,3.2,329,humaclhjnmr
BOS,ITO,3.2,620,xzsseebbdhf
LAX,SBY,3.2,544,pqllfmbhnhn
GSP,PIA,3.2,284,refpkkeijpk
ALB,FSD,3.2,335,ukjvifhcjbq
SLC,YUM,3.2,376,iaiomskphfm
JAX,MLU,3.2,328,pklo8ggqljn
FSD,MFE,3.2,321,9cggeptEple
ATL,CPR,3.2,338,ijmtmlgjkke
BOI,ROA,3.2,391,qmonikafimk
SJU,SRQ,3.2,423,ec7ejmprusm
COU,MSP,3.2,306,adgdnkclqIl
CLE,SGU,3.2,348,rhptme7brnh
ASE,BHM,3.2,487,mklffpptwc5
GRR,MAF,3.2,355,spklkjeegjn
JAC,OGG,3.2,548,cb9cuxhnBjg
DFW,MVY,3.2,437,//e3110003a
LIT,SBN,3.2,288,jqnkpkdndij
GTF,OKC,3.2,334,lllfkjdjgvp
MHT,ONT,3.2,313,rgptgh9afxo
BTV,TUL,3.2,326,voqGhk899ie
MKE,MRY,3.2,407,qlwjkfgeflm
DEN,VLD,3.2,425,tkmhllbdlfu
FSD,JFK,3.2,330,pnkrqEa7bcj
CRP,SJC,3.2,355,zilgoocgggl
BUR,DRO,3.2,279,pkmpkkdmdgo
BRO,MCI,3.2,282,kggjkkmjnml
DTW,SCE,3.2,286,gfjqojemlnm
ALB,SBN,3.2,319,hnyrmlefcen
MLI,MYR,3.2,236,Dyml9h6eieq
SBA,SNA,3.2,592,mlklfigjsmi
AUS,LYH,3.2,398,bglsjkdehuv
CHA,HPN,3.2,287,rnjrcmggmnd
MLI,TYS,3.2,297,urrkdhbdkll
FLL,MRY,3.2,455,lojijpolfle
ELM,MSP,3.2,390,stnnnfaebko
FAI,OAK,3.2,376,jegeqshtzca
OAJ,SMF,3.2,391,uopmfpebkig
PSC,SGU,3.2,267,frjikefgqkt
COS,MSO,3.2,273,sugphoegifg
EUG,RIC,3.2,412,mllrilcfimn
MBS,MSY,3.2,326,jgcqjmmlkkl
GTF,RDU,3.2,409,umneikbennl
CWA,SMF,3.2,347,uifminckjlm
LRD,SEA,3.2,323,mpjjdqffbuo
LFT,OMA,3.2,287,kmginlfkmkn
ROA,XNA,3.2,304,knhpkiffdou
IAD,LNK,3.2,362,gmmjmmdbjmw
CMI,PHL,3.2,366,hjipmihikno
GNV,TUS,3.2,407,idfjmufoqlh
LRD,SFO,3.2,340,kjhrqrfigig
LYH,SEA,3.2,407,phgnhqbglmr
DEN,TSM,3.2,129,oihhixtzu00
BUR,GJT,3.2,272,rpoqflgdgfo
BZN,GJT,3.2,278,emnmhjftikl
ECP,MLI,3.2,283,ukhfgjhqjjm
DEN,SIT,3.2,441,Z/m6a9324au
FSD,MYR,3.2,267,yoqha87abCA
LAS,TXK,3.2,364,mhplmobjngk
ABE,CMH,3.2,318,hltniidjnim
GRK,SAV,3.2,370,licfkjlklmv
AVP,CVG,3.2,354,noilhiainnp
SAF,SJC,3.2,308,mjcwiqndghm
KTN,SMF,3.2,423,//ja573458a
IAH,YUM,3.2,431,fdenppnhphl
GSP,LFT,3.2,335,swird9hghko
BIL,RIC,3.2,351,uAnmjibb8km
DAB,XNA,3.2,306,mhojkijjkml
ABI,SFO,3.2,420,jghoilhjgrr
AVL,CID,3.2,259,sloogeeadmx
BIL,MSN,3.2,299,ynzfgj9felk
ALB,OGG,3.2,616,fofgjijBeqi
DTW,GTF,3.2,403,xxnliibhfal
HNL,TLH,3.2,844,qsiddDb9enp
BFL,BWI,3.2,420,konmphiajkm
MFE,PBI,3.2,294,bf9mmunlpin
GFK,PHX,3.2,475,hjklmfspjkd
EYW,ROA,3.2,325,k9lfqijugjr
AMA,GEG,3.2,358,rtnlhob9hin
CVG,MRY,3.2,417,lgpndndjqho
DCA,GTF,3.2,457,rmreccghmvl
BHM,SBA,3.2,387,iriumhhdlhk
GRR,HHH,3.2,261,ekrzif6bazs
MKE,TVC,3.2,247,tytpdjdcbji
PVD,TVC,3.2,280,wrCqfh9fddf
MHT,ROA,3.2,315,ovmnpmbfgck
GSP,MAF,3.2,362,hkkpqiahiop
GTR,LGA,3.2,394,nndgjukhigp
MCO,SLN,3.2,233,mhkhmjdiqir
FSD,RAP,3.2,370,uispdhfcfjt
BIS,PNS,3.2,307,hijmhjgkrvc
FAR,PBI,3.2,351,h99jmtrmjrj
PVD,TRI,3.2,326,kupllgf9hlp
ASE,SMF,3.2,323,nmkmeqpqnh2
EWR,LAN,3.2,244,fnimkjklmsc
BDL,MFR,3.2,412,mArrhlae8kj
MRY,SNA,3.2,307,ojdxplg78uo
ABI,IND,3.2,338,qkjpijdenip
TLH,XNA,3.1,368,jhpmbiqmlkk
GSP,LBB,3.1,373,khjnnphelkl
BRO,DSM,3.1,257,vg8agfsMgie
HPN,SJC,3.1,371,Bxpmelbfdfc
DSM,GJT,3.1,245,llmridi9cqw
CHS,MFE,3.1,308,jghkqobkmom
MAF,TUS,3.1,327,kgjjinmjkiq
EUG,ORF,3.1,373,pmlljldcjmp
GFK,SAT,3.1,383,shllbikqkkh
DTW,MBS,3.1,219,ptkmnncdgii
BLI,BOS,3.1,448,tpmofja9lpl
HTS,IAH,3.1,334,dlhskkhlmnj
ACV,IAD,3.1,443,tlpqlh9gehp
PHX,VLD,3.1,482,jdjlminjkpk
MEM,MRY,3.1,388,mekueqfnmjh
BGR,LIT,3.1,326,xoIsca97bdu
MEM,MTJ,3.1,281,qnfkaogwv9d
LBF,PHX,3.1,257,88eefriyous
BIL,JNU,3.1,407,qzjgfgagipo
GEG,JAN,3.1,383,pmnljiefjlo
FCA,LIH,3.1,460,abaghpApBhf
ACV,BNA,3.1,373,qoksqf4gglp
ANC,GPT,3.1,519,htqhejiejhv
MOT,PIT,3.1,296,xplmomcedii
ABE,GRR,3.1,343,jppnlnmgfdi
ABI,BOS,3.1,364,jndsjrfckgs
FLL,SAF,3.1,406,tfpkhngjhmi
OGG,ROC,3.1,722,bjclajoHshg
DAY,SHV,3.1,320,lpooijfgfqg
BMI,TUS,3.1,367,eedkiikwtho
CMH,ROA,3.1,298,okqqiedknme
BGR,SMF,3.1,390,Evwvdd9aack
HOU,SYR,3.1,292,qvhihk68mzj
IND,MLU,3.1,308,omgggmeilpp
ASE,GRR,3.1,388,hmojbmoDoc5
ILM,JAN,3.1,321,rkgsnlkhgid
GNV,MDW,3.1,337,nmhhhhdmqkp
BNA,CLL,3.1,352,fggnrldmomk
ABE,EYW,3.1,300,nnrpihioadk
ATW,GRR,3.1,288,egfqltpglki
HDN,PBI,3.1,405,10038CMH/a0
AMA,DSM,3.1,318,nkwlihffjjk
BGR,XNA,3.1,296,ywFDac4678r
CRP,GSP,3.1,360,nnojfrdjkkj
FAY,PIT,3.1,317,mlqjfnehmlk
EAR,PHX,3.1,279,dbdjjqupnlj
LFT,XNA,3.1,305,hjqtgggjirh
RST,SFO,3.1,372,oikneeolcqo
GSO,MLI,3.1,266,rlslfeajnhp
LIT,MOB,3.1,326,jpqqijfkglf
LGA,MQT,3.1,315,pIphceeacom
ACY,CHS,3.1,150,ib8d757648/
ESC,MSP,3.1,150,oxnnknebaik
ABI,PHL,3.1,396,sinjpm9khfm
ELP,MHT,3.1,315,orlogpcaanr
ICT,ROC,3.1,300,nrqpjh8afku
LCH,TPA,3.1,297,flfmishkmni
CAE,RDU,3.1,354,ndkoggeorqi
LYH,RSW,3.1,310,e9aljmjkrzp
ABQ,ISP,3.1,306,pnnvcre78sn
AVL,MLB,3.1,335,sposhgchjdl
HSV,SBN,3.1,293,ojetknckhll
ABQ,MGM,3.1,327,ifkojjilogq
FSD,LIT,3.1,325,bqpspjedijm
ONT,RDD,3.1,285,ekfaihqxwhj
CHS,TLH,3.1,344,fjmqjgisjki
EYW,TVC,3.1,392,4728smDJvnc
EYW,ICT,3.1,360,ng9jgpCghho
ORD,RDD,3.1,376,jrecnmiliis
EGE,SAV,3.1,450,9d8bcplNDjc
EGE,GSP,3.1,381,g9bb3uxWw88
BNA,MHK,3.1,313,noglhn7rkok
AEX,STL,3.1,316,khljhmdnqqh
CHO,TUS,3.1,390,jjdghlklmvl
ANC,ECP,3.1,583,Aqideicemhu
ROA,SDF,3.1,315,qompfc9skmh
DFW,TWF,3.1,414,mhismekkgjn
BTV,BUF,3.1,294,upxqghabkfh
ATL,TYR,3.1,303,smlskmgddhk
OAJ,OKC,3.1,314,mmqmdmafjrl
AMA,RIC,3.1,369,pkgrioddfgv
FAI,KAL,3.1,389,qhkhlokgjnh
MEM,RDM,3.1,404,rpmojgdingh
HDN,MEM,3.1,309,a5783JHxT65
CLE,HPN,3.1,232,ngppjngcngm
ALB,RAP,3.1,319,wHLjf6352cz
ROA,SJC,3.1,394,nlrfmkiniek
BLI,SJC,3.1,325,mhminlgmcql
CPR,TUS,3.1,276,bfikgmixomk
HNL,SRQ,3.1,881,igdhionjjnt
SBA,SYR,3.1,390,vosk6kcjhml
DTW,JNU,3.1,480,/Jqc6d334am
LAS,PHF,3.1,449,nlniijpljfj
GRK,ORF,3.1,429,lkimlxbciir
AEX,ANC,3.1,619,mmljfilmhrg
OKC,SAF,3.1,318,onlveeeggui
GLV,OME,3.1,197,rfmkklmbmin
ICT,SBN,3.1,274,nmmmllffkmh
BDL,DLH,3.1,317,qtkshdfgjfl
HSV,LIT,3.1,362,ongmhgilkoi
FAR,GSP,3.1,319,piglqlcljgo
BFL,ICT,3.1,319,jnjrmjgbkgt
FLG,IAH,3.1,345,i8hnrhejpsn
SBN,XNA,3.1,305,ijCpcfcihno
AUS,MLU,3.1,328,jilhsjcmjqj
LIT,SBA,3.1,364,wkdlgrciikn
BTV,COS,3.1,334,wAvsedab9ij
DSM,MFR,3.1,317,Drmlle9cais
GCK,MCO,3.1,325,mdekeuirgmn
CLL,LAX,3.1,402,hdmipinkfks
ECP,MSY,3.1,339,kkjolgfglsi
GRB,XNA,3.1,336,ljqrgfjgglm
GRK,ONT,3.1,346,mjmujibjojg
SJU,TRI,3.1,398,kfcchqoxpel
COU,DTW,3.1,306,9cjijmgoqqt
HNL,TVC,3.1,713,shjedjmBr8h
IAH,JNU,3.1,551,KEkbbdccbfu
AUS,RDD,3.1,295,ihc6joknrvo
BUF,GPT,3.1,276,lotqpgdgbil
AVP,OMA,3.1,292,qouleg9amop
ACY,LAX,3.1,317,qudjllgpmfb
COD,PHX,3.1,330,nkrcsfihgqg
CAE,HPN,3.1,308,djgmiAefjrk
CHS,SBY,3.1,321,yAikecchmjh
MCO,SWO,3.1,296,hfdnhotxjgf
BUR,KOA,3.1,320,zoqklgdefkf
TUL,TVC,3.1,276,LEqqfa5b8cj
AGS,PNS,3.1,297,inpheihimon
SAF,TUS,3.1,271,ddejlqlovki
PHF,STL,3.1,297,wsdqemcgjgl
ELP,YUM,3.1,425,gofkijiprlh
CLL,PHX,3.1,405,efjpsldkkmo
ACK,DEN,3.1,484,//t7331011h
ASE,OKC,3.1,378,mrlr9orrgd8
RNO,SBN,3.1,384,lhdbkhdkkAx
BTR,ILM,3.1,274,kjonilmglgj
AVP,OKC,3.1,378,jkllhrbimpk
FLL,SGU,3.1,434,ahfiiuspllh
MSP,YUM,3.1,426,baemonuptgf
CVG,TYS,3.1,315,krmnjg9imol
DFW,KTN,3.1,541,/Nj8cg6538r
GRK,PHX,3.1,392,cefnllkirmq
GRR,SBP,3.1,323,tqfmkpcjgjg
FNT,SAT,3.1,259,rgpjgjfmmik
DSM,FWA,3.1,278,lpqojffelim
MCO,PQI,3.1,258,danekeipvBg
IND,LRD,3.1,336,oqhlmkgbkqi
AVP,SMF,3.1,393,qsoljhfednj
DCA,VLD,3.1,341,ohnkghhimqj
CWA,MIA,3.1,332,dbeclrzAped
DSM,JAC,3.1,331,xFufagam84w
TLH,TUS,3.1,411,gchevllnloj
GSP,MOB,3.1,355,njnpfifimpj
FAI,MFR,3.1,387,wAshiicbicj
FNT,SFO,3.1,319,psmtdjgcegr
HPN,ONT,3.0,349,qrkonlcggfk
FCA,PNS,3.0,404,Cxrhbb9bjsh
ATW,FAT,3.0,390,luhiifemekv
ELM,FLL,3.0,314,qnglhhikelr
BUR,FAI,3.0,389,kes7ioiiHhe
ECP,OAK,3.0,304,Dlcfgm88cIo
DCA,SJT,3.0,498,xhmlhldcjlo
CHS,MLB,3.0,338,jkotmchlkij
AVP,DTW,3.0,303,ioskmjfchkp
JAX,LYH,3.0,294,dggrjnbsgwj
CVG,MGM,3.0,321,ionkfkdlkiq
JAN,PWM,3.0,353,xrEFec799ch
CKB,VPS,3.0,76,//331111000
ICT,JAN,3.0,318,jkhsmmgfioj
PGV,TPA,3.0,246,omgkknlmnhd
CRW,MEM,3.0,324,kqqmqgakiji
GJT,HNL,3.0,609,lgebmujelqp
ATL,FNT,3.0,242,ulnlloeefgj
BOI,IDA,3.0,382,gnohlfkjpjl
AEX,MAF,3.0,390,ljkkllkjhll
GPT,MSY,3.0,496,hibjkocupnl
LSE,PHX,3.0,409,jljpmklhlii
GEG,RDD,3.0,269,nsaalljkrin
MRY,XNA,3.0,377,ihmokoaggtn
EWR,MLU,3.0,355,tpnmmpbbhco
COU,SEA,3.0,419,pigfgnaekxu
ABQ,GJT,3.0,267,ejhlfmnisio
PSP,RAP,3.0,306,bghgogktpug
CLL,SFO,3.0,378,lhlsinbjnep
BET,MYU,3.0,427,gmnrigmilhk
GGG,SEA,3.0,313,iupjdlckhgt
ITH,SAN,3.0,403,ilhvgpjejpe
DRO,XNA,3.0,268,pigtileslgf
GPT,OAJ,3.0,288,hasQfb6fanw
RAP,SYR,3.0,320,CLDlb9675ep
CHO,ECP,3.0,303,lqrhiodggqf
FSM,SAT,3.0,332,hiinepioglq
DAB,SNA,3.0,474,kiujjmnlhfh
CRP,HNL,3.0,622,pjidevjjohl
BOS,MHK,3.0,337,smiiwq9ahgo
BIL,LIH,3.0,526,gicmdfutufm
ABQ,GNV,3.0,380,mjrvhgbekkn
SHV,SRQ,3.0,314,rlgmindlogj
DAY,PSP,3.0,343,9adiuqlvmni
PHX,SBY,3.0,489,tmfkkkclsfi
JST,MCO,3.0,252,d9buvhiheAn
GPT,GSO,3.0,296,inhnkjergmj
MKE,SAF,3.0,308,hpwshbednng
BNA,BRO,3.0,238,kqjlhplfkik
PIT,SGU,3.0,347,lnloiqdckkm
CPR,PIT,3.0,326,urqolgaa8lq
GJT,ORF,3.0,347,Ekmsdkabiil
JFK,LFT,3.0,331,injnlsgjjgj
CID,XNA,3.0,293,fnkshdhnnjk
GNV,MDT,3.0,372,eegtlhbmqqn
AMA,TUS,3.0,303,grdnpkiglmk
OAJ,PDX,3.0,380,ovnggpdcfnn
BUR,LIH,3.0,322,yxsgakcedjk
DTW,GFK,3.0,387,onmpjkigifk
CLL,ORD,3.0,391,kjrrkedikqf
GNV,XNA,3.0,349,ikhpgkfnlpl
MEM,OAJ,3.0,296,klrhhjbjmop
SGU,XNA,3.0,322,fjlshmdglhu
TLH,TUL,3.0,331,kjnmnp9gmjn
AGS,ATW,3.0,364,rjljjffjgsn
GRB,PWM,3.0,352,wqylgc9abju
FLL,SBY,3.0,387,lhdelmltpmf
DAY,JAN,3.0,313,jmjmppbignk
LAN,SLC,3.0,381,fldpjkffjoz
BUR,SBA,3.0,720,pkhiiodnmjl
LNK,TUS,3.0,311,aeghiplwrqe
BFL,CLE,3.0,353,vjlsjideeqg
AEX,BOS,3.0,351,inlokkghhpl
LGA,VLD,3.0,336,hhinotgcnmj
ASE,SLC,3.0,388,poge5kwHs93
CLD,MIA,3.0,296,wqk9gnppcgh
IND,LYH,3.0,298,fhosigeelpr
